{
"type": "FeatureCollection",
"crs": { "type": "name", "properties": { "name": "urn:ogc:def:crs:OGC:1.3:CRS84" } },
                                                                                                                                  
"features": [
{ "type": "Feature", "properties": { "OBJECTID": 1, "MapClass": "Blue Ridge", "Shape_Leng": 1.854384, "Shape_Area": 0.004083 }, "geometry": { "type": "MultiPolygon", "coordinates": [ [ [ [ -77.535937583152929, 39.273655714839435 ], [ -77.53676621758683, 39.271532650211668 ], [ -77.543497380499673, 39.273690036565995 ], [ -77.5428010974926, 39.274035637934389 ], [ -77.535937583152929, 39.273655714839435 ] ] ], [ [ [ -77.543188324881271, 39.274144278735548 ], [ -77.543763180526298, 39.273873754570161 ], [ -77.544432756366575, 39.274423159401351 ], [ -77.547302592840367, 39.280000011891104 ], [ -77.550147517194148, 39.282151629094471 ], [ -77.549485840099408, 39.284194140547186 ], [ -77.547188159505936, 39.281037302529512 ], [ -77.544592576686, 39.275155317264137 ], [ -77.543188324881271, 39.274144278735548 ] ] ], [ [ [ -77.543954011268568, 39.283945486095377 ], [ -77.543000867496005, 39.282828427390086 ], [ -77.541685879699571, 39.283711076005432 ], [ -77.538944503286132, 39.280602853538937 ], [ -77.540497523641761, 39.279041190698422 ], [ -77.540916598721992, 39.276424452226763 ], [ -77.542820878081045, 39.274334184974691 ], [ -77.544210347729347, 39.275307987973292 ], [ -77.547351240767114, 39.281819742387256 ], [ -77.549342873075091, 39.284635444170476 ], [ -77.548484101460076, 39.287286161727025 ], [ -77.546227106195943, 39.286633574080213 ], [ -77.543954011268568, 39.283945486095377 ] ] ], [ [ [ -77.769755827469396, 39.299414341498732 ], [ -77.769688071647124, 39.299866430691281 ], [ -77.769399845226644, 39.300230091345668 ], [ -77.769447209820839, 39.300030335731435 ], [ -77.769755827469396, 39.299414341498732 ] ] ], [ [ [ -77.7692570274898, 39.300288366514962 ], [ -77.769340117652291, 39.300358261824385 ], [ -77.76924499276214, 39.300488650031241 ], [ -77.769172092817769, 39.300435384085745 ], [ -77.7692570274898, 39.300288366514962 ] ] ], [ [ [ -77.769035474107795, 39.300101062913768 ], [ -77.769064208346492, 39.300225066833434 ], [ -77.768745262883556, 39.300687124111562 ], [ -77.768863024608834, 39.300356612467738 ], [ -77.769035474107795, 39.300101062913768 ] ] ], [ [ [ -77.769215436543107, 39.300540383531938 ], [ -77.769250220521201, 39.300562872878345 ], [ -77.769157601142354, 39.300877284858871 ], [ -77.769026204795466, 39.300759982687111 ], [ -77.769215436543107, 39.300540383531938 ] ] ], [ [ [ -77.769345403867248, 39.300715332246853 ], [ -77.769410421253895, 39.300801433339529 ], [ -77.769203525022647, 39.30102076899334 ], [ -77.769290773650255, 39.300780419780608 ], [ -77.769345403867248, 39.300715332246853 ] ] ], [ [ [ -77.768235100869163, 39.301448385834419 ], [ -77.768317646941796, 39.301540243487523 ], [ -77.768173805776485, 39.301639694116659 ], [ -77.768198136035096, 39.301513737768857 ], [ -77.768235100869163, 39.301448385834419 ] ] ], [ [ [ -77.768961064201733, 39.301818993751624 ], [ -77.769139305334647, 39.30133011419349 ], [ -77.769199230759853, 39.301336502977279 ], [ -77.769185086222706, 39.301621883942857 ], [ -77.768961064201733, 39.301818993751624 ] ] ], [ [ [ -77.768987831623065, 39.301879807706996 ], [ -77.769028050204327, 39.301968284808538 ], [ -77.768881893284686, 39.302161067978943 ], [ -77.768922873591691, 39.301933757137249 ], [ -77.768987831623065, 39.301879807706996 ] ] ], [ [ [ -77.76631642606219, 39.303135932177554 ], [ -77.766866599813682, 39.302899779201482 ], [ -77.767323602901911, 39.302857199000584 ], [ -77.767108741375296, 39.303112110035897 ], [ -77.76631642606219, 39.303135932177554 ] ] ], [ [ [ -77.767223972408374, 39.303168758331594 ], [ -77.767881177174559, 39.302607421295534 ], [ -77.768979185540957, 39.300803215795838 ], [ -77.768067871934704, 39.302917779132258 ], [ -77.767223972408374, 39.303168758331594 ] ] ], [ [ [ -77.765946931505653, 39.303212773850476 ], [ -77.766063389214025, 39.303220011594306 ], [ -77.765535500662793, 39.303412558242997 ], [ -77.765640282473043, 39.303320763542445 ], [ -77.765946931505653, 39.303212773850476 ] ] ], [ [ [ -77.759659173931709, 39.305477188521479 ], [ -77.760111850381577, 39.305041881577608 ], [ -77.759076772974652, 39.305586502015501 ], [ -77.759803003405864, 39.30481205443283 ], [ -77.760364969068007, 39.304955069121206 ], [ -77.759659173931709, 39.305477188521479 ] ] ], [ [ [ -77.759533586305906, 39.304843698877676 ], [ -77.759582614645922, 39.305003708954075 ], [ -77.758728799194671, 39.3056499150116 ], [ -77.758667692959648, 39.305407338178156 ], [ -77.759533586305906, 39.304843698877676 ] ] ], [ [ [ -77.757632932114063, 39.305655375695096 ], [ -77.757731218121194, 39.305824367300772 ], [ -77.757620383873586, 39.305874873226855 ], [ -77.757563607874147, 39.30574220523863 ], [ -77.757632932114063, 39.305655375695096 ] ] ], [ [ [ -77.757869369275909, 39.306095565058342 ], [ -77.758060412258203, 39.30623025562187 ], [ -77.757780292326572, 39.306407276374784 ], [ -77.757765776369467, 39.306280738165583 ], [ -77.757869369275909, 39.306095565058342 ] ] ], [ [ [ -77.760180949790936, 39.306240212915554 ], [ -77.761441607743961, 39.304869656909204 ], [ -77.759544826932199, 39.304676355729271 ], [ -77.759140916220247, 39.304857010642593 ], [ -77.758568555294573, 39.305414084892163 ], [ -77.758162086011396, 39.306121943972585 ], [ -77.758116979614897, 39.304388485440313 ], [ -77.767087258370225, 39.303265568551183 ], [ -77.766896915060556, 39.303722460123481 ], [ -77.765215777286244, 39.304473240247887 ], [ -77.764538803622827, 39.305259444667684 ], [ -77.767698156144945, 39.303288452699974 ], [ -77.766590749863155, 39.304471893063464 ], [ -77.764642261631025, 39.305505398455409 ], [ -77.763768704262247, 39.305668033652864 ], [ -77.761579131171914, 39.304882708770037 ], [ -77.759970174783689, 39.306613254398201 ], [ -77.760180949790936, 39.306240212915554 ] ] ], [ [ [ -77.757643978486783, 39.306770452294586 ], [ -77.757691839506776, 39.306977129990628 ], [ -77.757409552209026, 39.307099194971897 ], [ -77.757461622955475, 39.306995629045105 ], [ -77.757643978486783, 39.306770452294586 ] ] ], [ [ [ -77.758225838051942, 39.307391595146044 ], [ -77.757843243970513, 39.307567072662323 ], [ -77.758832318356781, 39.306175975241104 ], [ -77.760164520076501, 39.305764893335208 ], [ -77.757840269013172, 39.307827905733291 ], [ -77.758225838051942, 39.307391595146044 ] ] ], [ [ [ -77.757773152608877, 39.308392587348067 ], [ -77.757392419224743, 39.309059640590021 ], [ -77.756430813731015, 39.309772858730526 ], [ -77.757268017804734, 39.308662330002562 ], [ -77.757773152608877, 39.308392587348067 ] ] ], [ [ [ -77.756207589408689, 39.310077054412602 ], [ -77.756269683998653, 39.310138403464578 ], [ -77.75594583633125, 39.310366937384288 ], [ -77.756053590400825, 39.310157113859759 ], [ -77.756207589408689, 39.310077054412602 ] ] ], [ [ [ -77.755415808292867, 39.31092463486408 ], [ -77.755497181649559, 39.311063167331383 ], [ -77.755192232335617, 39.31124255330127 ], [ -77.755261807486363, 39.311004694311237 ], [ -77.755415808292867, 39.31092463486408 ] ] ], [ [ [ -77.756302869881495, 39.311215368594446 ], [ -77.756342666680666, 39.311320321275844 ], [ -77.75597476572284, 39.311614095614061 ], [ -77.756089656812151, 39.311401633478681 ], [ -77.756302869881495, 39.311215368594446 ] ] ], [ [ [ -77.754834309355829, 39.311561191196063 ], [ -77.754935753781979, 39.311603912590556 ], [ -77.754713651813518, 39.311721389230797 ], [ -77.754690907059683, 39.311641409823267 ], [ -77.754834309355829, 39.311561191196063 ] ] ], [ [ [ -77.752742407136338, 39.312095296760617 ], [ -77.752894421340443, 39.312094847099559 ], [ -77.753090625531911, 39.312023666658945 ], [ -77.752906014500923, 39.31219662697282 ], [ -77.752742407136338, 39.312095296760617 ] ] ], [ [ [ -77.753796391889921, 39.311789923865945 ], [ -77.753753225331025, 39.312102325861702 ], [ -77.753648278045546, 39.312199600131521 ], [ -77.753741463997301, 39.311865985826614 ], [ -77.753796391889921, 39.311789923865945 ] ] ], [ [ [ -77.754673272253683, 39.311781194146818 ], [ -77.754708710038926, 39.311919033236848 ], [ -77.754155708818871, 39.312404981005102 ], [ -77.754323303777426, 39.312064250364926 ], [ -77.754673272253683, 39.311781194146818 ] ] ], [ [ [ -77.753220848263481, 39.312187652638102 ], [ -77.752971561588254, 39.312543624089017 ], [ -77.752598331247953, 39.312625859895547 ], [ -77.752865798617677, 39.312390992050723 ], [ -77.753220848263481, 39.312187652638102 ] ] ], [ [ [ -77.755943268766828, 39.311176993623405 ], [ -77.757180461608982, 39.309762190972378 ], [ -77.756775708232283, 39.31082431548981 ], [ -77.754534626471809, 39.312660594410943 ], [ -77.755943268766828, 39.311176993623405 ] ] ], [ [ [ -77.753375927357126, 39.312912215726215 ], [ -77.753552138720181, 39.312651253152865 ], [ -77.753195487381788, 39.313483421922456 ], [ -77.752855968128415, 39.313772124084323 ], [ -77.753375927357126, 39.312912215726215 ] ] ], [ [ [ -77.75273318189079, 39.313734570194299 ], [ -77.752798673220127, 39.313801465365373 ], [ -77.752155390858547, 39.314080083429133 ], [ -77.752465749594649, 39.313826641886067 ], [ -77.75273318189079, 39.313734570194299 ] ] ], [ [ [ -77.751799720680538, 39.314731021719354 ], [ -77.752409805468119, 39.314366775606288 ], [ -77.752740364776002, 39.314294880204613 ], [ -77.751378526797509, 39.315175012516875 ], [ -77.751799720680538, 39.314731021719354 ] ] ], [ [ [ -77.750191182477067, 39.3151570530556 ], [ -77.749960065704443, 39.315351274241948 ], [ -77.751399184224908, 39.313362907372323 ], [ -77.75148294438236, 39.313688212840816 ], [ -77.752281212308048, 39.313008266018699 ], [ -77.752820693120441, 39.313063101281159 ], [ -77.752432624865719, 39.313455420631215 ], [ -77.752987560527458, 39.313175466174869 ], [ -77.750530885192177, 39.315425817247728 ], [ -77.750191182477067, 39.3151570530556 ] ] ], [ [ [ -77.762520773514836, 39.318314208533934 ], [ -77.763302220521041, 39.318175739019182 ], [ -77.762097130777931, 39.318840043033617 ], [ -77.761885165967612, 39.318444997838412 ], [ -77.762520773514836, 39.318314208533934 ] ] ], [ [ [ -77.740720621659307, 39.319503283150027 ], [ -77.736205394563285, 39.319433803327399 ], [ -77.736179546249048, 39.319173372253374 ], [ -77.739329413621476, 39.318851594825276 ], [ -77.741004855089955, 39.319364140043092 ], [ -77.740720621659307, 39.319503283150027 ] ] ], [ [ [ -77.749258068405084, 39.320347643129253 ], [ -77.751028584401638, 39.319944238735673 ], [ -77.751482750128787, 39.319726274547975 ], [ -77.749963314055663, 39.320800021903551 ], [ -77.748469503264914, 39.320726104825951 ], [ -77.749258068405084, 39.320347643129253 ] ] ], [ [ [ -77.742945889741009, 39.320679627862603 ], [ -77.742684229293729, 39.320397467369276 ], [ -77.745853627243036, 39.320078262901575 ], [ -77.748441135949633, 39.317558109818947 ], [ -77.749259533400732, 39.317488114684807 ], [ -77.748638511957722, 39.317300219329695 ], [ -77.749532012692214, 39.31677276335239 ], [ -77.749491624139125, 39.317255463668744 ], [ -77.750984797310537, 39.315792420483888 ], [ -77.752757736979959, 39.314871820478174 ], [ -77.756939180698566, 39.31093113156652 ], [ -77.758206039477102, 39.308184915001902 ], [ -77.75916900114845, 39.307273986305461 ], [ -77.760320360895889, 39.306744843200022 ], [ -77.761350228530205, 39.306551631052969 ], [ -77.76232704785491, 39.306643205419618 ], [ -77.764248452104368, 39.307127912123519 ], [ -77.765169365074087, 39.307193907972533 ], [ -77.766511140077, 39.306722183881732 ], [ -77.76668235480679, 39.307032423007968 ], [ -77.765694226507321, 39.307246357333554 ], [ -77.764190356799475, 39.30716372132872 ], [ -77.761773986380319, 39.306612532242639 ], [ -77.760744687117551, 39.306694311193553 ], [ -77.759554786923843, 39.307162693403654 ], [ -77.75859837411565, 39.308012166028675 ], [ -77.756689402094196, 39.311470356072107 ], [ -77.753099455975075, 39.314785430703125 ], [ -77.74579735486401, 39.320263352371853 ], [ -77.744123505195546, 39.320851541365585 ], [ -77.742945889741009, 39.320679627862603 ] ] ], [ [ [ -77.724630671967873, 39.320485660285044 ], [ -77.719628526735107, 39.320929503593788 ], [ -77.719687006050435, 39.320621770878063 ], [ -77.71770866931962, 39.320182826176563 ], [ -77.716459796082688, 39.318557104626734 ], [ -77.719795849199045, 39.318745785989279 ], [ -77.721449776186205, 39.316784279171202 ], [ -77.72499553951252, 39.316463979329228 ], [ -77.733422178990338, 39.31181643048393 ], [ -77.737872555973638, 39.305571863750572 ], [ -77.740029508854718, 39.305602121440813 ], [ -77.742113928714787, 39.306547191100037 ], [ -77.742662292131058, 39.302959568829067 ], [ -77.744751254466792, 39.301483955819947 ], [ -77.744706077923126, 39.30065493018094 ], [ -77.747312228676378, 39.298709284705751 ], [ -77.749856065405083, 39.295881075151556 ], [ -77.754266367698676, 39.287745271027461 ], [ -77.755091957927505, 39.28246305622514 ], [ -77.754558430627014, 39.278411318127894 ], [ -77.754995912131619, 39.277414361183901 ], [ -77.756862113295881, 39.277678130541346 ], [ -77.75833863012366, 39.279780276038935 ], [ -77.758380656342183, 39.281349855611381 ], [ -77.757721100748142, 39.281502680104666 ], [ -77.75812763927911, 39.282512207772243 ], [ -77.75925207152585, 39.283106773858606 ], [ -77.759311045468337, 39.283805709865646 ], [ -77.758630244290316, 39.283610306070841 ], [ -77.758484906653109, 39.284280176888728 ], [ -77.755798963551285, 39.283895439722812 ], [ -77.755652088073361, 39.286242332117979 ], [ -77.75607756452797, 39.286295718572603 ], [ -77.756231057217462, 39.288660520067026 ], [ -77.754408318489084, 39.292645121974829 ], [ -77.756470338035626, 39.293214695901554 ], [ -77.75471761152852, 39.295995559747325 ], [ -77.753846216129944, 39.296012224184835 ], [ -77.753187131780692, 39.296737339456683 ], [ -77.753589570302381, 39.29785172088026 ], [ -77.752453249018174, 39.297885291672912 ], [ -77.751081595838912, 39.299635420038669 ], [ -77.751360079004428, 39.299982409060988 ], [ -77.748984583671586, 39.300560285528832 ], [ -77.748725686840942, 39.301069951117427 ], [ -77.749155103225405, 39.301360754994903 ], [ -77.75002041740828, 39.300964153972586 ], [ -77.750452543450081, 39.302144320803791 ], [ -77.751168441570258, 39.302412711777265 ], [ -77.750692619268932, 39.303027306664944 ], [ -77.751515061870577, 39.303265672872556 ], [ -77.75036812049234, 39.305293604516294 ], [ -77.749291401776759, 39.304458770156145 ], [ -77.749744808476066, 39.303963717651527 ], [ -77.748965388541819, 39.304090504972862 ], [ -77.747014853452697, 39.309058900447951 ], [ -77.74748352794245, 39.309192608951776 ], [ -77.750095901104942, 39.306686398058901 ], [ -77.753827368138502, 39.307740032976199 ], [ -77.758364151084663, 39.302596553887895 ], [ -77.760152676904454, 39.301998416593676 ], [ -77.764287909859092, 39.30093663741593 ], [ -77.767461084061722, 39.302444600837703 ], [ -77.76542578157455, 39.303276355019818 ], [ -77.765069137430714, 39.303262765364366 ], [ -77.765188557505894, 39.302866375682754 ], [ -77.764650107316584, 39.3033416053309 ], [ -77.763024456813184, 39.303190875358666 ], [ -77.758162038347336, 39.303999220187904 ], [ -77.757568036135922, 39.304715236119307 ], [ -77.757462832543638, 39.306097677565845 ], [ -77.756073467216709, 39.307663968317513 ], [ -77.756550479321106, 39.307954008670606 ], [ -77.756346187526503, 39.307500570494994 ], [ -77.757602794033687, 39.306154708972713 ], [ -77.757176898495004, 39.307073720775634 ], [ -77.757412506481955, 39.307264005629406 ], [ -77.753947624583191, 39.311396771743659 ], [ -77.751983480053525, 39.311910823325888 ], [ -77.747946613145643, 39.316133640355247 ], [ -77.743692595037203, 39.318504828834818 ], [ -77.742588669131749, 39.31860135486869 ], [ -77.742745643996216, 39.318901896605269 ], [ -77.741703556373977, 39.319499003276405 ], [ -77.739369885811527, 39.318408506947094 ], [ -77.733927874971414, 39.318729658447012 ], [ -77.735480652510091, 39.318107391442993 ], [ -77.735997346300451, 39.317647349545609 ], [ -77.737843937747471, 39.317544716215707 ], [ -77.739099754649942, 39.316981488804743 ], [ -77.739929037495074, 39.315181679191198 ], [ -77.743908823533332, 39.313473941269422 ], [ -77.746550734928462, 39.310862705749344 ], [ -77.746940944468975, 39.309446962407435 ], [ -77.74218476921169, 39.31417529105687 ], [ -77.739822878822736, 39.315114677000793 ], [ -77.738574476830593, 39.317157392599654 ], [ -77.735974149187598, 39.317524395134797 ], [ -77.727434876818052, 39.320943170590908 ], [ -77.724630671967873, 39.320485660285044 ] ] ], [ [ [ -77.74415285367121, 39.320929220307335 ], [ -77.745141331806963, 39.320761358250138 ], [ -77.747215021855709, 39.319450434490022 ], [ -77.754125041037753, 39.314034728819706 ], [ -77.7567804935249, 39.311508916303524 ], [ -77.758693784990157, 39.308025045219722 ], [ -77.759627186845137, 39.307212412422928 ], [ -77.761775602462023, 39.306695511788519 ], [ -77.764584519759751, 39.307304081218433 ], [ -77.765707030155284, 39.307323783565835 ], [ -77.766722239739522, 39.307104693426936 ], [ -77.76733169859898, 39.307704999885914 ], [ -77.766212775599058, 39.310079630970222 ], [ -77.764987440318066, 39.310327900512277 ], [ -77.765340159820482, 39.311302971554937 ], [ -77.763592590025951, 39.310648244420975 ], [ -77.761857990253986, 39.313494517757817 ], [ -77.76300486778041, 39.314993785634726 ], [ -77.761900956264071, 39.315954383887743 ], [ -77.760616488759922, 39.315099514431097 ], [ -77.760885781753359, 39.315405265041022 ], [ -77.759411161595779, 39.316335947346147 ], [ -77.760860221222174, 39.317136934821747 ], [ -77.759578349161472, 39.318219634028935 ], [ -77.75817539687705, 39.318389064503776 ], [ -77.75643431928836, 39.316898084778813 ], [ -77.757278569550294, 39.317696082008638 ], [ -77.755828945149688, 39.317259212942361 ], [ -77.755086755349453, 39.317701334948708 ], [ -77.754290515394928, 39.316970410056456 ], [ -77.752917972786179, 39.316763877151288 ], [ -77.75070698683794, 39.318060106888481 ], [ -77.751230834735225, 39.318317485663499 ], [ -77.750177332917531, 39.318955284858589 ], [ -77.750897528897781, 39.319380670481621 ], [ -77.747110989180783, 39.320968042241418 ], [ -77.746610637870617, 39.320470347528556 ], [ -77.744680855537013, 39.32129692071635 ], [ -77.743588390591697, 39.321000374667619 ], [ -77.74415285367121, 39.320929220307335 ] ] ], [ [ [ -77.710270731908736, 39.32102226956215 ], [ -77.71220422034844, 39.319960764677603 ], [ -77.713979722186366, 39.319660584468465 ], [ -77.716304870773115, 39.320003655144603 ], [ -77.717766841066805, 39.321058976290772 ], [ -77.715917096596684, 39.32077287496827 ], [ -77.70999587211179, 39.321487218160655 ], [ -77.710270731908736, 39.32102226956215 ] ] ], [ [ [ -77.72931476926118, 39.323123531925489 ], [ -77.728333770786833, 39.322944613603113 ], [ -77.730159703907191, 39.321626969209319 ], [ -77.733968268021101, 39.320754237418157 ], [ -77.739874783194637, 39.321080406235808 ], [ -77.742257732108612, 39.320531715466359 ], [ -77.742807830317076, 39.320988777909804 ], [ -77.733870789605191, 39.321532446864978 ], [ -77.73072327845648, 39.32203230894396 ], [ -77.729271161135159, 39.32274301078138 ], [ -77.731431083577604, 39.321973281941439 ], [ -77.742706889511282, 39.321075245925897 ], [ -77.743929622154326, 39.321662432175572 ], [ -77.738833513056136, 39.322498253991284 ], [ -77.732663539690577, 39.321992309797338 ], [ -77.731088469757026, 39.322264939275556 ], [ -77.72931476926118, 39.323123531925489 ] ] ], [ [ [ -77.728128491536609, 39.323092505314946 ], [ -77.728251211224404, 39.323132830016164 ], [ -77.72829706585685, 39.323276329439125 ], [ -77.728120565811423, 39.323265388287098 ], [ -77.728128491536609, 39.323092505314946 ] ] ], [ [ [ -77.731305450985758, 39.322881823837179 ], [ -77.731743185199775, 39.323078485783526 ], [ -77.731280610811496, 39.323386967634519 ], [ -77.730979642796228, 39.323009684949056 ], [ -77.731305450985758, 39.322881823837179 ] ] ], [ [ [ -77.727681841443768, 39.323277891561474 ], [ -77.727843158235146, 39.323329792336096 ], [ -77.727838905341173, 39.323497239805818 ], [ -77.727668798576133, 39.323373805157019 ], [ -77.727681841443768, 39.323277891561474 ] ] ], [ [ [ -77.729925019523989, 39.323203574285571 ], [ -77.730230833086466, 39.322973623933649 ], [ -77.730677063195856, 39.323331787032373 ], [ -77.730453808296602, 39.323541700489159 ], [ -77.729925019523989, 39.323203574285571 ] ] ], [ [ [ -77.727263878824886, 39.32344723929873 ], [ -77.727414594407946, 39.323498978195346 ], [ -77.727460725132346, 39.323631496896098 ], [ -77.727281319377369, 39.323595795609549 ], [ -77.727263878824886, 39.32344723929873 ] ] ], [ [ [ -77.726796297910766, 39.323621317469872 ], [ -77.726992260184602, 39.323701210542481 ], [ -77.727035135363167, 39.323822696360423 ], [ -77.726838475215402, 39.323770252395263 ], [ -77.726796297910766, 39.323621317469872 ] ] ], [ [ [ -77.726449645234879, 39.323767039117627 ], [ -77.726547695619615, 39.32380424227199 ], [ -77.726647478997904, 39.324058413165289 ], [ -77.726319203968046, 39.323891360497953 ], [ -77.726449645234879, 39.323767039117627 ] ] ], [ [ [ -77.739379390746251, 39.324060456425002 ], [ -77.739454217038428, 39.32368885655552 ], [ -77.739845762971527, 39.323734678812457 ], [ -77.73977093488071, 39.324106275983922 ], [ -77.739379390746251, 39.324060456425002 ] ] ], [ [ [ -77.67641654039096, 39.324615007176874 ], [ -77.674889216364193, 39.324206466755072 ], [ -77.672723326919936, 39.322666764459655 ], [ -77.673095576099911, 39.321941703147161 ], [ -77.674290238203866, 39.322889173096939 ], [ -77.676002363917917, 39.321191706332229 ], [ -77.678761510934919, 39.322452383171026 ], [ -77.680205073005652, 39.321846038663807 ], [ -77.684534571213476, 39.316141432081452 ], [ -77.689233592756068, 39.312006123583785 ], [ -77.691990629064264, 39.310689800294085 ], [ -77.693550083169782, 39.309224330738346 ], [ -77.698003872180891, 39.312572754029418 ], [ -77.700384486454823, 39.315272274196161 ], [ -77.701507361975132, 39.315259691781421 ], [ -77.701304394881902, 39.316426044126672 ], [ -77.699811583237931, 39.317897359275776 ], [ -77.703043246648463, 39.319885754024369 ], [ -77.695844442566909, 39.318479913117528 ], [ -77.692485175250624, 39.318507116710123 ], [ -77.690900916044427, 39.319341891714998 ], [ -77.686970301338306, 39.319994357953306 ], [ -77.682021148657043, 39.323777757237735 ], [ -77.67641654039096, 39.324615007176874 ] ] ], [ [ [ -77.739800988424861, 39.324490149800624 ], [ -77.740066551929772, 39.323171331791571 ], [ -77.739036945098917, 39.323219912269167 ], [ -77.738594674704416, 39.32434836988142 ], [ -77.738534561320932, 39.323578775939836 ], [ -77.738004119594393, 39.323516274856274 ], [ -77.737855457163562, 39.324260959375806 ], [ -77.736807098568704, 39.324136977939247 ], [ -77.736743665787515, 39.323367747323744 ], [ -77.736492361033584, 39.324099771187548 ], [ -77.735122978642494, 39.323937822172809 ], [ -77.735266840492272, 39.323193705125448 ], [ -77.732388605249866, 39.322946265657663 ], [ -77.732381202930128, 39.32345456697476 ], [ -77.731557520163392, 39.322799445038413 ], [ -77.732246795653055, 39.322828786319462 ], [ -77.732188523181776, 39.322433793284972 ], [ -77.730875280070109, 39.32299337214647 ], [ -77.731483974505807, 39.323715497172486 ], [ -77.730312692976383, 39.32293095649851 ], [ -77.733187791383443, 39.322101679049297 ], [ -77.738616564203028, 39.322654555263568 ], [ -77.746188103098461, 39.321715950830537 ], [ -77.746140241179148, 39.322541755097973 ], [ -77.745025962278305, 39.32235163122283 ], [ -77.744880183973294, 39.323201521133342 ], [ -77.745881897431559, 39.323439515021676 ], [ -77.745707043145501, 39.324045855032239 ], [ -77.744248951627753, 39.32371652060101 ], [ -77.743640640303283, 39.323793943235955 ], [ -77.743515369238878, 39.324346626095974 ], [ -77.742178009007887, 39.324192067709816 ], [ -77.742073356700018, 39.324756043356786 ], [ -77.739800988424861, 39.324490149800624 ] ] ], [ [ [ -77.731336415543126, 39.324586428520888 ], [ -77.729382399178348, 39.323855110624891 ], [ -77.729508944582108, 39.323266102348782 ], [ -77.732459618416613, 39.324950442608895 ], [ -77.731336415543126, 39.324586428520888 ] ] ], [ [ [ -77.740534743483579, 39.325179442377419 ], [ -77.74062608402653, 39.324725427736325 ], [ -77.740783653342874, 39.324744190292222 ], [ -77.74068050110418, 39.325243084700674 ], [ -77.740534743483579, 39.325179442377419 ] ] ], [ [ [ -77.740779280839092, 39.325634078450037 ], [ -77.740958558890327, 39.324764541950117 ], [ -77.742253488207893, 39.324916380786419 ], [ -77.74164728579359, 39.325773177490191 ], [ -77.740779280839092, 39.325634078450037 ] ] ], [ [ [ -77.757692604829799, 39.321349440224537 ], [ -77.758268635888783, 39.32104409700753 ], [ -77.760937137538804, 39.323699492837363 ], [ -77.759373350499686, 39.326379638009939 ], [ -77.75889868292785, 39.325819320805067 ], [ -77.760186506701871, 39.323791093284399 ], [ -77.757692604829799, 39.321349440224537 ] ] ], [ [ [ -77.729475695746714, 39.325315499910459 ], [ -77.730841690391685, 39.325685148251068 ], [ -77.731171252351373, 39.326632098392679 ], [ -77.730694340071693, 39.326476517477374 ], [ -77.729475695746714, 39.325315499910459 ] ] ], [ [ [ -77.742763736557151, 39.328135886262203 ], [ -77.743092804789057, 39.328177509584464 ], [ -77.743325554730518, 39.328218872103321 ], [ -77.742276146626807, 39.328146794139286 ], [ -77.742763736557151, 39.328135886262203 ] ] ], [ [ [ -77.737853510131345, 39.327071910040672 ], [ -77.737941293855613, 39.326661221138522 ], [ -77.742073937662042, 39.327268016206062 ], [ -77.742490022496497, 39.32784766883492 ], [ -77.741978854140768, 39.328241573689752 ], [ -77.740382605173068, 39.327440527758199 ], [ -77.737853510131345, 39.327071910040672 ] ] ], [ [ [ -77.749917712132685, 39.326488651130376 ], [ -77.750932194165387, 39.326918761791489 ], [ -77.751757510100958, 39.3281272788509 ], [ -77.751598622378481, 39.328723149853545 ], [ -77.750316583043855, 39.328498124189139 ], [ -77.750512944616673, 39.327846089625382 ], [ -77.749917712132685, 39.326488651130376 ] ] ], [ [ [ -77.745863926279128, 39.32923189183839 ], [ -77.746074357745385, 39.328518088239207 ], [ -77.746280765644769, 39.328555962287908 ], [ -77.746070810819219, 39.329268179482938 ], [ -77.745863926279128, 39.32923189183839 ] ] ], [ [ [ -77.746187592283491, 39.329288664240494 ], [ -77.746393373355431, 39.328576625111225 ], [ -77.747012600650976, 39.328690252653075 ], [ -77.746808241407166, 39.329397536167392 ], [ -77.746187592283491, 39.329288664240494 ] ] ], [ [ [ -77.750861034409184, 39.33243739936654 ], [ -77.748715702567608, 39.330953125886083 ], [ -77.742210279380856, 39.32835770584353 ], [ -77.743550475174231, 39.328389738795465 ], [ -77.745660737053356, 39.329289389094072 ], [ -77.747913546872667, 39.329665153723909 ], [ -77.748881218293548, 39.330851154457264 ], [ -77.75080250653042, 39.332000213738922 ], [ -77.751144958472992, 39.330702821178306 ], [ -77.751622961630346, 39.330817659207639 ], [ -77.751428435573814, 39.332089587464566 ], [ -77.751738089241371, 39.330879813152933 ], [ -77.753398524622185, 39.330372156649787 ], [ -77.754561589945354, 39.330664319402842 ], [ -77.754621196111259, 39.331163322629266 ], [ -77.755571275893601, 39.331100097591502 ], [ -77.75560482420326, 39.331733553061099 ], [ -77.754478292039494, 39.332718822415757 ], [ -77.750861034409184, 39.33243739936654 ] ] ], [ [ [ -77.753466492684424, 39.333165947350665 ], [ -77.75154215754452, 39.333054495268811 ], [ -77.747876547864337, 39.331878641586115 ], [ -77.738443103866132, 39.327823341274211 ], [ -77.734154424087365, 39.326849725334625 ], [ -77.732860000188793, 39.327242819000958 ], [ -77.731656530124724, 39.327015730291748 ], [ -77.7313035965837, 39.326153553843483 ], [ -77.731883003697646, 39.326310698679833 ], [ -77.731569463160156, 39.325847307707136 ], [ -77.732250856092094, 39.325861820966338 ], [ -77.730321745552089, 39.32460942238697 ], [ -77.732417172214696, 39.325105063048284 ], [ -77.735845176513635, 39.326923138791869 ], [ -77.740103892680452, 39.327556430584877 ], [ -77.748369415016441, 39.331119944729721 ], [ -77.750604020758885, 39.332675082988715 ], [ -77.754429512811726, 39.333123656731402 ], [ -77.753466492684424, 39.333165947350665 ] ] ], [ [ [ -77.759659012953023, 39.334970081803874 ], [ -77.757385659020883, 39.333860482974956 ], [ -77.760897389303011, 39.332748817503955 ], [ -77.758256147902841, 39.331607227991242 ], [ -77.757847621870212, 39.33222967845694 ], [ -77.756966020965081, 39.332314388298414 ], [ -77.76048940646092, 39.326504320018387 ], [ -77.759694313142006, 39.326077077295338 ], [ -77.761070042948063, 39.323891061923007 ], [ -77.760954855082446, 39.323490745801337 ], [ -77.75839629375389, 39.320976426620859 ], [ -77.76397073965785, 39.318086596419334 ], [ -77.766656768195276, 39.318188561552915 ], [ -77.765357085960716, 39.32038926825021 ], [ -77.767794326946614, 39.321268749453282 ], [ -77.764894162635471, 39.32685172632614 ], [ -77.763971056219248, 39.326581214751286 ], [ -77.763606947702442, 39.327330711543141 ], [ -77.762266666473465, 39.326703447006537 ], [ -77.762023806353568, 39.327199592187469 ], [ -77.7641691498863, 39.328282759941487 ], [ -77.76114725514168, 39.334246757082212 ], [ -77.759659012953023, 39.334970081803874 ] ] ], [ [ [ -77.733158199191507, 39.385892973182195 ], [ -77.730934494131589, 39.383020811061613 ], [ -77.732477975378231, 39.38326429800901 ], [ -77.733723657820519, 39.385122664279606 ], [ -77.737848249996716, 39.383476583877268 ], [ -77.742713627232092, 39.382812729523891 ], [ -77.734743393692611, 39.380458358366582 ], [ -77.735351728399507, 39.379187071326328 ], [ -77.738199301256714, 39.376977584547944 ], [ -77.741093993193203, 39.372083447892862 ], [ -77.740440866852509, 39.371338718407173 ], [ -77.739462974636524, 39.3721594478003 ], [ -77.739071320784774, 39.371957712778283 ], [ -77.739217081103391, 39.370908674295947 ], [ -77.737755031669337, 39.370563323838383 ], [ -77.73885582883338, 39.369500956503998 ], [ -77.738400854615691, 39.367164265118788 ], [ -77.739015178807392, 39.366683530720422 ], [ -77.739058634048661, 39.36475620353599 ], [ -77.738720341470525, 39.364675473194609 ], [ -77.738538494056229, 39.362669448136558 ], [ -77.739881634230017, 39.36244426778876 ], [ -77.740513467322614, 39.355197087375757 ], [ -77.740048844278704, 39.355211767009507 ], [ -77.740506251162515, 39.354375091737154 ], [ -77.739764019993515, 39.354167422088892 ], [ -77.741432427864197, 39.352333415754572 ], [ -77.744133658541443, 39.3469206715518 ], [ -77.743478157091261, 39.346727427928499 ], [ -77.74339718483219, 39.344465419843289 ], [ -77.742333626795414, 39.344348426138993 ], [ -77.74291648910463, 39.343120917196643 ], [ -77.739943982428827, 39.34163818965078 ], [ -77.740224432411594, 39.340854633734409 ], [ -77.739848014873928, 39.340718022218994 ], [ -77.740575139231225, 39.339182443315167 ], [ -77.739227977289261, 39.338884086931103 ], [ -77.73943008103339, 39.337270001709271 ], [ -77.737867846224106, 39.337042192643139 ], [ -77.73812537338722, 39.336148560607626 ], [ -77.736463743706793, 39.335642608319745 ], [ -77.735978506402887, 39.336672464262847 ], [ -77.732684585625066, 39.334568223344888 ], [ -77.731037232682127, 39.334785208170899 ], [ -77.728531867151901, 39.333233416289204 ], [ -77.727851708089815, 39.335224230214124 ], [ -77.727040896420192, 39.335180810945701 ], [ -77.725732737176031, 39.336701535747352 ], [ -77.726384379635363, 39.3384598083735 ], [ -77.727054314305121, 39.338635490935189 ], [ -77.727408252388898, 39.339590425257995 ], [ -77.72672543672951, 39.341160487766331 ], [ -77.723143880385749, 39.340282895139524 ], [ -77.729605569541377, 39.342270861810903 ], [ -77.727952126389482, 39.3435606802812 ], [ -77.72739697129316, 39.343401605499764 ], [ -77.726867258017478, 39.344614907851792 ], [ -77.725388965028685, 39.344196508162383 ], [ -77.723811971445286, 39.346180797505838 ], [ -77.708025026733537, 39.341671892643774 ], [ -77.709349031132831, 39.339366854696664 ], [ -77.710334379627852, 39.339648689635396 ], [ -77.710548380503326, 39.339276387395387 ], [ -77.709590216715071, 39.338999622834365 ], [ -77.71022249137485, 39.33788924878985 ], [ -77.711273135147053, 39.338182232623979 ], [ -77.711977905056244, 39.337062754742362 ], [ -77.711226769699635, 39.336471531436075 ], [ -77.711806785654574, 39.335475646483928 ], [ -77.712768866889633, 39.335750819244993 ], [ -77.712987396750918, 39.3353755870138 ], [ -77.712156441166769, 39.334875277971776 ], [ -77.71363405606678, 39.335297896380894 ], [ -77.713441526505221, 39.334652149876888 ], [ -77.713977744577221, 39.333493493030346 ], [ -77.713134785741715, 39.333252394682347 ], [ -77.714240575941801, 39.330840927366978 ], [ -77.715141563532313, 39.331109541372314 ], [ -77.715331311490786, 39.330695717433457 ], [ -77.714430328396872, 39.330427104327441 ], [ -77.715194652311311, 39.328760170445548 ], [ -77.714346949552066, 39.326094997186431 ], [ -77.715898292672023, 39.325760107642907 ], [ -77.715987787806114, 39.324833244758508 ], [ -77.718330664728342, 39.324344058531551 ], [ -77.726122149017897, 39.324434225459186 ], [ -77.720414745544019, 39.324018602876265 ], [ -77.70751267936663, 39.325912888069354 ], [ -77.701333764941239, 39.325474713187532 ], [ -77.695172820769017, 39.323741171018298 ], [ -77.693567643332017, 39.323759020762225 ], [ -77.690654051243428, 39.324239689510136 ], [ -77.688866194519221, 39.32507142660512 ], [ -77.68241468299118, 39.329226994130522 ], [ -77.677577415865017, 39.329925923842382 ], [ -77.671738312972707, 39.329730420222745 ], [ -77.671975171916586, 39.329021927120266 ], [ -77.669779355732658, 39.328300039515284 ], [ -77.670249062644075, 39.327427376072592 ], [ -77.677896057357145, 39.328416117709708 ], [ -77.682052179764241, 39.326915783236871 ], [ -77.682321809104167, 39.327475513184424 ], [ -77.686047256975314, 39.325244376127102 ], [ -77.690889286011725, 39.323508323950023 ], [ -77.695216336264878, 39.323499348716041 ], [ -77.702265403225738, 39.325330549165585 ], [ -77.708682898796724, 39.325153427688576 ], [ -77.724960559482213, 39.323282890892756 ], [ -77.726736083803189, 39.324193449068446 ], [ -77.727692898608325, 39.325738263110395 ], [ -77.730756658592895, 39.328311229779501 ], [ -77.73505089887982, 39.330541630292032 ], [ -77.738002283178787, 39.332759558107171 ], [ -77.740092996494582, 39.33330889728785 ], [ -77.745160856987923, 39.3358611165973 ], [ -77.748852195372478, 39.336275509806967 ], [ -77.752047801364881, 39.335968085558761 ], [ -77.755905785023913, 39.337671295394046 ], [ -77.757546258153241, 39.340253244491691 ], [ -77.754625831217083, 39.34468179852621 ], [ -77.747913916493985, 39.346894705426394 ], [ -77.745432612325146, 39.349154468803761 ], [ -77.741039141742931, 39.355684447978945 ], [ -77.740380824515398, 39.362514235943308 ], [ -77.74139832647154, 39.366266462027625 ], [ -77.746228376538284, 39.372916623003789 ], [ -77.746244877299205, 39.376655634450003 ], [ -77.745174457435212, 39.381969285953858 ], [ -77.742779400049244, 39.383375958733552 ], [ -77.738155962027975, 39.383942022606334 ], [ -77.736494785605828, 39.384773721030456 ], [ -77.733119822421827, 39.387936447808897 ], [ -77.732846248655392, 39.390307420451165 ], [ -77.732263247850597, 39.39116556344004 ], [ -77.732092089778064, 39.387838010715654 ], [ -77.733158199191507, 39.385892973182195 ] ] ], [ [ [ -77.639204880201021, 39.405970362142568 ], [ -77.639166999857139, 39.405609163831912 ], [ -77.639614610425895, 39.405775527618573 ], [ -77.639204880201021, 39.405970362142568 ] ] ], [ [ [ -77.616738043825649, 39.47055918585778 ], [ -77.616808884322495, 39.470558815337085 ], [ -77.616809362761842, 39.470613720746655 ], [ -77.616738522264939, 39.47061409126735 ], [ -77.616738043825649, 39.47055918585778 ] ] ], [ [ [ -77.484435936669115, 39.686609457060854 ], [ -77.482516297788891, 39.685947533551882 ], [ -77.485341618720668, 39.683166927811499 ], [ -77.482298238273017, 39.68161624029733 ], [ -77.483132943130784, 39.680016788843773 ], [ -77.480701491080936, 39.679153940601907 ], [ -77.479303026413504, 39.678101108779174 ], [ -77.478280553904426, 39.678803565632109 ], [ -77.47758511086414, 39.678078578963323 ], [ -77.478836063333631, 39.675787367193266 ], [ -77.481272618136757, 39.674764126663149 ], [ -77.480331806767424, 39.67289863506403 ], [ -77.477577242695531, 39.671791674845963 ], [ -77.478197158871751, 39.669266636646 ], [ -77.474136437446589, 39.66554226976001 ], [ -77.472961529850693, 39.664939000034849 ], [ -77.472425826190886, 39.66557810594486 ], [ -77.46972657851876, 39.664119437961745 ], [ -77.468260574765679, 39.664785606270755 ], [ -77.46612447716285, 39.662086473711838 ], [ -77.463544443621117, 39.665019384137338 ], [ -77.458786248486547, 39.66619303987693 ], [ -77.458838219408278, 39.667871054305749 ], [ -77.461562601332957, 39.667425451923123 ], [ -77.462767571466202, 39.670542009306359 ], [ -77.460010875101773, 39.671157545784183 ], [ -77.457491917218192, 39.672983946551938 ], [ -77.456935262951959, 39.671343772896876 ], [ -77.454294006263353, 39.671421718037891 ], [ -77.453140934206715, 39.668432192591695 ], [ -77.454593682852135, 39.666752223036724 ], [ -77.453079399894364, 39.664524803776715 ], [ -77.452280761447923, 39.665119493969542 ], [ -77.450532838219885, 39.663062933307799 ], [ -77.448990360616619, 39.663392567213236 ], [ -77.447437196369492, 39.660886457044398 ], [ -77.444995234842168, 39.658338669594002 ], [ -77.44532090903266, 39.657939430860097 ], [ -77.443513075667852, 39.656041714753371 ], [ -77.444295745752015, 39.655594675254122 ], [ -77.442215770341477, 39.653158179806212 ], [ -77.441491531908639, 39.653595999455888 ], [ -77.439413005305937, 39.652181637472665 ], [ -77.435943136666367, 39.651061680252383 ], [ -77.43575937549474, 39.650405049253663 ], [ -77.433864775538893, 39.649345197323044 ], [ -77.430677502664594, 39.648483134189348 ], [ -77.430197640608583, 39.64634737473159 ], [ -77.430635447667726, 39.643221509365219 ], [ -77.431458889416149, 39.643410638590126 ], [ -77.431959534804662, 39.642223796990663 ], [ -77.418964424768376, 39.639004570304735 ], [ -77.418778739047525, 39.63823838839096 ], [ -77.41775786193574, 39.638017948369679 ], [ -77.417614559464312, 39.637469060648698 ], [ -77.423408560456664, 39.638976891870129 ], [ -77.423714206745217, 39.638282753746125 ], [ -77.425283926611883, 39.63868531187768 ], [ -77.42566466898927, 39.637809724739043 ], [ -77.420550058138645, 39.636463415354399 ], [ -77.420349299780298, 39.635499406872157 ], [ -77.422720058383959, 39.636122908645348 ], [ -77.423742902313052, 39.632903311438724 ], [ -77.420962604140811, 39.63262531210853 ], [ -77.42370603640444, 39.629528055975072 ], [ -77.424269148702194, 39.627867950645452 ], [ -77.425509194193921, 39.628086981429078 ], [ -77.426717883923175, 39.625987603145404 ], [ -77.42550299786501, 39.625742316654623 ], [ -77.425508564668462, 39.623610556482049 ], [ -77.430213015418303, 39.624567234590245 ], [ -77.430654520489668, 39.619876490407762 ], [ -77.434764909672822, 39.621007103694922 ], [ -77.43772502279154, 39.621122650390078 ], [ -77.438688007845258, 39.622171347130006 ], [ -77.437597313665037, 39.625934316515554 ], [ -77.444745261084904, 39.627007183434841 ], [ -77.443679839652816, 39.630261735490762 ], [ -77.448859313206697, 39.633192911124013 ], [ -77.450420496708546, 39.633461011616419 ], [ -77.451433732280861, 39.632679604180453 ], [ -77.451462254279591, 39.633329485767206 ], [ -77.453908026234387, 39.633424930815977 ], [ -77.456863854083565, 39.632792611190098 ], [ -77.459339041063856, 39.631449190427873 ], [ -77.462961279139677, 39.630967479365722 ], [ -77.464925957866626, 39.631129475145201 ], [ -77.468362271001979, 39.632312185259195 ], [ -77.468885873384295, 39.633896689080984 ], [ -77.471065239169434, 39.63251933240133 ], [ -77.474094527240595, 39.632490510029072 ], [ -77.482547226373356, 39.635601278476258 ], [ -77.482027139440902, 39.638609629430903 ], [ -77.483091891777349, 39.639256751897619 ], [ -77.48470805263446, 39.639252279569121 ], [ -77.484538650038644, 39.640107084274575 ], [ -77.488347416500005, 39.641915931175333 ], [ -77.486439221492844, 39.642972283843903 ], [ -77.488550843146868, 39.644321373032994 ], [ -77.491086544608322, 39.645372458372321 ], [ -77.492401606149144, 39.643702487479857 ], [ -77.493355975697682, 39.643313027074612 ], [ -77.495037617991613, 39.647126061718438 ], [ -77.495653392789791, 39.647217806956291 ], [ -77.495863576942497, 39.647975481283481 ], [ -77.49279957773831, 39.651474519433577 ], [ -77.496700836774153, 39.653508646506907 ], [ -77.493612806785563, 39.655289138682861 ], [ -77.494164145159118, 39.658443860595753 ], [ -77.494393866183941, 39.658794764366917 ], [ -77.49577867374677, 39.658142221686262 ], [ -77.49813861620413, 39.660197406385237 ], [ -77.501219771775027, 39.658139680202112 ], [ -77.501206980717541, 39.660373963987297 ], [ -77.504820028621396, 39.662515149954231 ], [ -77.504837995277228, 39.66322740492086 ], [ -77.503959018593775, 39.666314920497257 ], [ -77.500074156896801, 39.670815487744619 ], [ -77.502662013640986, 39.670660709923879 ], [ -77.502594523118717, 39.671379332989886 ], [ -77.501770165860421, 39.672180079447173 ], [ -77.499929360651436, 39.671022426244008 ], [ -77.498895573771676, 39.671897909061329 ], [ -77.49310917834589, 39.67395016556776 ], [ -77.495916516434022, 39.675581563638332 ], [ -77.495127063663006, 39.676908694081021 ], [ -77.493255572686508, 39.676438565387514 ], [ -77.491652682225492, 39.678759850486756 ], [ -77.487879631439796, 39.677776583022933 ], [ -77.487173505352928, 39.678566971988232 ], [ -77.488260555480224, 39.680898317803155 ], [ -77.491304921584799, 39.682313813831513 ], [ -77.489877713685473, 39.683604150311339 ], [ -77.491874566557954, 39.684280333470667 ], [ -77.490146103759628, 39.686253896600078 ], [ -77.487438594015885, 39.6859994478163 ], [ -77.486034149756165, 39.685173064385481 ], [ -77.484435936669115, 39.686609457060854 ] ] ], [ [ [ -77.484435936669115, 39.686609457060854 ], [ -77.487015409033859, 39.688882179668894 ], [ -77.488288245605986, 39.689193090588731 ], [ -77.487194692481012, 39.690479367528837 ], [ -77.489753646813313, 39.691120363813809 ], [ -77.489882075397418, 39.691627851244391 ], [ -77.489698898785093, 39.69118113460172 ], [ -77.487146660589872, 39.690527758249516 ], [ -77.486956649130036, 39.690990935183549 ], [ -77.485248596445558, 39.690830713766502 ], [ -77.484118295223084, 39.691874322142326 ], [ -77.48187446603373, 39.692063874048586 ], [ -77.47936213885157, 39.69098750426997 ], [ -77.482741298272231, 39.686819157378238 ], [ -77.484128612245627, 39.687726379968524 ], [ -77.484435936669115, 39.686609457060854 ] ] ] ] } },
{ "type": "Feature", "properties": { "OBJECTID": 2, "MapClass": "Northern Piedmont", "Shape_Leng": 4.705915, "Shape_Area": 0.007116 }, "geometry": { "type": "MultiPolygon", "coordinates": [ [ [ [ -77.548887513947591, 38.811097953208048 ], [ -77.549053047659982, 38.803012525507711 ], [ -77.549685967133655, 38.800408640146657 ], [ -77.550252985187058, 38.799885905610097 ], [ -77.568409086809879, 38.798704296266294 ], [ -77.573792294578709, 38.801759950661221 ], [ -77.573152131965287, 38.805916825800921 ], [ -77.549483542331586, 38.812336904224821 ], [ -77.548989002440464, 38.812412013803453 ], [ -77.548887513947591, 38.811097953208048 ] ] ], [ [ [ -77.549000952631843, 38.812873133088658 ], [ -77.549184100465823, 38.812825853930065 ], [ -77.549198102910111, 38.813101779423619 ], [ -77.549012847964548, 38.813107535984045 ], [ -77.549000952631843, 38.812873133088658 ] ] ], [ [ [ -77.524078538993365, 38.812186999830203 ], [ -77.521561664838941, 38.805263481824284 ], [ -77.531797671025686, 38.802368887014552 ], [ -77.531174462431466, 38.801036620543641 ], [ -77.538627960811709, 38.800525326282809 ], [ -77.536515877805471, 38.801091852407126 ], [ -77.540107431013098, 38.801640338131165 ], [ -77.539646042830555, 38.800456267342895 ], [ -77.548762480304163, 38.799860982698249 ], [ -77.54891609080488, 38.801658515228326 ], [ -77.545876009070525, 38.802994073217974 ], [ -77.54572254965592, 38.804290978346046 ], [ -77.544674933901035, 38.805164901738863 ], [ -77.544144531744678, 38.806886946075736 ], [ -77.543487880061605, 38.807340470586325 ], [ -77.547033253082134, 38.810570408197805 ], [ -77.54668451667709, 38.811137332721785 ], [ -77.548670621751739, 38.811422470870411 ], [ -77.54873977332187, 38.812713418889246 ], [ -77.542935118061223, 38.81423448273523 ], [ -77.541944367338658, 38.812112858821422 ], [ -77.539490389969501, 38.812828915222326 ], [ -77.53837241035842, 38.814269429490651 ], [ -77.53871233790403, 38.815291468526482 ], [ -77.526799542165122, 38.818257411950071 ], [ -77.524078538993365, 38.812186999830203 ] ], [ [ -77.532330325983708, 38.809949540538923 ], [ -77.531598455903975, 38.809943501591363 ], [ -77.531590735224199, 38.810516131414374 ], [ -77.532322612498547, 38.810522169462615 ], [ -77.532330325983708, 38.809949540538923 ] ] ], [ [ [ -77.498336972473282, 38.813410763995591 ], [ -77.49127857774414, 38.811433621564447 ], [ -77.490408534026585, 38.810410136418739 ], [ -77.492494460251123, 38.809584084837695 ], [ -77.494310217542477, 38.809847893765323 ], [ -77.496408315191559, 38.808118229472768 ], [ -77.507517606252463, 38.80384456567424 ], [ -77.508418705358906, 38.806076800803794 ], [ -77.509402837071264, 38.805776537857014 ], [ -77.510634000858431, 38.808273720455873 ], [ -77.510717959765998, 38.808994036045988 ], [ -77.509717280528037, 38.809314420424244 ], [ -77.510839314282862, 38.812003375355516 ], [ -77.52269859586346, 38.809516869508002 ], [ -77.526464365737866, 38.818352311110345 ], [ -77.501145637960803, 38.824551536724073 ], [ -77.500842633880438, 38.822261707212078 ], [ -77.506427314069242, 38.820231820442189 ], [ -77.505518851313923, 38.818664432517608 ], [ -77.505050931355356, 38.816209712308421 ], [ -77.500896479888581, 38.813849969500552 ], [ -77.498336972473282, 38.813410763995591 ] ] ], [ [ [ -77.558038353187385, 38.824133961713017 ], [ -77.557047744557735, 38.824097958254242 ], [ -77.556903830547299, 38.826439442126627 ], [ -77.556223845054376, 38.826363373870663 ], [ -77.55636050783113, 38.824072869867109 ], [ -77.555459885365394, 38.824040213684953 ], [ -77.555295435336006, 38.826306977385173 ], [ -77.54890508220376, 38.825540939362895 ], [ -77.549170057552089, 38.819149060980408 ], [ -77.554454137548362, 38.818931581527295 ], [ -77.553956135267413, 38.81158273365628 ], [ -77.573180859908746, 38.806410118332337 ], [ -77.572247632522192, 38.820726767726228 ], [ -77.563169578113502, 38.820826269616703 ], [ -77.561329499556734, 38.822190293847029 ], [ -77.557003647200531, 38.822029119148567 ], [ -77.556732922486333, 38.822671636187124 ], [ -77.558302875277434, 38.82311058358664 ], [ -77.558094932235292, 38.82659092752931 ], [ -77.558038353187385, 38.824133961713017 ] ] ], [ [ [ -77.548940471425567, 38.827109678069235 ], [ -77.549068987243913, 38.826450841932854 ], [ -77.549115734003863, 38.827205193265115 ], [ -77.548940471425567, 38.827109678069235 ] ] ], [ [ [ -77.548970489896135, 38.821368247846408 ], [ -77.548637236219463, 38.821363553385311 ], [ -77.548969345958483, 38.821368250544367 ], [ -77.548970489896135, 38.821368247846408 ], [ -77.548979911193896, 38.821368222665399 ], [ -77.548793517706656, 38.827040011187592 ], [ -77.547202143963716, 38.828649767073159 ], [ -77.545341206531418, 38.829504756139613 ], [ -77.544158902011702, 38.831163791276026 ], [ -77.541184539135145, 38.839841329913497 ], [ -77.53929122071321, 38.839771525435594 ], [ -77.5391546361775, 38.839198275080378 ], [ -77.537516026443427, 38.839237513400576 ], [ -77.537039660951564, 38.836055793839876 ], [ -77.535759687359644, 38.833462409862364 ], [ -77.535821040008955, 38.829056916243758 ], [ -77.533444567113065, 38.824679420319057 ], [ -77.532473559207347, 38.823668469024653 ], [ -77.529695917632466, 38.822285445716773 ], [ -77.526946021042022, 38.818440751339665 ], [ -77.548847432063326, 38.812932076454217 ], [ -77.548970489896135, 38.821368247846408 ] ], [ [ -77.547161346219127, 38.821342751167094 ], [ -77.547158302013997, 38.821342707999634 ], [ -77.547157805588199, 38.821344223357301 ], [ -77.547161346219127, 38.821342751167094 ] ] ], [ [ [ -77.509638840759862, 38.841371067720672 ], [ -77.508343861979597, 38.840563815567691 ], [ -77.50880622232927, 38.839371870315631 ], [ -77.50756381521785, 38.837304672472726 ], [ -77.509575035659338, 38.836065475041664 ], [ -77.510907803951966, 38.832600290970731 ], [ -77.512343230755448, 38.831100744303967 ], [ -77.512264335030977, 38.830200788235857 ], [ -77.509318724379568, 38.828183785153612 ], [ -77.504789219646739, 38.825977546726449 ], [ -77.498577365752794, 38.827382795879373 ], [ -77.498999804297512, 38.826542024195135 ], [ -77.498112479207521, 38.826736278656369 ], [ -77.49843657868513, 38.826402667948798 ], [ -77.498095288666605, 38.825452406503416 ], [ -77.526486068177462, 38.818544181468837 ], [ -77.529607379377012, 38.822376014641407 ], [ -77.533146559665965, 38.824489383678156 ], [ -77.535433565306732, 38.829547311159558 ], [ -77.535430276486011, 38.830020784431724 ], [ -77.533611076589864, 38.829880706929146 ], [ -77.535380516997236, 38.830360354946492 ], [ -77.535330371699274, 38.832361716120374 ], [ -77.535982654475902, 38.834568887144485 ], [ -77.522759980888395, 38.830892489197083 ], [ -77.5187439845472, 38.837065084086419 ], [ -77.518896362976704, 38.838511219117493 ], [ -77.51216113872556, 38.840707608169623 ], [ -77.511083374997725, 38.84143100843437 ], [ -77.509638840759862, 38.841371067720672 ] ] ], [ [ [ -77.537844430975667, 38.842906751845192 ], [ -77.537019903745545, 38.842633294091286 ], [ -77.534966317141766, 38.83941651895725 ], [ -77.536524348519833, 38.837254356303561 ], [ -77.536315864085793, 38.836622167978703 ], [ -77.53698039293073, 38.836566940611874 ], [ -77.537510118796888, 38.840900354467863 ], [ -77.538700513617755, 38.842659426591297 ], [ -77.537844430975667, 38.842906751845192 ] ] ], [ [ [ -77.088891118630158, 38.899010150098377 ], [ -77.089049055769294, 38.898472611821603 ], [ -77.094144576710789, 38.897858552929904 ], [ -77.093873176605769, 38.898625765466761 ], [ -77.092349361733625, 38.898787173988921 ], [ -77.093413401807027, 38.898821624318543 ], [ -77.088867315374273, 38.900219343447986 ], [ -77.088891118630158, 38.899010150098377 ] ] ], [ [ [ -77.086656611813169, 38.900323883340604 ], [ -77.086009093644691, 38.899150141266034 ], [ -77.086771727733037, 38.898942241391353 ], [ -77.086875634502917, 38.898427431680659 ], [ -77.088992203327507, 38.898499001527739 ], [ -77.08878107488664, 38.899177732466455 ], [ -77.088811592480965, 38.900218669855803 ], [ -77.086656611813169, 38.900323883340604 ] ] ], [ [ [ -77.065226490510099, 38.904031257536531 ], [ -77.065261169267501, 38.904195982758438 ], [ -77.06511006697599, 38.90419606729472 ], [ -77.065110018412554, 38.904142552237033 ], [ -77.065226490510099, 38.904031257536531 ] ] ], [ [ [ -77.068577882463273, 38.903964370459391 ], [ -77.066023592015142, 38.903388242273593 ], [ -77.065952199334504, 38.903352138990101 ], [ -77.06646729682825, 38.902932508128799 ], [ -77.0699303620965, 38.904270539254014 ], [ -77.068577882463273, 38.903964370459391 ] ] ], [ [ [ -77.065374965881915, 38.904302353670744 ], [ -77.065372002615788, 38.904134030261332 ], [ -77.065944651324571, 38.904128378022278 ], [ -77.065942036995352, 38.904302040706682 ], [ -77.065374965881915, 38.904302353670744 ] ] ], [ [ [ -77.079639951022898, 38.903705215523303 ], [ -77.080934278693974, 38.903521412982855 ], [ -77.082928502848063, 38.903725137305287 ], [ -77.081476553699929, 38.904320824846252 ], [ -77.077613925941876, 38.903895172124521 ], [ -77.079639951022898, 38.903705215523303 ] ] ], [ [ [ -77.06862157062892, 38.904234406292858 ], [ -77.068771332930623, 38.904207846614895 ], [ -77.068705437805647, 38.90436444016683 ], [ -77.068687451364724, 38.904251332433091 ], [ -77.06862157062892, 38.904234406292858 ] ] ], [ [ [ -77.064856515715576, 38.904384786428807 ], [ -77.064984735656992, 38.90426226639056 ], [ -77.064987290630938, 38.904383687457255 ], [ -77.064856515715576, 38.904384786428807 ] ] ], [ [ [ -77.06773367357016, 38.904551766251075 ], [ -77.066238884317045, 38.904378796944002 ], [ -77.066580418051785, 38.90437071113945 ], [ -77.066071408068979, 38.904135530330507 ], [ -77.06773367357016, 38.904551766251075 ] ] ], [ [ [ -77.067890168196641, 38.90493463552508 ], [ -77.067864472767155, 38.904277238303962 ], [ -77.068705465684673, 38.904393514349238 ], [ -77.06841971060112, 38.904874630060192 ], [ -77.067890168196641, 38.90493463552508 ] ] ], [ [ [ -77.079274434167758, 38.91257196612338 ], [ -77.079589924435425, 38.911927039801071 ], [ -77.077959017394676, 38.909657820052416 ], [ -77.077982931267229, 38.906559050359931 ], [ -77.078648634626745, 38.906795107108564 ], [ -77.079313845157799, 38.906654110498835 ], [ -77.075837783786653, 38.905673110225905 ], [ -77.071636193455504, 38.905764904027137 ], [ -77.0716154973573, 38.905207421485386 ], [ -77.079729090924786, 38.906079064197513 ], [ -77.080597050013807, 38.90649120100818 ], [ -77.079663304617782, 38.906631077062627 ], [ -77.080700233728749, 38.906786082411827 ], [ -77.080188886407939, 38.906889795827453 ], [ -77.079644066320554, 38.909136429103 ], [ -77.080625943432494, 38.910413592313489 ], [ -77.080742071988993, 38.911318997373883 ], [ -77.081134657538371, 38.911247019234622 ], [ -77.081357463675943, 38.912570534402676 ], [ -77.079274434167758, 38.91257196612338 ] ] ], [ [ [ -77.097676370867759, 38.913866053675463 ], [ -77.094803743797684, 38.9108404195498 ], [ -77.09107825905437, 38.908837223758894 ], [ -77.09152903883404, 38.909157089228358 ], [ -77.089222429771269, 38.91068465067616 ], [ -77.088951097115398, 38.91018435872121 ], [ -77.090217240033553, 38.909054623172381 ], [ -77.088318866522457, 38.907803961183902 ], [ -77.090336025187355, 38.908443114757972 ], [ -77.088609458159908, 38.907460737623012 ], [ -77.084123794477478, 38.906195869044154 ], [ -77.081010442278057, 38.906434880065717 ], [ -77.079757266684453, 38.905741771665475 ], [ -77.082581646026085, 38.905359453675885 ], [ -77.091009793667013, 38.908230466462896 ], [ -77.095304316341071, 38.911079717455038 ], [ -77.097676370867759, 38.913866053675463 ] ] ], [ [ [ -77.098896277840936, 38.916591656879518 ], [ -77.098555415899682, 38.916367719394771 ], [ -77.097375303027775, 38.914065761625636 ], [ -77.097984562237741, 38.914952010227125 ], [ -77.098896277840936, 38.916591656879518 ] ] ], [ [ [ -77.098896277840936, 38.916591656879518 ], [ -77.099209945182793, 38.917155985060731 ], [ -77.09867779294575, 38.916808939381099 ], [ -77.098896277840936, 38.916591656879518 ] ] ], [ [ [ -77.071752120563872, 38.917156281836981 ], [ -77.07154850955601, 38.916797382193465 ], [ -77.069598522154024, 38.917147487366719 ], [ -77.069577829653099, 38.9166643481812 ], [ -77.072763589867748, 38.916667796181912 ], [ -77.072082161862227, 38.916956298694288 ], [ -77.072095526687178, 38.917384457826529 ], [ -77.071752120563872, 38.917156281836981 ] ] ], [ [ [ -77.068741291977005, 38.91671111472624 ], [ -77.069329604177824, 38.916710767587915 ], [ -77.069353071087335, 38.917508255801408 ], [ -77.068947900425201, 38.916980485960721 ], [ -77.068741291977005, 38.91671111472624 ] ] ], [ [ [ -77.097676370867759, 38.913866053675463 ], [ -77.09814669561348, 38.914567659769716 ], [ -77.100330106549166, 38.918627914446745 ], [ -77.097457127844109, 38.914011588264259 ], [ -77.097676370867759, 38.913866053675463 ] ] ], [ [ [ -77.067073941708998, 38.918676953578597 ], [ -77.063735374987516, 38.9183409686608 ], [ -77.063789713824178, 38.917204500787136 ], [ -77.062867032787267, 38.916929646386109 ], [ -77.062600357720271, 38.917428649612532 ], [ -77.061955621154937, 38.917342755363904 ], [ -77.060921722759247, 38.916468103520231 ], [ -77.059699988363718, 38.916739080943898 ], [ -77.059301524845466, 38.918184800488177 ], [ -77.057421814065435, 38.916811581589286 ], [ -77.057667487264666, 38.915990926839868 ], [ -77.056451684797366, 38.915067386051078 ], [ -77.056975033570893, 38.91417297340405 ], [ -77.058697162444048, 38.915447650888439 ], [ -77.059794429769056, 38.912702473940101 ], [ -77.062143619932101, 38.913139403260914 ], [ -77.061427116568154, 38.915314500863587 ], [ -77.06432971174678, 38.915614660388314 ], [ -77.065897721102885, 38.916341439405983 ], [ -77.067391678483148, 38.917390621779816 ], [ -77.067007985430166, 38.917834655744798 ], [ -77.067987126804439, 38.918787308487538 ], [ -77.067073941708998, 38.918676953578597 ] ] ], [ [ [ -77.056376446615673, 38.92027957784029 ], [ -77.055893501683727, 38.920058260979999 ], [ -77.056386787020585, 38.919670196322556 ], [ -77.056873992940382, 38.920194998400518 ], [ -77.056376446615673, 38.92027957784029 ] ] ], [ [ [ -77.056740341993134, 38.919816050170652 ], [ -77.058825460626451, 38.920932992863357 ], [ -77.059336481493403, 38.921613766162409 ], [ -77.057671400214929, 38.920748003217852 ], [ -77.056740341993134, 38.919816050170652 ] ] ], [ [ [ -77.054902218562518, 38.918283257366511 ], [ -77.057175974491599, 38.917221917957193 ], [ -77.058733627255037, 38.918359863417038 ], [ -77.056448642390876, 38.919455038918954 ], [ -77.052707504947364, 38.921814140510207 ], [ -77.054902218562518, 38.918283257366511 ] ] ], [ [ [ -77.101729191748746, 38.921422440793037 ], [ -77.101298598151743, 38.921553201319227 ], [ -77.100220450413417, 38.920446541474746 ], [ -77.099139789069966, 38.921565804418378 ], [ -77.098768026423215, 38.921197376457826 ], [ -77.098720214865978, 38.920061654122094 ], [ -77.100171288074421, 38.919593026397081 ], [ -77.098866676655746, 38.917283806602427 ], [ -77.100462929220782, 38.919505700427806 ], [ -77.104330651638236, 38.923137331023042 ], [ -77.103801765738865, 38.923330351614482 ], [ -77.101729191748746, 38.921422440793037 ] ] ], [ [ [ -77.051973612292329, 38.923399121872023 ], [ -77.052296565134327, 38.922701651759894 ], [ -77.052754642013099, 38.923346966589293 ], [ -77.052683216956837, 38.923352067543931 ], [ -77.051973612292329, 38.923399121872023 ] ] ], [ [ [ -77.059681912889914, 38.920780203443712 ], [ -77.061179955890225, 38.920109804723779 ], [ -77.062735815405517, 38.921279480963335 ], [ -77.063540550356095, 38.922983609006394 ], [ -77.064804651813176, 38.92405456576563 ], [ -77.063550006727382, 38.923835938777586 ], [ -77.062342129085948, 38.922522557170339 ], [ -77.059355998580429, 38.921467128105519 ], [ -77.059681912889914, 38.920780203443712 ] ] ], [ [ [ -77.064381065733585, 38.92418007155311 ], [ -77.06418765573568, 38.924072234745893 ], [ -77.065015999688569, 38.924165114028824 ], [ -77.064764016845857, 38.924536495363043 ], [ -77.064381065733585, 38.92418007155311 ] ] ], [ [ [ -77.106946829832282, 38.925882385663613 ], [ -77.106918526368872, 38.925578216961185 ], [ -77.107308863613127, 38.92591247338197 ], [ -77.106808103111405, 38.926212784892186 ], [ -77.106946829832282, 38.925882385663613 ] ] ], [ [ [ -77.103895487686543, 38.923569511923461 ], [ -77.103596264356099, 38.923383221858273 ], [ -77.104414175273916, 38.923200252089998 ], [ -77.106988690575577, 38.92483701911317 ], [ -77.106638737387755, 38.92626631074171 ], [ -77.105990095966092, 38.924873520796382 ], [ -77.103895487686543, 38.923569511923461 ] ] ], [ [ [ -77.064147153868021, 38.924317520337354 ], [ -77.066256627041639, 38.926276653844525 ], [ -77.066256962488808, 38.926637415984032 ], [ -77.065350491731749, 38.926637925899627 ], [ -77.064147153868021, 38.924317520337354 ] ] ], [ [ [ -77.094115609547714, 38.925700335002489 ], [ -77.094479323262135, 38.92567232471805 ], [ -77.094353723945176, 38.926138955048771 ], [ -77.092249984848877, 38.926649293330286 ], [ -77.090146372557001, 38.92650341699914 ], [ -77.090099911781465, 38.926009512928715 ], [ -77.094115609547714, 38.925700335002489 ] ] ], [ [ [ -77.086903903792063, 38.927015482878289 ], [ -77.086902966698517, 38.926534860895174 ], [ -77.086375921711351, 38.926535058746026 ], [ -77.086321772631663, 38.92559536613328 ], [ -77.09000794531039, 38.92634315781055 ], [ -77.089559871590779, 38.926877214811668 ], [ -77.086903903792063, 38.927015482878289 ] ] ], [ [ [ -77.082108460536972, 38.922738714620039 ], [ -77.082048651124296, 38.919849690211095 ], [ -77.082557657509824, 38.918981974838346 ], [ -77.074961548236843, 38.918763471956709 ], [ -77.073938434511092, 38.917696325625002 ], [ -77.073405116752724, 38.917853680902681 ], [ -77.072991818017954, 38.916498560859964 ], [ -77.075000288332603, 38.916512156810654 ], [ -77.075000661551258, 38.91686708864529 ], [ -77.075636472345309, 38.91685505301831 ], [ -77.075682061677753, 38.917441380415426 ], [ -77.081690262295751, 38.91741505815844 ], [ -77.078810508997776, 38.912798742767791 ], [ -77.081821081277837, 38.912863271822573 ], [ -77.084498228110704, 38.916659119522819 ], [ -77.088441935147159, 38.916298777366762 ], [ -77.088521553027192, 38.916967395429026 ], [ -77.086193638125849, 38.916737686994736 ], [ -77.085097177492685, 38.917661631579108 ], [ -77.084656957552511, 38.917412946550314 ], [ -77.086893592165495, 38.922751144150027 ], [ -77.086078085135455, 38.926152745253034 ], [ -77.08394630427847, 38.926277824761883 ], [ -77.083947569624627, 38.927353431016058 ], [ -77.082639086624511, 38.927654468279115 ], [ -77.081495407986665, 38.925722978132967 ], [ -77.082108460536972, 38.922738714620039 ] ] ], [ [ [ -77.083044490211023, 38.927733035751032 ], [ -77.083078537644383, 38.928034799666307 ], [ -77.082877680360639, 38.928034942658542 ], [ -77.082806802991513, 38.927911284078561 ], [ -77.083044490211023, 38.927733035751032 ] ] ], [ [ [ -77.072198369559089, 38.927626119849606 ], [ -77.073019310292921, 38.927625621625168 ], [ -77.073019925429151, 38.928225152868549 ], [ -77.072198369559089, 38.927626119849606 ] ] ], [ [ [ -77.116559532096687, 38.929384574138851 ], [ -77.113526181787847, 38.925645574383793 ], [ -77.106205001559545, 38.919080170013899 ], [ -77.103539085460397, 38.914740593103943 ], [ -77.103154616292443, 38.912980000226867 ], [ -77.095777054867142, 38.907230828639854 ], [ -77.089709180634145, 38.904135263231865 ], [ -77.086123053036431, 38.902888834352268 ], [ -77.077644283456891, 38.90234373097843 ], [ -77.069254714933095, 38.900661577869585 ], [ -77.071234111964657, 38.899208000948533 ], [ -77.071914504850497, 38.899232650466502 ], [ -77.071869168227465, 38.900031875270884 ], [ -77.073064709868447, 38.900278374047787 ], [ -77.07528258912015, 38.899265096207273 ], [ -77.074982983577797, 38.900410318081754 ], [ -77.075460911192067, 38.900655261930865 ], [ -77.077006071472965, 38.900560650553643 ], [ -77.076947810692843, 38.900979294858644 ], [ -77.077754214785159, 38.901186902453617 ], [ -77.079649413689424, 38.901232247170526 ], [ -77.083331238146059, 38.900835304405803 ], [ -77.0840165413303, 38.900047668265358 ], [ -77.085859470737944, 38.899239180443885 ], [ -77.086411043834573, 38.900146484872437 ], [ -77.085008849678616, 38.901090940294694 ], [ -77.085162505145433, 38.901657984428482 ], [ -77.089836985988086, 38.902610352086128 ], [ -77.09092567378076, 38.903243943353345 ], [ -77.092097441843407, 38.902667569652692 ], [ -77.091679276877073, 38.903672038633715 ], [ -77.092584797950053, 38.90419286480892 ], [ -77.093289917695529, 38.903974798098488 ], [ -77.093306386980146, 38.904607996362017 ], [ -77.094240212415855, 38.905145217178074 ], [ -77.095274691773568, 38.904837869372216 ], [ -77.095973420936616, 38.905207916112488 ], [ -77.095710092246918, 38.905993038647864 ], [ -77.099325571018255, 38.907842000707831 ], [ -77.099865276661149, 38.908892831538992 ], [ -77.100774547007688, 38.909100210706185 ], [ -77.100562915845842, 38.909435456381232 ], [ -77.103092694372322, 38.910860611128328 ], [ -77.103174563255436, 38.911440074899588 ], [ -77.105719153616008, 38.913253393229581 ], [ -77.105374733956751, 38.914013501122213 ], [ -77.106880333060872, 38.916900369856251 ], [ -77.107972412197, 38.917110268923807 ], [ -77.108154128310332, 38.918154549093231 ], [ -77.1095838597073, 38.918950816926724 ], [ -77.108496716949901, 38.919959337353589 ], [ -77.112784815766588, 38.923125264819191 ], [ -77.114461933571363, 38.923629174746679 ], [ -77.118296536655805, 38.926176764346224 ], [ -77.11836232116417, 38.928744547323049 ], [ -77.116559532096687, 38.929384574138851 ] ] ], [ [ [ -77.093233053562528, 38.929761670664618 ], [ -77.093464709928355, 38.929583496081534 ], [ -77.093613904757888, 38.929399480401742 ], [ -77.093615462383639, 38.929652608081426 ], [ -77.093233053562528, 38.929761670664618 ] ] ], [ [ [ -77.093233053562528, 38.929761670664618 ], [ -77.093633672755743, 38.929713645968036 ], [ -77.093633984820485, 38.929764441475868 ], [ -77.092705416821502, 38.930029264838765 ], [ -77.093233053562528, 38.929761670664618 ] ] ], [ [ [ -77.081388497481157, 38.926630451634082 ], [ -77.082678329441308, 38.928365523550099 ], [ -77.082162007070906, 38.930197466839672 ], [ -77.080399451873177, 38.930100168288163 ], [ -77.080799677163327, 38.929200753611951 ], [ -77.080307667964462, 38.929051951786221 ], [ -77.081388497481157, 38.926630451634082 ] ] ], [ [ [ -77.056797166555953, 38.93220143155088 ], [ -77.056606263867934, 38.931876287061073 ], [ -77.057974889029879, 38.931937724246609 ], [ -77.058705949719752, 38.9303455042417 ], [ -77.058530002757379, 38.929805813887242 ], [ -77.061976466540671, 38.930092578909466 ], [ -77.059830928754309, 38.930296966931508 ], [ -77.058452614296698, 38.931326103417007 ], [ -77.058055438607539, 38.932582852916369 ], [ -77.056797166555953, 38.93220143155088 ] ] ], [ [ [ -77.054850218862498, 38.932516805806017 ], [ -77.056242680555215, 38.932116206397836 ], [ -77.056495960220332, 38.932540124327318 ], [ -77.054703825421143, 38.932720200976519 ], [ -77.054850218862498, 38.932516805806017 ] ] ], [ [ [ -77.092197230617671, 38.930746136025391 ], [ -77.09196775510776, 38.930332238342203 ], [ -77.09372777691533, 38.92981661384573 ], [ -77.093704907155711, 38.927528568588627 ], [ -77.095061651374067, 38.924814411056275 ], [ -77.095339076037476, 38.923475217107637 ], [ -77.09742817147287, 38.921631954051463 ], [ -77.097427421438283, 38.921082805527078 ], [ -77.098509326544161, 38.921387915819707 ], [ -77.099223448503324, 38.922116085189259 ], [ -77.098755967413922, 38.922116480890907 ], [ -77.095362330706962, 38.927084314289743 ], [ -77.095604669220052, 38.929214359455159 ], [ -77.096417909059198, 38.929820507910165 ], [ -77.096168950636525, 38.930520683183033 ], [ -77.092654494509247, 38.932135502251697 ], [ -77.09287610005191, 38.932555375030574 ], [ -77.091227519534357, 38.932988717855096 ], [ -77.091226118390637, 38.931893360690083 ], [ -77.091841307730135, 38.931892879552777 ], [ -77.092197230617671, 38.930746136025391 ] ] ], [ [ [ -77.056162016763608, 38.932682227103157 ], [ -77.05679895350886, 38.933068336634506 ], [ -77.054961236571785, 38.933071713588788 ], [ -77.054985386066676, 38.932801288348855 ], [ -77.056162016763608, 38.932682227103157 ] ] ], [ [ [ -77.057990481475485, 38.933077559182038 ], [ -77.05705837824155, 38.932637456153714 ], [ -77.059033929771999, 38.932881238078721 ], [ -77.059034529619794, 38.933077036675968 ], [ -77.057990481475485, 38.933077559182038 ] ] ], [ [ [ -77.051365448456636, 38.933403150634945 ], [ -77.050685909926756, 38.9330065190357 ], [ -77.0520129549339, 38.933316739276165 ], [ -77.054620206457344, 38.932640245850735 ], [ -77.052910420779256, 38.933478616345099 ], [ -77.051365448456636, 38.933403150634945 ] ] ], [ [ [ -77.051800468516774, 38.933630716884124 ], [ -77.052923665994342, 38.933590504598158 ], [ -77.053476165392681, 38.93344862395486 ], [ -77.052809292015183, 38.93367785305054 ], [ -77.05264300377155, 38.934446415469722 ], [ -77.051800468516774, 38.933630716884124 ] ] ], [ [ [ -77.119783489216616, 38.934262852148947 ], [ -77.120985825235607, 38.933172134586414 ], [ -77.121338179613247, 38.933562425065929 ], [ -77.12012279892798, 38.934664979505271 ], [ -77.119783489216616, 38.934262852148947 ] ] ], [ [ [ -77.080177668264753, 38.930647133258617 ], [ -77.082254298197256, 38.930438553496515 ], [ -77.080655612966154, 38.93250212437357 ], [ -77.082090299627566, 38.934085272017739 ], [ -77.08198956116928, 38.934777399257598 ], [ -77.079035153349594, 38.932614083673059 ], [ -77.080177668264753, 38.930647133258617 ] ] ], [ [ [ -77.088724591166908, 38.93462148919042 ], [ -77.088924142635051, 38.934621363285316 ], [ -77.088937230468787, 38.934632892593982 ], [ -77.088733146417553, 38.934783225965134 ], [ -77.088724591166908, 38.93462148919042 ] ] ], [ [ [ -77.085839332219393, 38.93760450264574 ], [ -77.085894598257084, 38.937618604015427 ], [ -77.085532621133495, 38.938073519777163 ], [ -77.085530546397536, 38.937785704346823 ], [ -77.085839332219393, 38.93760450264574 ] ] ], [ [ [ -77.086072606465564, 38.937646579226282 ], [ -77.086102442373772, 38.937996890344266 ], [ -77.085658261819276, 38.938195308666593 ], [ -77.085709426948483, 38.937867909576426 ], [ -77.086072606465564, 38.937646579226282 ] ] ], [ [ [ -77.08627393499404, 38.937787319529207 ], [ -77.086278797628381, 38.938088825339094 ], [ -77.085936541737965, 38.938253929175517 ], [ -77.086181593505671, 38.938018271725923 ], [ -77.08627393499404, 38.937787319529207 ] ] ], [ [ [ -77.130383140769311, 38.93436618964796 ], [ -77.128576329933651, 38.934331885008532 ], [ -77.128268957846103, 38.935033335520075 ], [ -77.127412818546702, 38.934786661375369 ], [ -77.12784062424538, 38.93581435714691 ], [ -77.127215883206418, 38.936100501636872 ], [ -77.122865446083438, 38.934535456446213 ], [ -77.123109111995859, 38.933798533075901 ], [ -77.122397874162516, 38.933699113023692 ], [ -77.120686699931241, 38.931807279382497 ], [ -77.120112723823127, 38.932124503543037 ], [ -77.11822605678708, 38.929845648457956 ], [ -77.117860783648212, 38.929151023800785 ], [ -77.11868586126343, 38.928693752714594 ], [ -77.118488734367531, 38.927643189881337 ], [ -77.120161939222101, 38.929167692734893 ], [ -77.122616284413937, 38.930486918136808 ], [ -77.123408292158899, 38.929100674356675 ], [ -77.124598668093995, 38.92902374455025 ], [ -77.125643596674593, 38.930740886682599 ], [ -77.127290285917923, 38.932137172292698 ], [ -77.130135246244606, 38.932341635857881 ], [ -77.13451355155911, 38.934048454672507 ], [ -77.134308303785133, 38.934517013149673 ], [ -77.134707871670912, 38.934622679892811 ], [ -77.13432422628199, 38.934890022256752 ], [ -77.135333955397698, 38.937146827763968 ], [ -77.134967580589318, 38.938712498882751 ], [ -77.135614337931315, 38.939030325589101 ], [ -77.135060490449234, 38.939702279236826 ], [ -77.132572098723358, 38.938526296051748 ], [ -77.133614476826608, 38.936100701286364 ], [ -77.132938884521877, 38.935243362291374 ], [ -77.130383140769311, 38.93436618964796 ] ] ], [ [ [ -77.0848905447628, 38.939326761920597 ], [ -77.085685383573548, 38.938394084919139 ], [ -77.086086105289496, 38.938409242092916 ], [ -77.084310237427474, 38.940205915770434 ], [ -77.0848905447628, 38.939326761920597 ] ] ], [ [ [ -77.065984333909853, 38.940447916138453 ], [ -77.06437476688194, 38.940526285759518 ], [ -77.061456876933278, 38.939385350953216 ], [ -77.061641864780199, 38.938809836105122 ], [ -77.060523997584369, 38.93866931343814 ], [ -77.066706243997942, 38.939185607929517 ], [ -77.067507479686412, 38.940455269894869 ], [ -77.065984333909853, 38.940447916138453 ] ] ], [ [ [ -77.067609531154915, 38.940540832293607 ], [ -77.067676728498157, 38.94073131949483 ], [ -77.067407905850132, 38.940664633865822 ], [ -77.06754164852822, 38.940601498760202 ], [ -77.067609531154915, 38.940540832293607 ] ] ], [ [ [ -77.266812345613232, 38.938576612220913 ], [ -77.26706496967256, 38.938110929775632 ], [ -77.267313232919321, 38.939944507133362 ], [ -77.266963325596976, 38.940970061619112 ], [ -77.266812345613232, 38.938576612220913 ] ] ], [ [ [ -77.052820819525152, 38.940848247548615 ], [ -77.052692111251872, 38.940719487114677 ], [ -77.054051448215716, 38.94082264205133 ], [ -77.053328920293382, 38.940992509596697 ], [ -77.052820819525152, 38.940848247548615 ] ] ], [ [ [ -77.26720368829956, 38.941267931469895 ], [ -77.267656046389391, 38.939999431428646 ], [ -77.267445474628914, 38.937457767462035 ], [ -77.272178684798405, 38.941333722273498 ], [ -77.271823439999707, 38.941641153716319 ], [ -77.269744970953582, 38.941251644747638 ], [ -77.269425069511328, 38.942381540375834 ], [ -77.266537229509481, 38.941882842918915 ], [ -77.26720368829956, 38.941267931469895 ] ] ], [ [ [ -77.264811944915266, 38.941214002724109 ], [ -77.260969185879162, 38.939996845877772 ], [ -77.260967703796439, 38.933343561556171 ], [ -77.264403787604692, 38.934809032910607 ], [ -77.267163619005771, 38.93712770547927 ], [ -77.266696743160139, 38.938703288026375 ], [ -77.266900637454398, 38.941017008927872 ], [ -77.265548491469644, 38.942420954063834 ], [ -77.264625035217136, 38.942171623321826 ], [ -77.264811944915266, 38.941214002724109 ] ] ], [ [ [ -77.078305100799696, 38.942465718717983 ], [ -77.078973363629814, 38.939586416879706 ], [ -77.078251825861059, 38.939262486474604 ], [ -77.078818849310437, 38.938652935884363 ], [ -77.077973182616233, 38.937882264554901 ], [ -77.078481484832594, 38.937789828637733 ], [ -77.079130450909531, 38.936294678756497 ], [ -77.078887580897117, 38.935939455541472 ], [ -77.077433663133036, 38.93607414430636 ], [ -77.077257007504841, 38.935483079280743 ], [ -77.078087009807632, 38.935002233366447 ], [ -77.077842082146333, 38.93449036353951 ], [ -77.07717788425191, 38.934603160107827 ], [ -77.077190541310415, 38.93416813645041 ], [ -77.079033659575714, 38.934125715429502 ], [ -77.079628949616279, 38.933658818899403 ], [ -77.080997024393128, 38.934655218263742 ], [ -77.080878214058316, 38.935562330237417 ], [ -77.081517632033069, 38.936334090645801 ], [ -77.07992738424133, 38.936377160977258 ], [ -77.079619968087002, 38.939185114201734 ], [ -77.081297197407707, 38.939412130065818 ], [ -77.080109719987547, 38.939979122938212 ], [ -77.079291952961228, 38.942235432918949 ], [ -77.078723391671133, 38.942231059515848 ], [ -77.078087098840513, 38.943097376442836 ], [ -77.078305100799696, 38.942465718717983 ] ] ], [ [ [ -77.081634297484811, 38.943105750030384 ], [ -77.081947768774455, 38.942737967783046 ], [ -77.081948194153824, 38.943108091864985 ], [ -77.081634297484811, 38.943105750030384 ] ] ], [ [ [ -77.080395136925972, 38.943264178199342 ], [ -77.081189526975038, 38.943263628713567 ], [ -77.080396186434825, 38.944194403648851 ], [ -77.080395136925972, 38.943264178199342 ] ] ], [ [ [ -77.069931464665331, 38.944729069491018 ], [ -77.069931138211416, 38.944396117087194 ], [ -77.07015057369, 38.944728938189996 ], [ -77.069931464665331, 38.944729069491018 ] ] ], [ [ [ -77.053328032662534, 38.945685447225685 ], [ -77.053919650771206, 38.945003490418799 ], [ -77.054632398566298, 38.946002248704872 ], [ -77.054390935992842, 38.946266014465039 ], [ -77.053328032662534, 38.945685447225685 ] ] ], [ [ [ -77.078884247110295, 38.946034252878519 ], [ -77.0790198019223, 38.946116945540666 ], [ -77.078963509758125, 38.946348112675309 ], [ -77.078791869649024, 38.946059368245301 ], [ -77.078884247110295, 38.946034252878519 ] ] ], [ [ [ -77.078550506900342, 38.946224216674295 ], [ -77.078560350879457, 38.946209448906984 ], [ -77.078731615971265, 38.946530977222892 ], [ -77.078500908390197, 38.94647183960376 ], [ -77.078550506900342, 38.946224216674295 ] ] ], [ [ [ -77.078050640324761, 38.946421723084086 ], [ -77.078335972726904, 38.946469584104079 ], [ -77.077875541423055, 38.947009691743915 ], [ -77.078050821088482, 38.946586467191764 ], [ -77.078050640324761, 38.946421723084086 ] ] ], [ [ [ -77.05444748985974, 38.946283758988329 ], [ -77.055993245491834, 38.94610323177875 ], [ -77.056282522320487, 38.946884422478149 ], [ -77.055356137875435, 38.947091895174879 ], [ -77.055262014830078, 38.94655285772825 ], [ -77.05444748985974, 38.946283758988329 ] ] ], [ [ [ -77.078623849311157, 38.946761473463255 ], [ -77.078827926167833, 38.946707873869343 ], [ -77.079052494976622, 38.947073852975961 ], [ -77.078604456330538, 38.947241349908438 ], [ -77.078623849311157, 38.946761473463255 ] ] ], [ [ [ -77.07809706872473, 38.947236639259529 ], [ -77.078356353163144, 38.94693700044229 ], [ -77.07783778338694, 38.947536279875465 ], [ -77.07809706872473, 38.947236639259529 ] ] ], [ [ [ -77.057597069449173, 38.946108016172047 ], [ -77.056432864684894, 38.946305006371006 ], [ -77.055988801042304, 38.945235913007025 ], [ -77.063425288746032, 38.945442243564742 ], [ -77.064801078806681, 38.947798952959374 ], [ -77.062089858460183, 38.946669922478975 ], [ -77.057597069449173, 38.946108016172047 ] ] ], [ [ [ -77.078601023618319, 38.947370612164093 ], [ -77.078906383023138, 38.94752210566071 ], [ -77.078811546815416, 38.94784626899019 ], [ -77.078618040590072, 38.947843643869135 ], [ -77.078601023618319, 38.947370612164093 ] ] ], [ [ [ -77.078232018292965, 38.94750068740683 ], [ -77.078418317351407, 38.947435163701869 ], [ -77.07841767973207, 38.947850508394311 ], [ -77.078373607555932, 38.947857194853725 ], [ -77.078232018292965, 38.94750068740683 ] ] ], [ [ [ -77.100032086511533, 38.948988845059205 ], [ -77.100318185136075, 38.948954037698741 ], [ -77.100366020975059, 38.949131769815381 ], [ -77.100297587063949, 38.949184856795739 ], [ -77.100032086511533, 38.948988845059205 ] ] ], [ [ [ -77.100969147707985, 38.948603366851955 ], [ -77.101372588973788, 38.948803787065174 ], [ -77.100820032918136, 38.949236153225968 ], [ -77.100569270455424, 38.948873014178332 ], [ -77.100969147707985, 38.948603366851955 ] ] ], [ [ [ -77.078226420912529, 38.950058072422166 ], [ -77.077986510568962, 38.948206527509285 ], [ -77.078461029752702, 38.948081081077078 ], [ -77.078593347005324, 38.950649224682024 ], [ -77.078227070223079, 38.950649470196936 ], [ -77.078226420912529, 38.950058072422166 ] ] ], [ [ [ -77.071719025512607, 38.952388086341159 ], [ -77.071697296093305, 38.952216958845611 ], [ -77.073426951392662, 38.952243573382248 ], [ -77.071892923819348, 38.952903088506787 ], [ -77.071719025512607, 38.952388086341159 ] ] ], [ [ [ -77.069909264900616, 38.953400998157576 ], [ -77.070405499114429, 38.9533993676867 ], [ -77.07040722941008, 38.953424082855179 ], [ -77.0697744556266, 38.953786551008591 ], [ -77.069909264900616, 38.953400998157576 ] ] ], [ [ [ -77.069184263842658, 38.953402518911162 ], [ -77.069680824510385, 38.953400925312508 ], [ -77.069497474328955, 38.953927079970811 ], [ -77.069340868186487, 38.953664798991326 ], [ -77.069184263842658, 38.953402518911162 ] ] ], [ [ [ -77.127428665500474, 38.951846847354147 ], [ -77.127573766616024, 38.951805766323105 ], [ -77.128609163282249, 38.954001696720979 ], [ -77.128141328759284, 38.953913795185542 ], [ -77.127428665500474, 38.951846847354147 ] ] ], [ [ [ -77.0694180444072, 38.95404055103063 ], [ -77.06948560237862, 38.954038904371998 ], [ -77.069456467042301, 38.954105398445449 ], [ -77.0694180444072, 38.95404055103063 ] ] ], [ [ [ -77.068917425998393, 38.954420962457505 ], [ -77.069019254435034, 38.954040942235736 ], [ -77.069274650204932, 38.95444764983921 ], [ -77.068917425998393, 38.954420962457505 ] ] ], [ [ [ -77.071901673323509, 38.954603486162 ], [ -77.07226292649284, 38.954181935248187 ], [ -77.072506509667676, 38.954603112943346 ], [ -77.071901673323509, 38.954603486162 ] ] ], [ [ [ -77.069311764326415, 38.954638242261126 ], [ -77.069357475966683, 38.95451818186865 ], [ -77.069425311828638, 38.954638174811976 ], [ -77.069311764326415, 38.954638242261126 ] ] ], [ [ [ -77.072584088784652, 38.954282814000692 ], [ -77.07237084513838, 38.953942558202527 ], [ -77.072860401885976, 38.953360225593997 ], [ -77.073420623762729, 38.953506946388529 ], [ -77.073583360583598, 38.9524959105579 ], [ -77.075009686247995, 38.950826138415607 ], [ -77.080216039638458, 38.9508604727327 ], [ -77.080216342710003, 38.952059182685161 ], [ -77.0797720830152, 38.952059486656026 ], [ -77.07916450283949, 38.954643314437476 ], [ -77.076216284154157, 38.954648677094838 ], [ -77.076216505387379, 38.952480765075279 ], [ -77.074231296936773, 38.952542612351749 ], [ -77.073727821381794, 38.954006445141374 ], [ -77.075022152650206, 38.953975155928731 ], [ -77.075047690698341, 38.954650221230793 ], [ -77.072832414084587, 38.954667535878116 ], [ -77.072584088784652, 38.954282814000692 ] ], [ [ -77.076674769325109, 38.952801200714873 ], [ -77.076675638969505, 38.953609591409588 ], [ -77.078144034019942, 38.95398480385569 ], [ -77.078002514004766, 38.952766419434738 ], [ -77.078627094964418, 38.952424451327431 ], [ -77.078327536186805, 38.951748501991801 ], [ -77.076626767111577, 38.951796558164688 ], [ -77.076674769325109, 38.952801200714873 ] ] ], [ [ [ -77.125675066650956, 38.952480721008499 ], [ -77.127043154018281, 38.951958270657713 ], [ -77.127874887515986, 38.954156511413942 ], [ -77.126005405624937, 38.954673680046369 ], [ -77.125675066650956, 38.952480721008499 ] ] ], [ [ [ -77.068954658830421, 38.954823036753794 ], [ -77.069139626892252, 38.954822927036503 ], [ -77.06901164077459, 38.955166218945919 ], [ -77.068954990680254, 38.955166252220806 ], [ -77.068954658830421, 38.954823036753794 ] ] ], [ [ [ -77.068772415714363, 38.955213549365851 ], [ -77.068993611166206, 38.955213418964149 ], [ -77.068906267210423, 38.955444111256782 ], [ -77.068772638746225, 38.955444190397145 ], [ -77.068772415714363, 38.955213549365851 ] ] ], [ [ [ -77.06866928416008, 38.955582309176293 ], [ -77.068877596823597, 38.955582186868469 ], [ -77.068748929919138, 38.955818857854069 ], [ -77.068669510789277, 38.955818904618809 ], [ -77.06866928416008, 38.955582309176293 ] ] ], [ [ [ -77.068415194205784, 38.955874737229408 ], [ -77.06842180692081, 38.955860955119022 ], [ -77.068715520105116, 38.955873700311088 ], [ -77.068550120391706, 38.956104581461318 ], [ -77.068415194205784, 38.955874737229408 ] ] ], [ [ [ -77.091938420121949, 38.954745227410342 ], [ -77.092360417099542, 38.954744797534431 ], [ -77.092360755244613, 38.955173423414806 ], [ -77.091061065815495, 38.956193601753398 ], [ -77.090673925661122, 38.955923161224973 ], [ -77.090672429189226, 38.954746508944311 ], [ -77.091938420121949, 38.954745227410342 ] ] ], [ [ [ -77.062394444447989, 38.957783079725402 ], [ -77.062512324883869, 38.957359803911856 ], [ -77.063583747491919, 38.95743341252205 ], [ -77.063194044269665, 38.957810881367152 ], [ -77.062394444447989, 38.957783079725402 ] ] ], [ [ [ -77.063279427703378, 38.95781605067026 ], [ -77.063757103507498, 38.957353040110775 ], [ -77.064566644435047, 38.957987620632252 ], [ -77.063902879114551, 38.957876915887027 ], [ -77.063279427703378, 38.95781605067026 ] ] ], [ [ [ -77.059690468140559, 38.957856259358948 ], [ -77.059983303586534, 38.957862372950217 ], [ -77.059799103545743, 38.958247702769313 ], [ -77.059682505543151, 38.957928298652121 ], [ -77.059690468140559, 38.957856259358948 ] ] ], [ [ [ -77.064053504765411, 38.958302680124632 ], [ -77.063945997110068, 38.958219844470307 ], [ -77.064198470083284, 38.958254231847377 ], [ -77.064053504765411, 38.958302680124632 ] ] ], [ [ [ -77.065044779792743, 38.958092472589612 ], [ -77.064807543133554, 38.957830295931444 ], [ -77.067041415029223, 38.957749892043921 ], [ -77.068486786535914, 38.956274753876869 ], [ -77.06733904566039, 38.957604973490788 ], [ -77.066181131653877, 38.95845940138031 ], [ -77.065044779792743, 38.958092472589612 ] ] ], [ [ [ -77.063925763263342, 38.958345379935395 ], [ -77.063772158158542, 38.958233218288456 ], [ -77.064828991065042, 38.958539182936988 ], [ -77.064764595109921, 38.958661983563729 ], [ -77.063925763263342, 38.958345379935395 ] ] ], [ [ [ -77.065301189098534, 38.958606974732163 ], [ -77.065342584892335, 38.958599442010666 ], [ -77.065853784724368, 38.958694691906544 ], [ -77.065363954582779, 38.958802201360584 ], [ -77.065301189098534, 38.958606974732163 ] ] ], [ [ [ -77.058106355523876, 38.958326856599228 ], [ -77.057995757797926, 38.957641931130297 ], [ -77.057387708176179, 38.957575531485645 ], [ -77.057627807377344, 38.9568550549169 ], [ -77.059401507873247, 38.957687276746469 ], [ -77.059642779790408, 38.958391855100103 ], [ -77.059028963715662, 38.958307602114189 ], [ -77.058800730169537, 38.958811968897294 ], [ -77.058106355523876, 38.958326856599228 ] ] ], [ [ [ -77.068918882900107, 38.955925599287013 ], [ -77.069084080266066, 38.955659527665148 ], [ -77.069522514152652, 38.956141813394026 ], [ -77.067083729930175, 38.958940548567512 ], [ -77.066386030490889, 38.958590580091254 ], [ -77.067860424019329, 38.957348212550016 ], [ -77.068918882900107, 38.955925599287013 ] ] ], [ [ [ -77.080394242100567, 38.958696361947602 ], [ -77.080528088200651, 38.958696269317443 ], [ -77.080528404762049, 38.958976580804631 ], [ -77.080394558661908, 38.958976672535471 ], [ -77.080394242100567, 38.958696361947602 ] ] ], [ [ [ -77.035970475057354, 38.962972499781074 ], [ -77.036054659694742, 38.962665987445405 ], [ -77.036090142446085, 38.962671668462804 ], [ -77.036090460806065, 38.963011600505013 ], [ -77.035970475057354, 38.962972499781074 ] ] ], [ [ [ -77.059181162280765, 38.961116590458346 ], [ -77.059647878047087, 38.961116353037312 ], [ -77.059866927716484, 38.962322977923122 ], [ -77.057768835463321, 38.96308087708087 ], [ -77.057581011154696, 38.961117389056312 ], [ -77.059181162280765, 38.961116590458346 ] ] ], [ [ [ -77.035898414180451, 38.963234871592078 ], [ -77.035935563375517, 38.963099612657061 ], [ -77.036099144659772, 38.96314755551532 ], [ -77.035893127965437, 38.963249239161087 ], [ -77.035898414180451, 38.963234871592078 ] ] ], [ [ [ -77.076808809678766, 38.967033990126595 ], [ -77.076816739900607, 38.967036465960177 ], [ -77.0769429903267, 38.967143162427078 ], [ -77.076814657070713, 38.967186460286939 ], [ -77.076808809678766, 38.967033990126595 ] ] ], [ [ [ -77.077128343298341, 38.967288577405952 ], [ -77.077516617497849, 38.967455777562122 ], [ -77.076928290907858, 38.967915841942613 ], [ -77.076725964131924, 38.967543441676526 ], [ -77.077128343298341, 38.967288577405952 ] ] ], [ [ [ -77.076106919398796, 38.967750937755625 ], [ -77.076410695097479, 38.967750739904773 ], [ -77.07643811722528, 38.967830750788551 ], [ -77.076211989891362, 38.968007576388572 ], [ -77.076106919398796, 38.967750937755625 ] ] ], [ [ [ -77.174964630013619, 38.968115159587001 ], [ -77.169569003506695, 38.966907987014054 ], [ -77.164290716043695, 38.967906988117079 ], [ -77.158916895398363, 38.96594684377186 ], [ -77.150863265926944, 38.965682274017809 ], [ -77.147285182764961, 38.964545711715289 ], [ -77.145169899071561, 38.963246557382774 ], [ -77.140924152027935, 38.958648465854083 ], [ -77.136738609199426, 38.955241908587254 ], [ -77.134460758657042, 38.952399343155207 ], [ -77.136413203906216, 38.950501412110555 ], [ -77.136041821672677, 38.945279046290977 ], [ -77.132522258295523, 38.941534121802306 ], [ -77.133073944706723, 38.940959381270488 ], [ -77.131485525236769, 38.938884998743731 ], [ -77.131813449531023, 38.93828496567869 ], [ -77.135742591147618, 38.940194404448278 ], [ -77.134746550612761, 38.9410364720556 ], [ -77.137589169104842, 38.945316430209118 ], [ -77.138062664860058, 38.950349247719657 ], [ -77.140125259972706, 38.949914829305953 ], [ -77.139255080457531, 38.951040434268691 ], [ -77.139756418323998, 38.954409265874972 ], [ -77.143249259245863, 38.956832172566749 ], [ -77.145999857307515, 38.956960459057996 ], [ -77.145437204563279, 38.957657647682367 ], [ -77.150428610991582, 38.958797691260486 ], [ -77.151822550270424, 38.955076692335524 ], [ -77.151840060970017, 38.953236126346212 ], [ -77.149997957139988, 38.94945397532075 ], [ -77.150340766113402, 38.946870500073544 ], [ -77.151342720590037, 38.945326958572309 ], [ -77.156557426883694, 38.946424627894316 ], [ -77.155840659119065, 38.94884431861044 ], [ -77.158358657426049, 38.949320284803377 ], [ -77.156590753060755, 38.955313633117726 ], [ -77.156907427735575, 38.955741470292651 ], [ -77.158630376790427, 38.955828360990097 ], [ -77.15851850382586, 38.955234580011904 ], [ -77.159503631986979, 38.955428321859642 ], [ -77.160195234022808, 38.954944313029671 ], [ -77.159206452815511, 38.95664586541443 ], [ -77.159974596150676, 38.957172243104594 ], [ -77.159813516780332, 38.957567183978426 ], [ -77.1589022490395, 38.957360703233917 ], [ -77.158206509222964, 38.958906772729449 ], [ -77.160259119162959, 38.959474664923903 ], [ -77.159298201650643, 38.962084376093117 ], [ -77.160074530615077, 38.96356304499858 ], [ -77.162213248842306, 38.96399957142313 ], [ -77.171190133118102, 38.963163325127425 ], [ -77.172316744422176, 38.960717719547176 ], [ -77.174531516516254, 38.960786945761015 ], [ -77.175586846655619, 38.960047349605532 ], [ -77.174282586871868, 38.962689282584392 ], [ -77.17633615189186, 38.963536152571464 ], [ -77.181672260366497, 38.962642041197284 ], [ -77.178612540136555, 38.964334907929697 ], [ -77.18028636282537, 38.96459046647692 ], [ -77.17904276051496, 38.968114530960861 ], [ -77.174964630013619, 38.968115159587001 ] ] ], [ [ [ -77.166385581529312, 38.970729084979325 ], [ -77.170221371718867, 38.969986575919791 ], [ -77.170198218672795, 38.970510786243835 ], [ -77.16952186554164, 38.970720705995859 ], [ -77.166385581529312, 38.970729084979325 ] ] ], [ [ [ -77.175932030738579, 38.969050607399652 ], [ -77.178993662027835, 38.969410743610979 ], [ -77.179149299600454, 38.96984904799524 ], [ -77.178703964316469, 38.970739433478116 ], [ -77.17781492242068, 38.970983531964464 ], [ -77.174481346936545, 38.969786279813036 ], [ -77.172117941189981, 38.969490249075761 ], [ -77.175932030738579, 38.969050607399652 ] ] ], [ [ [ -77.164464900334849, 38.971190773535398 ], [ -77.160843710868505, 38.970155109770531 ], [ -77.164666312500287, 38.970933412746831 ], [ -77.167848514097614, 38.971182524054313 ], [ -77.169919882996169, 38.970865736064923 ], [ -77.168121154367725, 38.971484331137049 ], [ -77.164464900334849, 38.971190773535398 ] ] ], [ [ [ -77.217448020709526, 38.973765808645226 ], [ -77.217882090186265, 38.973370299399846 ], [ -77.219837183039544, 38.973609632378668 ], [ -77.218900064286515, 38.974630403370497 ], [ -77.218022361043097, 38.974526677364338 ], [ -77.217448020709526, 38.973765808645226 ] ] ], [ [ [ -77.212144829220449, 38.974944393568933 ], [ -77.214370778088892, 38.974154961482327 ], [ -77.213696806362464, 38.975495940585233 ], [ -77.212479667502635, 38.976429138294122 ], [ -77.212144829220449, 38.974944393568933 ] ] ], [ [ [ -77.20411058913237, 38.97168143644916 ], [ -77.203667054291088, 38.9710190300043 ], [ -77.206327892817967, 38.971631457525802 ], [ -77.209899414526319, 38.974366616925863 ], [ -77.211505800652162, 38.974666517445883 ], [ -77.212141571875975, 38.976290320741782 ], [ -77.209843167328245, 38.977817240972968 ], [ -77.208880783921018, 38.977483812827757 ], [ -77.208665972756421, 38.976200143921574 ], [ -77.208371507738832, 38.97579147219875 ], [ -77.20411058913237, 38.97168143644916 ] ] ], [ [ [ -77.05577623638419, 38.978390989552565 ], [ -77.052721864422494, 38.977031825258564 ], [ -77.052859639660596, 38.97615703671795 ], [ -77.055048074209196, 38.977602519740572 ], [ -77.05664650043559, 38.977922550685207 ], [ -77.056956515630645, 38.977558041070779 ], [ -77.056831273344528, 38.977894840774354 ], [ -77.05811626695214, 38.978317094958015 ], [ -77.059186783043572, 38.977833693170453 ], [ -77.062720909142627, 38.977831851358928 ], [ -77.061832082184822, 38.978585068646055 ], [ -77.062795517798861, 38.977831811788747 ], [ -77.063541613354744, 38.977831408892484 ], [ -77.062457313354287, 38.978679175503601 ], [ -77.05577623638419, 38.978390989552565 ] ] ], [ [ [ -77.256755024824486, 38.985023482447787 ], [ -77.257133629513362, 38.982044560907809 ], [ -77.262594653820202, 38.985244147299625 ], [ -77.258074362641707, 38.988211304807919 ], [ -77.255494515259613, 38.98826339084286 ], [ -77.256755024824486, 38.985023482447787 ] ] ], [ [ [ -77.043961683484895, 38.984847671283035 ], [ -77.042740278241183, 38.984879423646532 ], [ -77.042523922940632, 38.986167217742945 ], [ -77.04194917251624, 38.98638913714899 ], [ -77.040127422142803, 38.985165651773457 ], [ -77.039231629036408, 38.983939384794837 ], [ -77.040090501375516, 38.983523460039692 ], [ -77.039014143288057, 38.982573473786829 ], [ -77.03923805109514, 38.98108536379857 ], [ -77.036636265651111, 38.980850035500794 ], [ -77.036658964539527, 38.970458547324142 ], [ -77.038379408083188, 38.970160511098754 ], [ -77.037682939815795, 38.967486370699476 ], [ -77.036659400710732, 38.965988958123944 ], [ -77.036665963963003, 38.96253737539962 ], [ -77.038517217495553, 38.962934889233793 ], [ -77.038492091336934, 38.96255304698559 ], [ -77.03891354242603, 38.962613587547082 ], [ -77.038906176978458, 38.961872557872312 ], [ -77.038388150392791, 38.96164925980554 ], [ -77.038857253859135, 38.961057250491763 ], [ -77.037760151110035, 38.960552516785299 ], [ -77.038932089144566, 38.958903364298862 ], [ -77.037715700319268, 38.958363594804098 ], [ -77.038501822900741, 38.957249448103596 ], [ -77.037610737745297, 38.956881402354895 ], [ -77.040247327851887, 38.949405382252621 ], [ -77.045769978201918, 38.944054112107665 ], [ -77.046996250576456, 38.942512168701683 ], [ -77.046561067739049, 38.942128308374777 ], [ -77.047045410217493, 38.942128114121203 ], [ -77.048064937446895, 38.94097428483542 ], [ -77.0476532287135, 38.940857362177553 ], [ -77.048132394694221, 38.940826173689004 ], [ -77.04753288683321, 38.940834069736582 ], [ -77.047406260490504, 38.93788305505899 ], [ -77.046609266904113, 38.937331444190875 ], [ -77.045353632564058, 38.937483195792879 ], [ -77.047750986818528, 38.932726227333603 ], [ -77.048739602550597, 38.932742241561243 ], [ -77.051496903259419, 38.933527899193223 ], [ -77.049533478187413, 38.934965085070644 ], [ -77.052394381695308, 38.93723449637497 ], [ -77.054637932994183, 38.936944142158495 ], [ -77.054924341884828, 38.937415198952294 ], [ -77.056991976798258, 38.937680144623016 ], [ -77.06018909275241, 38.938911624971581 ], [ -77.059307168091323, 38.939387816894282 ], [ -77.059585756477418, 38.940400335706954 ], [ -77.058444359419639, 38.940397882356422 ], [ -77.055591796224405, 38.938492099330972 ], [ -77.053030612472753, 38.938641769901835 ], [ -77.052372219702136, 38.940714650560722 ], [ -77.053263562063705, 38.941089761383409 ], [ -77.052598674389287, 38.941937764516297 ], [ -77.052187748965423, 38.941711155145754 ], [ -77.050158829866064, 38.944587156472153 ], [ -77.051432681772781, 38.946048518824114 ], [ -77.051546768868263, 38.948758195934033 ], [ -77.052934800500623, 38.950396879412494 ], [ -77.053067122249843, 38.951646857016897 ], [ -77.054731486768674, 38.952116946140222 ], [ -77.0555627247399, 38.953395411569034 ], [ -77.057259456758459, 38.954344363601535 ], [ -77.057503739605863, 38.955454434574563 ], [ -77.058401374523783, 38.956260444763757 ], [ -77.057273221781713, 38.956826535616187 ], [ -77.055930213808267, 38.958833915952539 ], [ -77.056153518170277, 38.960846296519435 ], [ -77.052415576917326, 38.961452845172744 ], [ -77.053023766833348, 38.963538880215197 ], [ -77.054396786982068, 38.965370717384758 ], [ -77.052010600508765, 38.979642443843773 ], [ -77.052624338342525, 38.983914630056177 ], [ -77.054305196427663, 38.985570306224702 ], [ -77.047113811752979, 38.991186974399398 ], [ -77.046672762637854, 38.990146748373775 ], [ -77.047323235978524, 38.989960675045154 ], [ -77.047136441393604, 38.989315473530326 ], [ -77.048499651737473, 38.98926702795103 ], [ -77.048412881549211, 38.988638626671332 ], [ -77.047493804095723, 38.987116106822896 ], [ -77.043961683484895, 38.984847671283035 ] ] ], [ [ [ -77.03576632535561, 38.990816909672674 ], [ -77.036076863056735, 38.990816814344555 ], [ -77.036003990991333, 38.991730837608145 ], [ -77.035172235909897, 38.991092136393036 ], [ -77.03576632535561, 38.990816909672674 ] ] ], [ [ [ -77.042115574074444, 38.987698612101326 ], [ -77.042193762032468, 38.987946701778924 ], [ -77.036640355767759, 38.991919668258163 ], [ -77.036639784698252, 38.990809424615293 ], [ -77.037839109787058, 38.990615259186939 ], [ -77.042115574074444, 38.987698612101326 ] ] ], [ [ [ -77.247231202557941, 38.992645531765959 ], [ -77.247428280890404, 38.992279247789099 ], [ -77.24771276882916, 38.994798187686285 ], [ -77.246434740470875, 38.994240076518395 ], [ -77.247231202557941, 38.992645531765959 ] ] ], [ [ [ -77.247918247728933, 38.994697447429303 ], [ -77.247737728613231, 38.992358732569528 ], [ -77.247930149356876, 38.991792017587613 ], [ -77.249644896594646, 38.99476128760341 ], [ -77.248377687080563, 38.995030762259944 ], [ -77.247918247728933, 38.994697447429303 ] ] ], [ [ [ -77.043953742471217, 38.992706254889811 ], [ -77.043959480145872, 38.990904819302045 ], [ -77.042498091713526, 38.986513963948312 ], [ -77.044575049898583, 38.990321547801216 ], [ -77.044692025616428, 38.992701951633819 ], [ -77.046888053141117, 38.991370711289335 ], [ -77.041465835479869, 38.995273238369293 ], [ -77.043953742471217, 38.992706254889811 ] ] ], [ [ [ -77.249558773918238, 39.000174555211629 ], [ -77.249822894910608, 38.999240215363727 ], [ -77.249290653640742, 38.999858796946 ], [ -77.249130842314457, 38.99836623531354 ], [ -77.249795158020106, 38.995084027306063 ], [ -77.252853839533032, 38.996252700801563 ], [ -77.252145082929189, 38.997442183709836 ], [ -77.251426787216417, 39.000796083872217 ], [ -77.249876900998117, 39.001941428953842 ], [ -77.249558773918238, 39.000174555211629 ] ] ], [ [ [ -77.252267074166127, 39.00679882020944 ], [ -77.249706022614816, 39.00290752476252 ], [ -77.2509565434097, 39.002549247449849 ], [ -77.252270505979027, 39.00414700278202 ], [ -77.25258541618399, 39.005695098450076 ], [ -77.252267074166127, 39.00679882020944 ] ] ], [ [ [ -77.255772567649842, 39.001612066643588 ], [ -77.253779518010333, 38.99815693069786 ], [ -77.253114916320271, 38.995666734931945 ], [ -77.249649900422526, 38.993769809329308 ], [ -77.24434282925813, 38.982554202214715 ], [ -77.240067386600572, 38.980985581319601 ], [ -77.239707251288564, 38.980115533105447 ], [ -77.235544014344725, 38.976830198155199 ], [ -77.234981775288645, 38.976082225714208 ], [ -77.235153880347241, 38.975019015715077 ], [ -77.237263398487016, 38.974581082750831 ], [ -77.23907279487355, 38.976494228525894 ], [ -77.237900527687145, 38.97445724340713 ], [ -77.241959267905827, 38.971764945695725 ], [ -77.2425848363211, 38.972838956552664 ], [ -77.242650481434509, 38.976330523135175 ], [ -77.244816960834044, 38.974857791553916 ], [ -77.246007410513528, 38.975599801489693 ], [ -77.245858957624762, 38.976261410235963 ], [ -77.246910213835235, 38.977140723265791 ], [ -77.248380978599243, 38.977834247152828 ], [ -77.248687676195289, 38.978622476845885 ], [ -77.253042829363039, 38.977940833902437 ], [ -77.255359248230661, 38.981013973815891 ], [ -77.256810222513707, 38.981855062960847 ], [ -77.256252009722459, 38.98572308305387 ], [ -77.255065712212797, 38.988536523941491 ], [ -77.255531017842145, 38.991275782451453 ], [ -77.255195977212566, 38.994721003371637 ], [ -77.255687379369022, 38.99489001835974 ], [ -77.25584910265394, 38.993393414274692 ], [ -77.256583974670662, 38.993487964498001 ], [ -77.256658845928939, 38.994805062103978 ], [ -77.258410752254349, 38.994673636079483 ], [ -77.258583321363176, 38.996070484665211 ], [ -77.256770253044692, 38.996764790962402 ], [ -77.259133330538759, 38.999341498811191 ], [ -77.260022209657222, 38.99945395543574 ], [ -77.260114757989641, 39.000455422479831 ], [ -77.259451732811158, 39.001127882445871 ], [ -77.262661216242122, 39.00111291143179 ], [ -77.264930071765377, 39.006093854248036 ], [ -77.254682692752056, 39.00686026728755 ], [ -77.255378743734013, 39.005113036537466 ], [ -77.255772567649842, 39.001612066643588 ] ] ], [ [ [ -77.244535768910566, 39.03204760321438 ], [ -77.243490885296069, 39.031852269566627 ], [ -77.242957841830901, 39.032319033896329 ], [ -77.243186833505547, 39.031151377534115 ], [ -77.240497146526025, 39.026811859080112 ], [ -77.237650079087814, 39.024223237012848 ], [ -77.237116788309095, 39.022338006194104 ], [ -77.234895932301413, 39.023380317747524 ], [ -77.23415991185044, 39.021659643977443 ], [ -77.235793097773183, 39.01866163882363 ], [ -77.23523896070941, 39.018177841334364 ], [ -77.236377910711951, 39.015229804312071 ], [ -77.236584672944275, 39.012434935324052 ], [ -77.242021202416538, 39.005805744739405 ], [ -77.242259326706517, 39.000706252391694 ], [ -77.239409412914029, 39.000834402185944 ], [ -77.238299583858691, 38.99875789096393 ], [ -77.238518478844696, 38.996138786375923 ], [ -77.237686046573742, 38.995651356524945 ], [ -77.236095074827801, 38.995550752964903 ], [ -77.234234940490069, 38.996313559723035 ], [ -77.231333379531804, 38.995966333279682 ], [ -77.230321615250318, 38.995376378916831 ], [ -77.228624554079886, 38.992097886908027 ], [ -77.226974680337207, 38.99111131443567 ], [ -77.225858539839692, 38.989680711595611 ], [ -77.227070754012061, 38.984152633837027 ], [ -77.226454160830826, 38.981710879153809 ], [ -77.224413654866225, 38.981101457166574 ], [ -77.221662102623895, 38.979144507213277 ], [ -77.217518977218958, 38.978982532118209 ], [ -77.215160822613825, 38.978370382487242 ], [ -77.210183799043079, 38.978673472003209 ], [ -77.208342620615383, 38.978248152030631 ], [ -77.203846138988069, 38.976535121598658 ], [ -77.196692346874272, 38.972081212977628 ], [ -77.193866092446171, 38.97132092162326 ], [ -77.189776386770802, 38.971173618068065 ], [ -77.181117155632194, 38.972260534196323 ], [ -77.181176553155353, 38.972623309917878 ], [ -77.179068638506806, 38.972919608653058 ], [ -77.181834526841897, 38.974300068893115 ], [ -77.182749215603792, 38.975310667653218 ], [ -77.178801744005227, 38.972977416174842 ], [ -77.170096889359911, 38.972553018906751 ], [ -77.167523628612514, 38.973064412992301 ], [ -77.167429456104458, 38.972655434600654 ], [ -77.161722985227527, 38.971507103769852 ], [ -77.160206737251087, 38.971759489508884 ], [ -77.160135421012853, 38.971132444406862 ], [ -77.154433631107167, 38.970570962579927 ], [ -77.150829297633948, 38.970852167093881 ], [ -77.145650399646172, 38.970080605435669 ], [ -77.144199928084163, 38.969401378970531 ], [ -77.138317763853706, 38.964827947751644 ], [ -77.138620045778453, 38.964622859157657 ], [ -77.133862883964866, 38.960187687012194 ], [ -77.130873753320998, 38.956676461249742 ], [ -77.13047557218988, 38.955106969810856 ], [ -77.129470993491509, 38.953719900453109 ], [ -77.128758630606285, 38.95391125010417 ], [ -77.12787720147162, 38.951655173047868 ], [ -77.125170198046192, 38.947712253817485 ], [ -77.124728592250676, 38.947967639694866 ], [ -77.12385823556906, 38.946918081404363 ], [ -77.124413409551153, 38.946624370918016 ], [ -77.122173361111663, 38.941147714595388 ], [ -77.12057910414228, 38.939352721750765 ], [ -77.116857633972586, 38.93683147868984 ], [ -77.116102802402395, 38.937513326678754 ], [ -77.115101689691187, 38.936485719040775 ], [ -77.112442464548053, 38.93297454813694 ], [ -77.109222639812913, 38.927210908256882 ], [ -77.107191840231224, 38.924986919910452 ], [ -77.109838450583993, 38.927371815856645 ], [ -77.111590426157193, 38.930326510560064 ], [ -77.111985492036808, 38.930587534287326 ], [ -77.110107548424594, 38.927426384020464 ], [ -77.108079821826266, 38.9254099619003 ], [ -77.104496202437758, 38.923159967858282 ], [ -77.10177833610129, 38.920643277165539 ], [ -77.097683944958078, 38.913697761742355 ], [ -77.095388662856465, 38.911029067637401 ], [ -77.091285134601264, 38.908261005640952 ], [ -77.082618743060493, 38.905260824127765 ], [ -77.078060679456769, 38.905883193654518 ], [ -77.075797997779318, 38.90541878824655 ], [ -77.069035338809783, 38.904957620397909 ], [ -77.069018989134975, 38.904444025671296 ], [ -77.07027736820595, 38.904496108108958 ], [ -77.070482171714787, 38.90412314216934 ], [ -77.077943541860918, 38.90478638048711 ], [ -77.078210787098101, 38.905179801506677 ], [ -77.082823003378849, 38.904813856574265 ], [ -77.093705758813655, 38.907982560247035 ], [ -77.098745200730377, 38.911523657890541 ], [ -77.10075144882029, 38.912434986785286 ], [ -77.101701869445662, 38.913825016711201 ], [ -77.101416655754008, 38.915587533238124 ], [ -77.102777671752108, 38.918830045170523 ], [ -77.103218075154018, 38.919153598759635 ], [ -77.10353084677115, 38.918235578908877 ], [ -77.103893323917703, 38.918307602913615 ], [ -77.105547594445909, 38.920646344753038 ], [ -77.107504096536786, 38.921470641756741 ], [ -77.110126758842796, 38.923413300583434 ], [ -77.110078592053355, 38.924023536457071 ], [ -77.112136311041866, 38.924939209976628 ], [ -77.112153283047519, 38.925468442114948 ], [ -77.115393231012774, 38.928289882472143 ], [ -77.116589679170318, 38.931761201718132 ], [ -77.118572797596471, 38.934020319382284 ], [ -77.127623880437682, 38.941956752801957 ], [ -77.126539288157574, 38.942850900148983 ], [ -77.127492002953545, 38.944517558838299 ], [ -77.126560952825685, 38.947254533070293 ], [ -77.128056498408625, 38.949634053768591 ], [ -77.127881278098471, 38.95013630984289 ], [ -77.128843373722702, 38.952252449690832 ], [ -77.133527015958975, 38.959331691604348 ], [ -77.13759542209101, 38.962186980644674 ], [ -77.139854906678579, 38.963036927212499 ], [ -77.138801519074832, 38.962357053235451 ], [ -77.139284213095891, 38.961195823428568 ], [ -77.138665360817697, 38.961140620343429 ], [ -77.137832447409494, 38.959611459900998 ], [ -77.139374827885945, 38.960214974241694 ], [ -77.139450216254431, 38.960999647116068 ], [ -77.141360632587066, 38.963285056460222 ], [ -77.143435160804017, 38.964598157479031 ], [ -77.143194316064807, 38.965068743927418 ], [ -77.145531466104217, 38.966306921527234 ], [ -77.149234817632703, 38.970039605343572 ], [ -77.153975573114167, 38.96985881643127 ], [ -77.16112725002256, 38.970430833815954 ], [ -77.164361251670414, 38.971335415996691 ], [ -77.167812261526592, 38.971563804226264 ], [ -77.169312218284233, 38.971333625446505 ], [ -77.172731151121695, 38.969721013314143 ], [ -77.1778327379904, 38.971163006967231 ], [ -77.17886392403085, 38.970804223336302 ], [ -77.179377419832008, 38.969736747852664 ], [ -77.184461092205595, 38.969725102531527 ], [ -77.188361309826576, 38.968909194403864 ], [ -77.193938315201024, 38.970398739710106 ], [ -77.198783794036842, 38.969694375395136 ], [ -77.202859844406248, 38.971253540818282 ], [ -77.208650627624309, 38.976590981188906 ], [ -77.208351470843638, 38.977739405549187 ], [ -77.209733845740345, 38.978172296014691 ], [ -77.213458732434503, 38.976088743101059 ], [ -77.215071378741072, 38.973852303640967 ], [ -77.217136593578914, 38.973578536520279 ], [ -77.21747017460882, 38.974761584779344 ], [ -77.218362925308725, 38.975183876734604 ], [ -77.224628239401682, 38.975743525743155 ], [ -77.227436512784777, 38.978684986922644 ], [ -77.227651267292117, 38.979654885064974 ], [ -77.228302083274457, 38.979599038964523 ], [ -77.228189228250244, 38.980420271978005 ], [ -77.229794006388261, 38.981161949164687 ], [ -77.231522893666579, 38.98068006813071 ], [ -77.233404506512727, 38.978988146585721 ], [ -77.236582668355425, 38.97880917520331 ], [ -77.239059700744576, 38.980937760769109 ], [ -77.244429299072863, 38.983146561364777 ], [ -77.247415961977026, 38.990691961464904 ], [ -77.246296635181523, 38.994238372303073 ], [ -77.246595866605901, 38.994668386736691 ], [ -77.248229419452116, 38.995332139466711 ], [ -77.249535849299946, 38.995009822445411 ], [ -77.248771227709938, 38.997971512075651 ], [ -77.249049852968312, 39.000364838266705 ], [ -77.248336821886767, 39.001173911546857 ], [ -77.248598899619481, 39.002025415740377 ], [ -77.248924765365587, 39.001520378962368 ], [ -77.249410686154192, 39.004098588678971 ], [ -77.248941148315282, 39.005042829163301 ], [ -77.247356568950465, 39.00587823099562 ], [ -77.246693696656735, 39.007100138960311 ], [ -77.246393267335407, 39.006011890936065 ], [ -77.245639594091983, 39.008756875429526 ], [ -77.241696793572146, 39.015968387830867 ], [ -77.241168066852765, 39.018059822402961 ], [ -77.238220211493513, 39.021081083125523 ], [ -77.23777067457695, 39.022753619783771 ], [ -77.238382101152979, 39.024410259126228 ], [ -77.240938636308954, 39.026730027968483 ], [ -77.24255297783759, 39.029611756177644 ], [ -77.247528903336161, 39.032910035969451 ], [ -77.250023737805236, 39.035674383765866 ], [ -77.252779872093356, 39.036221038470217 ], [ -77.254937433815485, 39.037785921782927 ], [ -77.254402725705177, 39.03837151803117 ], [ -77.250294134266824, 39.036850420910241 ], [ -77.247086682404415, 39.033311599450826 ], [ -77.244535768910566, 39.03204760321438 ] ], [ [ -77.21854529163187, 38.97816823917293 ], [ -77.219071772744087, 38.978019340220442 ], [ -77.21697945863508, 38.978011575473886 ], [ -77.21854529163187, 38.97816823917293 ] ], [ [ -77.215877964496428, 38.977864786330883 ], [ -77.215188704295201, 38.977772924181181 ], [ -77.214629031004961, 38.977719958609271 ], [ -77.215193116369164, 38.977775219251043 ], [ -77.215877964496428, 38.977864786330883 ] ], [ [ -77.220720906344695, 38.97764453786516 ], [ -77.220294223899259, 38.977728649657536 ], [ -77.222364010890374, 38.977819352581093 ], [ -77.220720906344695, 38.97764453786516 ] ] ], [ [ [ -77.448738652067107, 39.231270642526169 ], [ -77.449379562017157, 39.230951241106936 ], [ -77.451989031268738, 39.234050417292963 ], [ -77.457447523984001, 39.238212764807315 ], [ -77.456686657962848, 39.23879093355481 ], [ -77.45027807377403, 39.234028131193327 ], [ -77.448738652067107, 39.231270642526169 ] ] ], [ [ [ -77.482786432547812, 39.250010572330098 ], [ -77.483137689752539, 39.249737487794903 ], [ -77.483725603553751, 39.250221278089555 ], [ -77.483367408978722, 39.250479901526262 ], [ -77.482786432547812, 39.250010572330098 ] ] ], [ [ [ -77.529860770558059, 39.271146613525445 ], [ -77.51868276499755, 39.26181193847026 ], [ -77.48864085988771, 39.254621118569844 ], [ -77.466257298035828, 39.244432948222027 ], [ -77.455121160413171, 39.236186183045959 ], [ -77.44910341888766, 39.229778831827673 ], [ -77.447241109089873, 39.228173381896113 ], [ -77.446997641028247, 39.22850592330974 ], [ -77.446372205712692, 39.227986398453595 ], [ -77.444937036115277, 39.226240147964518 ], [ -77.445571512315382, 39.223265105200483 ], [ -77.447961466048753, 39.221011443723228 ], [ -77.448661027984031, 39.221212995283565 ], [ -77.451609139650031, 39.220404573112603 ], [ -77.45369879086644, 39.21810342023673 ], [ -77.454121531583382, 39.218322539153917 ], [ -77.464555760040241, 39.211736711180322 ], [ -77.466684536262278, 39.209214315188547 ], [ -77.469013537544697, 39.204971219346362 ], [ -77.467844569970907, 39.204474020159978 ], [ -77.468491994609849, 39.193764638727146 ], [ -77.469555874603884, 39.193702758175789 ], [ -77.470873010880723, 39.190774231945284 ], [ -77.470101396162477, 39.190477941303982 ], [ -77.470776533410231, 39.189723391221605 ], [ -77.467791881390156, 39.188809760062441 ], [ -77.472698477252891, 39.186236540683865 ], [ -77.484201107495096, 39.174296402856783 ], [ -77.487234494676159, 39.164450921872572 ], [ -77.487838476664308, 39.164354196189265 ], [ -77.489504173079069, 39.168633820694311 ], [ -77.494294141261548, 39.169115029035424 ], [ -77.494088680348284, 39.170369071575465 ], [ -77.496971568682909, 39.171735752403094 ], [ -77.499306643986415, 39.173499124185298 ], [ -77.502285763377245, 39.171006502947819 ], [ -77.511591036896789, 39.168126585973198 ], [ -77.5134895075347, 39.16653465914726 ], [ -77.516483780502028, 39.151688636421511 ], [ -77.517195682035037, 39.151723760343316 ], [ -77.517412879101073, 39.146856954085195 ], [ -77.514518211446273, 39.138774730669354 ], [ -77.51377689129049, 39.133514261474033 ], [ -77.514337725605515, 39.12767520714516 ], [ -77.512651451803038, 39.12504143101728 ], [ -77.508577933924471, 39.12273339383114 ], [ -77.507622234278642, 39.122522817574009 ], [ -77.507832194500111, 39.122938053448479 ], [ -77.502532871894459, 39.121567528019057 ], [ -77.495538465727577, 39.119342510848242 ], [ -77.492408618163154, 39.119130933645749 ], [ -77.493120675278931, 39.119745960207922 ], [ -77.491595884642322, 39.119503214301972 ], [ -77.490769712552151, 39.119844311865563 ], [ -77.49100661736145, 39.120304328581938 ], [ -77.490235028723532, 39.119879829690433 ], [ -77.490755601289948, 39.119225393936858 ], [ -77.490492148493843, 39.118970898388284 ], [ -77.488284556586962, 39.11871802072011 ], [ -77.488530165035058, 39.118298026532727 ], [ -77.4838964189845, 39.116475893048062 ], [ -77.482629080867355, 39.117931950299294 ], [ -77.479736062569202, 39.118986119413933 ], [ -77.47776302554314, 39.121021964192323 ], [ -77.475528113131872, 39.11851854929165 ], [ -77.472532446215382, 39.118358476262699 ], [ -77.47032447119733, 39.107311044169421 ], [ -77.468750593764867, 39.103410921876616 ], [ -77.467790908323707, 39.102493768972295 ], [ -77.468235594297198, 39.099502872059929 ], [ -77.469849005926847, 39.09878876179198 ], [ -77.469469808584734, 39.098314588847245 ], [ -77.470091951482345, 39.098050393211111 ], [ -77.46640079296219, 39.093668159657909 ], [ -77.459482144785113, 39.087412580726095 ], [ -77.455565868869712, 39.084952409725986 ], [ -77.448183337790795, 39.081612446357383 ], [ -77.428518827581797, 39.076145690671126 ], [ -77.427197500464217, 39.075937310558515 ], [ -77.426977716048725, 39.0767340973008 ], [ -77.419068435859572, 39.075278948364826 ], [ -77.405312523654004, 39.071879376132358 ], [ -77.393570053215342, 39.069749094445228 ], [ -77.37815903051478, 39.068395923233311 ], [ -77.378262001989754, 39.067546116959761 ], [ -77.37390344938467, 39.067351843612755 ], [ -77.356356978391773, 39.068114099985792 ], [ -77.356347715374739, 39.069023993562496 ], [ -77.360312306467733, 39.068661426483686 ], [ -77.362105001544535, 39.0697660718468 ], [ -77.354722011811361, 39.069819094975287 ], [ -77.346063351742259, 39.070605275113394 ], [ -77.346348193114579, 39.080042412627279 ], [ -77.34259762897733, 39.079960120163491 ], [ -77.341053970564246, 39.079217301737117 ], [ -77.341904573637123, 39.077569303080907 ], [ -77.342294749003429, 39.071657414458173 ], [ -77.343275649451641, 39.070249616626541 ], [ -77.342205896884593, 39.069938090570474 ], [ -77.340273832071659, 39.070257868805641 ], [ -77.339515960792937, 39.069340905658294 ], [ -77.332261389751295, 39.068826336965913 ], [ -77.329210033216441, 39.068036048724707 ], [ -77.328346141761017, 39.070508419927705 ], [ -77.324865547806723, 39.06935044656592 ], [ -77.324236511605704, 39.070218638579377 ], [ -77.323112922023711, 39.069831866247682 ], [ -77.322535342332117, 39.07067080691229 ], [ -77.32140895855656, 39.07068909912266 ], [ -77.320380849096864, 39.070434689009744 ], [ -77.317883340044091, 39.065022750599496 ], [ -77.313032252136679, 39.064727137147713 ], [ -77.310830629030249, 39.068157387953136 ], [ -77.309850001076654, 39.071044247693919 ], [ -77.305451514076083, 39.066590160107864 ], [ -77.301733726630118, 39.06476117109122 ], [ -77.301686905226461, 39.063403813535217 ], [ -77.300955717732165, 39.0633292597376 ], [ -77.300968224603821, 39.064442264299089 ], [ -77.297282676953955, 39.063123232251428 ], [ -77.29396806907107, 39.063374802305361 ], [ -77.294022058970825, 39.060074593467789 ], [ -77.293553146160718, 39.05947307202473 ], [ -77.294083000629939, 39.058698226941658 ], [ -77.293652360268197, 39.058064073598189 ], [ -77.292839539513125, 39.058498786090183 ], [ -77.292091735245322, 39.057465352643987 ], [ -77.287105621327328, 39.05468466776324 ], [ -77.28833652790837, 39.053694393681383 ], [ -77.280735282607168, 39.049148816264903 ], [ -77.279154976820678, 39.046311247466122 ], [ -77.273421284364758, 39.045311563777716 ], [ -77.264721678162857, 39.041201125131863 ], [ -77.263862589087182, 39.042329555764411 ], [ -77.264807593095895, 39.042917790623619 ], [ -77.265187345319703, 39.043819547134433 ], [ -77.263067184602846, 39.043159399786532 ], [ -77.261075599958929, 39.044040313609628 ], [ -77.261084866573299, 39.044544691184626 ], [ -77.258534861394708, 39.043271457112098 ], [ -77.259581617397714, 39.040281753600084 ], [ -77.2566182100623, 39.039348751943407 ], [ -77.256049716221412, 39.038843670199299 ], [ -77.25633278413062, 39.038051872895664 ], [ -77.265335990663402, 39.040988684580157 ], [ -77.272843835074866, 39.044577763752841 ], [ -77.27876324652658, 39.045470206884602 ], [ -77.282990829063465, 39.049976172762229 ], [ -77.288041971159998, 39.052446952165155 ], [ -77.292898159122728, 39.05399270509929 ], [ -77.296055770557302, 39.055990981598598 ], [ -77.302557035278937, 39.057661800551728 ], [ -77.314608903977671, 39.058495699616913 ], [ -77.317167814243192, 39.059722102393152 ], [ -77.319646473505884, 39.063052376466032 ], [ -77.324564169700636, 39.065368010225541 ], [ -77.328612216980218, 39.066024402004587 ], [ -77.329676021431226, 39.066814990619378 ], [ -77.328871296373165, 39.066981136770096 ], [ -77.330764394461198, 39.06754566639944 ], [ -77.335505397256213, 39.068215633444765 ], [ -77.343905921321152, 39.0683673050072 ], [ -77.34957789690236, 39.067602541324277 ], [ -77.357357195378199, 39.067835424365398 ], [ -77.37235370166195, 39.06678948404749 ], [ -77.390270476601188, 39.067709060624679 ], [ -77.399973184814598, 39.069713397655221 ], [ -77.407686428985471, 39.070531347243957 ], [ -77.417153352944865, 39.073613301412763 ], [ -77.43120635708766, 39.076079518554991 ], [ -77.442501287104676, 39.078750454669773 ], [ -77.453611027826639, 39.082399023096514 ], [ -77.458489486600513, 39.085127628237501 ], [ -77.465722135767919, 39.090968206017919 ], [ -77.467271916765526, 39.093514887302263 ], [ -77.471637096474808, 39.097622451714813 ], [ -77.472622272299986, 39.101454673394528 ], [ -77.47360571962821, 39.103302210928348 ], [ -77.480720888558096, 39.110452084696021 ], [ -77.488473616564136, 39.114453155888498 ], [ -77.508024539700727, 39.119639641456331 ], [ -77.513201943015247, 39.122893299586167 ], [ -77.514822576200913, 39.125069054593268 ], [ -77.51546487740211, 39.127578150511283 ], [ -77.514783964708158, 39.133106914452583 ], [ -77.515111291852577, 39.135988308114008 ], [ -77.517965340727869, 39.143824707244505 ], [ -77.520536535732504, 39.148759986983862 ], [ -77.519854488993417, 39.153895704023569 ], [ -77.517720333926206, 39.15472913723994 ], [ -77.518787809409844, 39.154749689446646 ], [ -77.519492461507866, 39.155750089894809 ], [ -77.517121572502504, 39.163547672487141 ], [ -77.515262116253609, 39.167609678144174 ], [ -77.513201514937919, 39.169394192987681 ], [ -77.509561856094763, 39.170030931882081 ], [ -77.502742774559351, 39.172412870857329 ], [ -77.49483409331873, 39.178877038544556 ], [ -77.492602538975973, 39.180102760533998 ], [ -77.489403203494987, 39.181391778607747 ], [ -77.487815090693857, 39.18126876843894 ], [ -77.483560631018292, 39.182466957684028 ], [ -77.476927039151519, 39.186246399951472 ], [ -77.475695068672451, 39.188448237995829 ], [ -77.474149340919325, 39.189906677551164 ], [ -77.473173456889469, 39.192771278172017 ], [ -77.472244595711459, 39.19326417500173 ], [ -77.471895406048134, 39.195541333066103 ], [ -77.472789638830704, 39.20147934609497 ], [ -77.471523638005465, 39.205593562792728 ], [ -77.469488391276172, 39.205035474107888 ], [ -77.466045915086852, 39.21075129793411 ], [ -77.466580704136163, 39.21093723636443 ], [ -77.45943587916247, 39.21578761110942 ], [ -77.456528304437654, 39.218571852808793 ], [ -77.454231219195378, 39.222276158517957 ], [ -77.454133314500837, 39.224103459507091 ], [ -77.454699800155595, 39.22606056234514 ], [ -77.456487655081162, 39.228879519674138 ], [ -77.47168133862283, 39.239744877723979 ], [ -77.47759313821274, 39.245460465927806 ], [ -77.483062228538984, 39.249675252011343 ], [ -77.482454806644, 39.25028169544396 ], [ -77.483592088404123, 39.250740320009811 ], [ -77.483952526787618, 39.250454917460502 ], [ -77.487495809783752, 39.253221888579333 ], [ -77.491446241051165, 39.254620551996936 ], [ -77.49704870713208, 39.254808603834078 ], [ -77.518648962179839, 39.261234051210522 ], [ -77.52130630504189, 39.262877098199567 ], [ -77.529073659621645, 39.269655014167597 ], [ -77.531613752472651, 39.270719888811868 ], [ -77.53676621758683, 39.271532650211668 ], [ -77.535937583152929, 39.273655714839435 ], [ -77.535119927642484, 39.27361865557657 ], [ -77.532840890894363, 39.273147523239686 ], [ -77.529860770558059, 39.271146613525445 ] ] ], [ [ [ -77.548484101460076, 39.287286161727025 ], [ -77.549342873075091, 39.284635444170476 ], [ -77.553033134071825, 39.288305554957446 ], [ -77.552780906613521, 39.288528383578068 ], [ -77.548484101460076, 39.287286161727025 ] ] ], [ [ [ -77.668599550428894, 39.319173888464206 ], [ -77.669960988209027, 39.318270724514377 ], [ -77.672978154318344, 39.319690755823785 ], [ -77.672226221263088, 39.321252206424219 ], [ -77.673095576099911, 39.321941703147161 ], [ -77.672723326919936, 39.322666764459655 ], [ -77.670604634796007, 39.321486031055542 ], [ -77.668599550428894, 39.319173888464206 ] ] ], [ [ [ -77.668784728932053, 39.327831068249225 ], [ -77.667012808194499, 39.327687210896102 ], [ -77.667123033601058, 39.327066173265337 ], [ -77.664894431732591, 39.325530759836738 ], [ -77.665064970172182, 39.325194910716618 ], [ -77.658239111345893, 39.320184155374534 ], [ -77.646073440636712, 39.315371145661913 ], [ -77.62749402363022, 39.311309023992294 ], [ -77.622558491181394, 39.309503669159085 ], [ -77.602211025018732, 39.30526840551255 ], [ -77.597244188968091, 39.305099713381139 ], [ -77.59138995498239, 39.306024407100779 ], [ -77.581536854042554, 39.308939022617835 ], [ -77.570898788848012, 39.311254129374618 ], [ -77.56803310094682, 39.311354007181762 ], [ -77.563125846780395, 39.310079862995337 ], [ -77.559918364341002, 39.308539652582965 ], [ -77.558129511167976, 39.30692350611497 ], [ -77.556905336012392, 39.304973102326869 ], [ -77.556335083996885, 39.301571981461848 ], [ -77.557858305316472, 39.293763176229675 ], [ -77.554125574735451, 39.288767771415564 ], [ -77.551301628867066, 39.286493243868165 ], [ -77.549485840099408, 39.284194140547186 ], [ -77.550147517194148, 39.282151629094471 ], [ -77.553199406127646, 39.284458649147382 ], [ -77.554277463933772, 39.286559599446036 ], [ -77.55513976808578, 39.287071005222742 ], [ -77.555384380984378, 39.288643757603381 ], [ -77.5568663495024, 39.291442621379929 ], [ -77.557567182179696, 39.292316784891739 ], [ -77.558468397298668, 39.292422085610838 ], [ -77.558493644865791, 39.294251156465748 ], [ -77.55763932939152, 39.297565649235366 ], [ -77.557727077142886, 39.2997085025454 ], [ -77.559186082371752, 39.302542029790914 ], [ -77.559677553776055, 39.30271677615832 ], [ -77.559511673824659, 39.303722961945198 ], [ -77.560079676635723, 39.304469452303408 ], [ -77.563902052537628, 39.307471105107481 ], [ -77.567998448269748, 39.308490200662277 ], [ -77.573628592785269, 39.308857657355077 ], [ -77.580649175519, 39.307596713417638 ], [ -77.588583207748798, 39.305237170259261 ], [ -77.596981916981861, 39.304234656404333 ], [ -77.606193938899139, 39.305526608965863 ], [ -77.610807951125992, 39.305660618742593 ], [ -77.621500865972166, 39.307359143110034 ], [ -77.622834368111569, 39.307742970161996 ], [ -77.623463181280727, 39.308431759118434 ], [ -77.627171671535393, 39.309248556675584 ], [ -77.627631298845301, 39.310386484148978 ], [ -77.628344051136992, 39.310640046201229 ], [ -77.634659292892024, 39.311407773150279 ], [ -77.6363683456226, 39.311357969594667 ], [ -77.637157561871959, 39.310546365622315 ], [ -77.638541627494078, 39.310911728693384 ], [ -77.639411047082092, 39.312258334854334 ], [ -77.648716388050843, 39.315463179582139 ], [ -77.661374660612069, 39.318663502518689 ], [ -77.664250774353718, 39.320549471680806 ], [ -77.666381443648675, 39.3243679858939 ], [ -77.670249062644075, 39.327427376072592 ], [ -77.669779355732658, 39.328300039515284 ], [ -77.668784728932053, 39.327831068249225 ] ] ], [ [ [ -77.3885356151265, 39.344078146589254 ], [ -77.391818105521111, 39.34219163063932 ], [ -77.393678382851022, 39.34333004914248 ], [ -77.391851838191712, 39.345433386241837 ], [ -77.394858502917543, 39.347085258278128 ], [ -77.396409154458865, 39.34866960112123 ], [ -77.394934756433827, 39.350189305192316 ], [ -77.395960476394805, 39.350581864661365 ], [ -77.393868935702756, 39.352817720461474 ], [ -77.392340367913619, 39.349774279759231 ], [ -77.388408880865143, 39.345015241959914 ], [ -77.3885356151265, 39.344078146589254 ] ] ], [ [ [ -77.391690215630888, 39.355098944360861 ], [ -77.38880775897087, 39.35419899278935 ], [ -77.38791537969098, 39.354856316266023 ], [ -77.387315194640507, 39.354440333054981 ], [ -77.388154066956588, 39.353713313918377 ], [ -77.387535729090587, 39.353283340853523 ], [ -77.386860657493287, 39.353931760142643 ], [ -77.384969021702943, 39.353117001348608 ], [ -77.38808596669395, 39.350971526514797 ], [ -77.388252195582311, 39.349928365102016 ], [ -77.389910811634593, 39.350387042727903 ], [ -77.39131312090376, 39.349697144008019 ], [ -77.392518313169603, 39.35122684764093 ], [ -77.393358332121295, 39.353432648997625 ], [ -77.391690215630888, 39.355098944360861 ] ] ], [ [ [ -77.386774225450097, 39.360777363584532 ], [ -77.387084339570549, 39.360645378181687 ], [ -77.387454636322389, 39.361169707216277 ], [ -77.38714452040324, 39.361301694417705 ], [ -77.386774225450097, 39.360777363584532 ] ] ], [ [ [ -77.397720025159003, 39.347945297937201 ], [ -77.399950366316318, 39.345712047473057 ], [ -77.408137045088495, 39.348957215103439 ], [ -77.407089946443818, 39.350227627103379 ], [ -77.411548283326567, 39.355897614283549 ], [ -77.411723551300838, 39.359653559064554 ], [ -77.410549843400531, 39.361673601855273 ], [ -77.405881566980668, 39.363815938055154 ], [ -77.400345595872523, 39.364801831539353 ], [ -77.393928926778528, 39.352969128522489 ], [ -77.396424017554352, 39.350201529676895 ], [ -77.397720025159003, 39.347945297937201 ] ] ], [ [ [ -77.384908339048593, 39.373193125862144 ], [ -77.386553612758973, 39.37149316617672 ], [ -77.387159814273957, 39.37160931361899 ], [ -77.386407623113257, 39.37381499356718 ], [ -77.384908339048593, 39.373193125862144 ] ] ], [ [ [ -77.391272027282184, 39.37440977549079 ], [ -77.390223751424969, 39.374426219594397 ], [ -77.387809987241098, 39.372692520043813 ], [ -77.387654444097279, 39.371945747298469 ], [ -77.388234468146152, 39.371523653194117 ], [ -77.387902323333492, 39.369737218298042 ], [ -77.387303506151852, 39.371440589111955 ], [ -77.386654555363407, 39.371301763465681 ], [ -77.382048391520016, 39.368825010765704 ], [ -77.374327835860925, 39.366799121482302 ], [ -77.374306670316571, 39.366119820373456 ], [ -77.378607652820904, 39.367522273534121 ], [ -77.383485445197095, 39.362010826038841 ], [ -77.384074384225414, 39.361842222040991 ], [ -77.386391098970023, 39.362857804843884 ], [ -77.388711995562119, 39.367107971155974 ], [ -77.390167352241463, 39.368824377642966 ], [ -77.388335899981769, 39.366156152984104 ], [ -77.389975433319535, 39.363140039980919 ], [ -77.38723962640762, 39.360493625680306 ], [ -77.393436320429828, 39.353638183655278 ], [ -77.405090492732029, 39.375067083679028 ], [ -77.402122079770152, 39.374168937946195 ], [ -77.396901088114703, 39.376610888681626 ], [ -77.397682631348346, 39.377834955918559 ], [ -77.394448336521464, 39.377637378462282 ], [ -77.391272027282184, 39.37440977549079 ] ] ], [ [ [ -77.425224376203971, 39.625051675094767 ], [ -77.424266356307271, 39.624669206019121 ], [ -77.425194400001544, 39.624814798164437 ], [ -77.425465086944143, 39.623601713448352 ], [ -77.425224376203971, 39.625051675094767 ] ] ], [ [ [ -77.420214731524595, 39.630890394875848 ], [ -77.422751632681639, 39.627599889723172 ], [ -77.424269148702194, 39.627867950645452 ], [ -77.42370603640444, 39.629528055975072 ], [ -77.420962604140811, 39.63262531210853 ], [ -77.419886931336748, 39.632517738802676 ], [ -77.420214731524595, 39.630890394875848 ] ] ] ] } },
{ "type": "Feature", "properties": { "OBJECTID": 3, "MapClass": "Piedmont", "Shape_Leng": 0.642582, "Shape_Area": 0.005138 }, "geometry": { "type": "MultiPolygon", "coordinates": [ [ [ [ -77.379419224417632, 38.562200847191377 ], [ -77.378719430457295, 38.560914646693618 ], [ -77.380863005922947, 38.561149132326648 ], [ -77.379419224417632, 38.562200847191377 ] ] ], [ [ [ -77.343732244247633, 38.575231277201738 ], [ -77.343406487319498, 38.574394767404669 ], [ -77.344205143752333, 38.574109686812676 ], [ -77.344411811555801, 38.575029656393554 ], [ -77.343732244247633, 38.575231277201738 ] ] ], [ [ [ -77.335115778570298, 38.592611973463875 ], [ -77.334977589643984, 38.592033223754299 ], [ -77.337590901698718, 38.592109770449611 ], [ -77.338457265390446, 38.592711710976744 ], [ -77.335115778570298, 38.592611973463875 ] ] ], [ [ [ -77.402764151644249, 38.622165384824712 ], [ -77.402851827449865, 38.621982390774747 ], [ -77.403524644446748, 38.622164275960642 ], [ -77.403305660427861, 38.622637467744994 ], [ -77.402764151644249, 38.622165384824712 ] ] ], [ [ [ -77.403467467349685, 38.622729604187953 ], [ -77.403521754925009, 38.622612718402308 ], [ -77.403987476041152, 38.622746147216958 ], [ -77.403810261034664, 38.623120015176596 ], [ -77.403467467349685, 38.622729604187953 ] ] ], [ [ [ -77.427398887448646, 38.633236763166167 ], [ -77.427616396579424, 38.631820683477827 ], [ -77.428474333623569, 38.631947650663619 ], [ -77.428210119101664, 38.633346603662858 ], [ -77.427398887448646, 38.633236763166167 ] ] ], [ [ [ -77.379419224417632, 38.562200847191377 ], [ -77.379813486303306, 38.563781756422998 ], [ -77.380910947881887, 38.564565127078993 ], [ -77.382503920619399, 38.564945505230924 ], [ -77.382948068798271, 38.564238386292573 ], [ -77.384113918422543, 38.564802233336479 ], [ -77.38469719711793, 38.564351181961513 ], [ -77.387370466074117, 38.566505129308325 ], [ -77.390900511949042, 38.567721319383452 ], [ -77.392157555526751, 38.564756047753463 ], [ -77.39254826598966, 38.563663711411209 ], [ -77.390736402762741, 38.567657682456115 ], [ -77.387370228653083, 38.566497946423169 ], [ -77.389387071656017, 38.562550627709356 ], [ -77.384720875368089, 38.561029631312465 ], [ -77.388358242738661, 38.557289395888972 ], [ -77.390268565541817, 38.553319328824045 ], [ -77.389125361745982, 38.548360655020247 ], [ -77.388398599815503, 38.547415431576951 ], [ -77.387590130879801, 38.544373279603235 ], [ -77.390022491244963, 38.540002610432168 ], [ -77.390549462487684, 38.537454235724454 ], [ -77.391175737770027, 38.536864277764266 ], [ -77.391333236039998, 38.537574862689837 ], [ -77.392344628901469, 38.538345482757848 ], [ -77.391794048656379, 38.539297246071101 ], [ -77.392044308398056, 38.540138653576037 ], [ -77.391289519995325, 38.540795821470056 ], [ -77.392510015125083, 38.540164090900134 ], [ -77.393631820452129, 38.541074496191072 ], [ -77.394790791162052, 38.541123645040216 ], [ -77.395575465835066, 38.543068992839778 ], [ -77.393648487587598, 38.543316414321112 ], [ -77.393717792042423, 38.543923311012065 ], [ -77.393290789438367, 38.544128503028048 ], [ -77.393996457770299, 38.544345957300152 ], [ -77.39466817579563, 38.545621985566243 ], [ -77.394343740870909, 38.546261948530173 ], [ -77.395148028858387, 38.545805178366322 ], [ -77.396867045177942, 38.547762521323364 ], [ -77.399957587872336, 38.548104645013382 ], [ -77.401090350539221, 38.547278285864252 ], [ -77.400789171183249, 38.548281056025985 ], [ -77.401547860845085, 38.549201648837084 ], [ -77.404832928696692, 38.548634038130388 ], [ -77.408507373316581, 38.549266543915905 ], [ -77.411717757868189, 38.550870240169502 ], [ -77.416868996307073, 38.54948009602964 ], [ -77.419959042575726, 38.54940724015205 ], [ -77.420912912101187, 38.548481996047315 ], [ -77.422762825643872, 38.548606381279512 ], [ -77.422434946315661, 38.549729904311675 ], [ -77.423690415180488, 38.556940440948665 ], [ -77.426075522467329, 38.5614550079423 ], [ -77.426105486978599, 38.567851529524546 ], [ -77.424045915386671, 38.574896411040584 ], [ -77.427993143268907, 38.579202402768715 ], [ -77.427576335379513, 38.581366365865165 ], [ -77.429219778070262, 38.583717659542401 ], [ -77.429462904389482, 38.584809639753132 ], [ -77.428208689179598, 38.58783388082901 ], [ -77.426488942610547, 38.58992470026476 ], [ -77.425259928203104, 38.598224440905256 ], [ -77.423073500941257, 38.600552920580867 ], [ -77.422813466468256, 38.606095379398312 ], [ -77.426881344698245, 38.608564588584954 ], [ -77.429324161480849, 38.611627389892192 ], [ -77.432894059912883, 38.613825756553467 ], [ -77.429432586444648, 38.617902396878151 ], [ -77.430736566539281, 38.618375663306267 ], [ -77.43359108216265, 38.615021004116102 ], [ -77.435225026213971, 38.617043806026857 ], [ -77.437706765654696, 38.62531263247206 ], [ -77.436892510480959, 38.627975445010804 ], [ -77.436781162720422, 38.633203669913485 ], [ -77.436140672753822, 38.632974598199212 ], [ -77.436421620061651, 38.633361454167812 ], [ -77.435556402106215, 38.633827284101926 ], [ -77.432226030007257, 38.631064321261476 ], [ -77.431314013131157, 38.633820438462521 ], [ -77.429602273226294, 38.63357824114297 ], [ -77.430558424331764, 38.629785152562818 ], [ -77.427539893950893, 38.629419003484259 ], [ -77.426183764868824, 38.628803289839993 ], [ -77.42629757946969, 38.62712785556613 ], [ -77.424043880220836, 38.623592865218598 ], [ -77.420158158771983, 38.624244450121353 ], [ -77.417032149514057, 38.625787693047641 ], [ -77.416320783077651, 38.62854091533103 ], [ -77.410876861178167, 38.626791584663977 ], [ -77.407631520877942, 38.623209942884614 ], [ -77.406596305874757, 38.625090196855126 ], [ -77.404680023264405, 38.623893471706424 ], [ -77.406541637886221, 38.620023938054374 ], [ -77.408024383418535, 38.620347406207884 ], [ -77.408144974411016, 38.619406280975113 ], [ -77.404723035139909, 38.619574765363211 ], [ -77.404306403517694, 38.62048216871716 ], [ -77.403464585022562, 38.620238803178268 ], [ -77.403900356915926, 38.619801372935058 ], [ -77.402197236113523, 38.618791286788507 ], [ -77.39991398873957, 38.621040914806429 ], [ -77.396261290626001, 38.618844125555995 ], [ -77.39048482461493, 38.613788897839413 ], [ -77.382974964822722, 38.612661739747523 ], [ -77.383903947409181, 38.612528385576582 ], [ -77.385048430040968, 38.610988816380825 ], [ -77.382387777673785, 38.611401088989112 ], [ -77.382273526901713, 38.612470255198161 ], [ -77.379219405850847, 38.612206109924102 ], [ -77.379002388649269, 38.611673624038588 ], [ -77.378211920543663, 38.612109818613305 ], [ -77.368328205782007, 38.611110343567532 ], [ -77.359777260212354, 38.607056279823496 ], [ -77.355531373773829, 38.605472387540715 ], [ -77.350029618272231, 38.604248966016996 ], [ -77.350466400104267, 38.601481791651395 ], [ -77.349670837339261, 38.601774842035411 ], [ -77.346053199295682, 38.598063363333608 ], [ -77.342372411757367, 38.599366587098359 ], [ -77.343500478164515, 38.601440250167457 ], [ -77.342819336143407, 38.602669095502392 ], [ -77.34008358319079, 38.601355709398547 ], [ -77.336388613343786, 38.59784111477569 ], [ -77.334903500795861, 38.595341264787578 ], [ -77.334885555723758, 38.59395922533804 ], [ -77.339332891199945, 38.594091720656422 ], [ -77.341474958502488, 38.597862096858307 ], [ -77.345032277217797, 38.594980209469156 ], [ -77.344470617325101, 38.594338448760482 ], [ -77.345032712489626, 38.593818345640216 ], [ -77.3449842003605, 38.5930192926063 ], [ -77.345583270251666, 38.592829337803721 ], [ -77.344866989020261, 38.592124552606094 ], [ -77.345426371829546, 38.590067515303645 ], [ -77.343792252410481, 38.58797650611092 ], [ -77.339643045789899, 38.588684764490324 ], [ -77.337444100864502, 38.590063013297481 ], [ -77.335344070572376, 38.586564217065018 ], [ -77.338168734999101, 38.586019215314593 ], [ -77.339384094100637, 38.582388074849803 ], [ -77.337050904675493, 38.582908457659244 ], [ -77.335061655570883, 38.583953501353051 ], [ -77.333129969372578, 38.583921665352648 ], [ -77.331745080870746, 38.581050657961555 ], [ -77.331595876148754, 38.57779054539742 ], [ -77.337919784670305, 38.575630861275272 ], [ -77.340836736626045, 38.58176933138958 ], [ -77.344279684959474, 38.580595367182525 ], [ -77.347600399239013, 38.58586392667894 ], [ -77.347658323672647, 38.582312111814588 ], [ -77.349039024031697, 38.582633365837239 ], [ -77.348798129829788, 38.582071358806218 ], [ -77.34737482678679, 38.581795046604157 ], [ -77.34705988330694, 38.581131216532469 ], [ -77.347755142885489, 38.580706517991473 ], [ -77.346992675171805, 38.580605896445036 ], [ -77.346948209991865, 38.579984640278951 ], [ -77.349281581979369, 38.58005384400974 ], [ -77.349364014737432, 38.579644902490315 ], [ -77.350000524304733, 38.579723956495457 ], [ -77.349918096043268, 38.580132897115561 ], [ -77.353565757054014, 38.580585857751203 ], [ -77.353369969248661, 38.579409913236987 ], [ -77.34910682302143, 38.579035020050185 ], [ -77.34912251709045, 38.5795163138269 ], [ -77.348240005172045, 38.57941182789358 ], [ -77.348225252693226, 38.578959267456298 ], [ -77.346896442316904, 38.57892841801214 ], [ -77.345726080793952, 38.578021340212729 ], [ -77.346010810650341, 38.577417256601166 ], [ -77.346625347082067, 38.577599413382302 ], [ -77.347135657484557, 38.575085216509592 ], [ -77.34752653971799, 38.575033118783438 ], [ -77.346498692860337, 38.573355225763123 ], [ -77.347221998696227, 38.572585376414054 ], [ -77.347121696409147, 38.571858036219453 ], [ -77.346600988944431, 38.571171002739618 ], [ -77.344378404439794, 38.570382544618781 ], [ -77.343924826869227, 38.5708009649926 ], [ -77.339457135238547, 38.568865825397552 ], [ -77.33913296111723, 38.568334148901897 ], [ -77.340222022128557, 38.569127603656057 ], [ -77.34308281861712, 38.569757689365929 ], [ -77.343772065328494, 38.568930541511349 ], [ -77.344902568898419, 38.568925052948885 ], [ -77.342435608916162, 38.568428430227925 ], [ -77.341935534597212, 38.56755263354728 ], [ -77.340704062342581, 38.566946706325496 ], [ -77.34183136072869, 38.566286138094824 ], [ -77.339866835785813, 38.564437801963038 ], [ -77.339365810883407, 38.566558313415499 ], [ -77.3363555668559, 38.567960013843617 ], [ -77.33895826960844, 38.56383618609118 ], [ -77.340472886214684, 38.563011853114574 ], [ -77.344632949451011, 38.562803079998218 ], [ -77.353511139427496, 38.56319144502919 ], [ -77.358143968169543, 38.561733418262691 ], [ -77.362382689709307, 38.55719778285146 ], [ -77.366715520804576, 38.555535752073354 ], [ -77.366440834576792, 38.555267402468701 ], [ -77.36687639153223, 38.55499724522673 ], [ -77.368670235942602, 38.55728212127292 ], [ -77.37183403651153, 38.558838994324162 ], [ -77.370830178170138, 38.559907066058315 ], [ -77.37113958812148, 38.560528446330807 ], [ -77.378255436938844, 38.562339693522063 ], [ -77.379419224417632, 38.562200847191377 ] ], [ [ -77.403944867061909, 38.568386217849707 ], [ -77.40333822757708, 38.569952431259765 ], [ -77.404891119329648, 38.569675457156677 ], [ -77.404417786351701, 38.568569661560673 ], [ -77.405306160051225, 38.56727958768289 ], [ -77.407616470723497, 38.567451371683489 ], [ -77.408005511145404, 38.566014500568826 ], [ -77.405766377316411, 38.564699055916776 ], [ -77.405039565023856, 38.564899998636065 ], [ -77.403944867061909, 38.568386217849707 ] ], [ [ -77.403062256218107, 38.564928654633775 ], [ -77.403108949018758, 38.564580431741604 ], [ -77.401320028396583, 38.564459289464708 ], [ -77.400834768609627, 38.566441781962737 ], [ -77.402581484947518, 38.566959026138193 ], [ -77.403062256218107, 38.564928654633775 ] ], [ [ -77.364793922301658, 38.607396015813549 ], [ -77.364500644389182, 38.607794785101305 ], [ -77.364118616880603, 38.607621796009141 ], [ -77.364020793125064, 38.607752480992247 ], [ -77.365049497935956, 38.608134458138807 ], [ -77.365393062339933, 38.607667310697877 ], [ -77.364793922301658, 38.607396015813549 ] ] ] ] } },
{ "type": "Feature", "properties": { "OBJECTID": 4, "MapClass": "Ridge and Valley", "Shape_Leng": 5.635982, "Shape_Area": 0.005523 }, "geometry": { "type": "MultiPolygon", "coordinates": [ [ [ [ -77.781925583798625, 39.313489962691676 ], [ -77.78236554743205, 39.31336084073024 ], [ -77.782237298712346, 39.316095052244918 ], [ -77.778009192770014, 39.316881938350832 ], [ -77.775192373129471, 39.316825263075486 ], [ -77.7757972103729, 39.315316553216405 ], [ -77.781925583798625, 39.313489962691676 ] ] ], [ [ [ -77.766608803753229, 39.323467120611156 ], [ -77.767794326946614, 39.321268749453282 ], [ -77.768740161928918, 39.321610035874528 ], [ -77.770202259926293, 39.319786762049489 ], [ -77.773990015526749, 39.31846082770511 ], [ -77.774975758824155, 39.317515369538739 ], [ -77.778111339566635, 39.317652416325984 ], [ -77.777772627005106, 39.31930184400494 ], [ -77.780763795512712, 39.319310866003718 ], [ -77.781844208643292, 39.317211124393907 ], [ -77.778295070161334, 39.325261566668019 ], [ -77.778886774604928, 39.325352679682453 ], [ -77.776062148849064, 39.331032544116681 ], [ -77.767697175883939, 39.329460804372673 ], [ -77.76821528880447, 39.328419052197546 ], [ -77.765213286164169, 39.327611650757149 ], [ -77.765529138858653, 39.327037796057482 ], [ -77.764894162635471, 39.32685172632614 ], [ -77.766608803753229, 39.323467120611156 ] ] ], [ [ [ -77.76114725514168, 39.334246757082212 ], [ -77.7641691498863, 39.328282759941487 ], [ -77.764740409142519, 39.328571172521663 ], [ -77.763617980585309, 39.330482073588882 ], [ -77.76114725514168, 39.334246757082212 ] ] ], [ [ [ -77.754625831217083, 39.34468179852621 ], [ -77.757546258153241, 39.340253244491691 ], [ -77.757101198961152, 39.342649904469567 ], [ -77.754625831217083, 39.34468179852621 ] ] ], [ [ [ -77.746244877299205, 39.376655634450003 ], [ -77.746228376538284, 39.372916623003789 ], [ -77.750517297335364, 39.378873740330903 ], [ -77.750998092887642, 39.380927934876354 ], [ -77.750054115005355, 39.381945347799615 ], [ -77.747577604223011, 39.382820999689443 ], [ -77.742779400049244, 39.383375958733552 ], [ -77.745174457435212, 39.381969285953858 ], [ -77.746244877299205, 39.376655634450003 ] ] ], [ [ [ -77.743147087867783, 39.452163646035501 ], [ -77.743171779653892, 39.452112184130044 ], [ -77.743237939179494, 39.452131500668258 ], [ -77.743213247393442, 39.452182960775076 ], [ -77.743147087867783, 39.452163646035501 ] ] ], [ [ [ -77.759807645706246, 39.455305951008881 ], [ -77.76043229051777, 39.455142510918222 ], [ -77.760701039421406, 39.455763820144227 ], [ -77.760085606365578, 39.455919995511408 ], [ -77.759807645706246, 39.455305951008881 ] ] ], [ [ [ -77.774441971619638, 39.460813456775668 ], [ -77.775083995829732, 39.460943112934387 ], [ -77.774221036971255, 39.46190383619313 ], [ -77.773954820558458, 39.461278135577572 ], [ -77.774441971619638, 39.460813456775668 ] ] ], [ [ [ -77.724552084710922, 39.466198209579773 ], [ -77.724578926776019, 39.46617632098048 ], [ -77.724594329464708, 39.466187668626048 ], [ -77.72456748919825, 39.466209557225341 ], [ -77.724552084710922, 39.466198209579773 ] ] ], [ [ [ -77.725118370716189, 39.464321991766553 ], [ -77.727823452290465, 39.459365069842136 ], [ -77.730287341987207, 39.457068358717834 ], [ -77.726647746096546, 39.454420248295889 ], [ -77.727992512244612, 39.45372249399793 ], [ -77.729459363159037, 39.449496586898022 ], [ -77.726543462510733, 39.447970816899726 ], [ -77.725338297224596, 39.44647305628655 ], [ -77.729385498242095, 39.445378874535493 ], [ -77.728016421620509, 39.442491755789945 ], [ -77.728145671285688, 39.441546005343923 ], [ -77.734878628345996, 39.440748828295852 ], [ -77.735342267531564, 39.441070411470378 ], [ -77.735928784685655, 39.443972466156424 ], [ -77.736556284844653, 39.444300398544613 ], [ -77.736806295474139, 39.445277514645625 ], [ -77.737735045136162, 39.444689393101044 ], [ -77.746010156043837, 39.447157060849747 ], [ -77.747018244796095, 39.451496200689178 ], [ -77.744654805774644, 39.451237656392777 ], [ -77.743995975034181, 39.453075950694597 ], [ -77.743664736738197, 39.453022448227443 ], [ -77.744602368104779, 39.451176215609905 ], [ -77.740354620069638, 39.450670382931889 ], [ -77.738686488290739, 39.455104114363451 ], [ -77.743067341384631, 39.456837065678087 ], [ -77.741722109387808, 39.458242289650002 ], [ -77.742725924561739, 39.45990673420846 ], [ -77.737217989818362, 39.462019810066238 ], [ -77.734192106580394, 39.462718036508249 ], [ -77.732908709269452, 39.462512401126446 ], [ -77.727880043928849, 39.463919908477067 ], [ -77.723656845586902, 39.466396573043482 ], [ -77.724060899291032, 39.465210637960638 ], [ -77.725118370716189, 39.464321991766553 ] ], [ [ -77.743731247898722, 39.452948757778984 ], [ -77.743931477455703, 39.453004290015997 ], [ -77.744002888122736, 39.452849236103418 ], [ -77.743803101032256, 39.452793701168446 ], [ -77.743731247898722, 39.452948757778984 ] ] ], [ [ [ -77.711864376439792, 39.474919359041223 ], [ -77.71065275132338, 39.474247872141632 ], [ -77.711042530987982, 39.473862534228601 ], [ -77.711820557872386, 39.474393190893124 ], [ -77.712331351210878, 39.473889235999479 ], [ -77.712951395090784, 39.473989295469664 ], [ -77.716865643034964, 39.476817854860144 ], [ -77.715853049578527, 39.4776189817307 ], [ -77.710405471035642, 39.476565636395037 ], [ -77.711864376439792, 39.474919359041223 ] ] ], [ [ [ -77.742732131682487, 39.479773645837156 ], [ -77.742776408004772, 39.479730812926732 ], [ -77.742831678539119, 39.479764954788891 ], [ -77.742787845582598, 39.479807954973182 ], [ -77.742732131682487, 39.479773645837156 ] ] ], [ [ [ -77.752034726121678, 39.476095469930044 ], [ -77.751410111887139, 39.475280462023761 ], [ -77.75140955160947, 39.474268775083942 ], [ -77.749765960530624, 39.472857803544855 ], [ -77.750803206202988, 39.471751652716648 ], [ -77.753086446382383, 39.471938521945276 ], [ -77.753395172848911, 39.470243131715222 ], [ -77.755391659697295, 39.470386355046287 ], [ -77.754095549569911, 39.477073360347333 ], [ -77.757154390262883, 39.47744046360657 ], [ -77.756275767912314, 39.480959459511496 ], [ -77.752614072081712, 39.482727111167321 ], [ -77.752034726121678, 39.476095469930044 ] ] ], [ [ [ -77.750869867550307, 39.490340464940573 ], [ -77.751289783496645, 39.490135828705604 ], [ -77.751732931629476, 39.48815853518829 ], [ -77.75375974901317, 39.488421327882008 ], [ -77.753194972070276, 39.491241389578533 ], [ -77.750794248056081, 39.490893976076165 ], [ -77.750869867550307, 39.490340464940573 ] ] ], [ [ [ -77.740888742721268, 39.488963516553099 ], [ -77.741839398069715, 39.484210717350777 ], [ -77.743416002246647, 39.484421097555639 ], [ -77.742985744996076, 39.482459467530475 ], [ -77.741741401644333, 39.482467309618698 ], [ -77.741573008087812, 39.481274113409654 ], [ -77.748244097187296, 39.480563932279722 ], [ -77.74657812108336, 39.475822693862312 ], [ -77.741408659681838, 39.481100126969352 ], [ -77.735100050426922, 39.480990896212916 ], [ -77.73499003276379, 39.480375751839517 ], [ -77.736528619899843, 39.478391328497082 ], [ -77.735473116191315, 39.477729241311465 ], [ -77.733263312851591, 39.47831766952487 ], [ -77.732815130313952, 39.476675606394167 ], [ -77.728613874530652, 39.477785082915318 ], [ -77.727194926904303, 39.476609203152236 ], [ -77.725139422945972, 39.476658251277343 ], [ -77.724925796188529, 39.474263159717111 ], [ -77.722111753654474, 39.471961422281879 ], [ -77.7227699917417, 39.472289581299208 ], [ -77.723919262364006, 39.47032108944677 ], [ -77.72720167631627, 39.46796056602733 ], [ -77.727201396627095, 39.467330149366944 ], [ -77.725633055421156, 39.46537941462833 ], [ -77.72639340613074, 39.46484225046953 ], [ -77.737889314839947, 39.461906817445708 ], [ -77.739646689942731, 39.461289737731249 ], [ -77.741229933814338, 39.460619678055764 ], [ -77.740796046000696, 39.461674767176817 ], [ -77.74542861124138, 39.462966262882787 ], [ -77.745055088621427, 39.469665594291769 ], [ -77.745686839875702, 39.472345767343313 ], [ -77.746952764258651, 39.472385791671002 ], [ -77.74573322780617, 39.472923900117962 ], [ -77.746172998984662, 39.474148493458245 ], [ -77.746758961257001, 39.474077172723412 ], [ -77.746712952840483, 39.474878270815623 ], [ -77.747332401369192, 39.475209799592619 ], [ -77.75110288369109, 39.475371646984001 ], [ -77.752004688765339, 39.484559106617553 ], [ -77.751536078127458, 39.486804930503183 ], [ -77.750711393515985, 39.486634652866996 ], [ -77.751101327863978, 39.487904496495389 ], [ -77.750035547602408, 39.495154533155244 ], [ -77.74091270425788, 39.49078597469304 ], [ -77.740888742721268, 39.488963516553099 ] ], [ [ -77.7350494977361, 39.465854492291044 ], [ -77.735051623733398, 39.465700754086583 ], [ -77.735049302583207, 39.465854430237812 ], [ -77.7350494977361, 39.465854492291044 ] ] ], [ [ [ -77.822725816842933, 39.496079770964684 ], [ -77.822705684619621, 39.496367326490997 ], [ -77.822459830656612, 39.49663193671455 ], [ -77.822629251238936, 39.496348334608001 ], [ -77.822725816842933, 39.496079770964684 ] ] ], [ [ [ -78.452421209271336, 39.548730021673236 ], [ -78.455636079641351, 39.547278077021701 ], [ -78.457995784677678, 39.544991886166656 ], [ -78.458564577093512, 39.545193812744287 ], [ -78.456166682346463, 39.547475721927071 ], [ -78.453362452315275, 39.548681003225795 ], [ -78.451322454467686, 39.550173753715796 ], [ -78.450808630413917, 39.549895986410718 ], [ -78.452421209271336, 39.548730021673236 ] ] ], [ [ [ -78.704474355606976, 39.556696503241085 ], [ -78.703923198896462, 39.555988432819959 ], [ -78.707340457196324, 39.556156205844275 ], [ -78.708874989289313, 39.557361123816861 ], [ -78.709137576038245, 39.558643685657614 ], [ -78.706951275580877, 39.558412649823993 ], [ -78.704474355606976, 39.556696503241085 ] ] ], [ [ [ -78.422050424787244, 39.545545368524017 ], [ -78.42390480436319, 39.545764744647272 ], [ -78.424940603925677, 39.546376836721663 ], [ -78.427893652869727, 39.549414745694037 ], [ -78.429071940117922, 39.551542858216408 ], [ -78.431543564883555, 39.553203755848699 ], [ -78.431249677230767, 39.553694697552316 ], [ -78.432870975914796, 39.554093057648572 ], [ -78.429802278652176, 39.559206995806278 ], [ -78.428403486631566, 39.558085723777197 ], [ -78.425333578881521, 39.5568527316683 ], [ -78.418397316582855, 39.549534455350909 ], [ -78.418029735783648, 39.548669908289696 ], [ -78.418563994232898, 39.547338908963525 ], [ -78.420279904294091, 39.54601751799413 ], [ -78.422050424787244, 39.545545368524017 ] ] ], [ [ [ -78.437203621749688, 39.563485128336083 ], [ -78.43782809119341, 39.56352572822982 ], [ -78.437484522292834, 39.565221871192477 ], [ -78.436856898926692, 39.56488547708318 ], [ -78.437203621749688, 39.563485128336083 ] ] ], [ [ [ -78.432518960581547, 39.58643953125943 ], [ -78.433200536975164, 39.586622918313083 ], [ -78.431682806915944, 39.587900363011386 ], [ -78.431181286487117, 39.587732456887409 ], [ -78.432518960581547, 39.58643953125943 ] ] ], [ [ [ -78.441336879793141, 39.588481592151822 ], [ -78.439939834255881, 39.588112285553564 ], [ -78.441473690058729, 39.587999075297148 ], [ -78.434875067430369, 39.586319235244559 ], [ -78.441462407164295, 39.587780813433824 ], [ -78.450540526324176, 39.588323739548969 ], [ -78.452535579653215, 39.58783207389115 ], [ -78.454723545655042, 39.586563757311581 ], [ -78.455919071108212, 39.585179826587762 ], [ -78.456510655941997, 39.58331621457171 ], [ -78.456446873324523, 39.582465448721507 ], [ -78.455853986272416, 39.582415520160168 ], [ -78.454779342292795, 39.579874397585456 ], [ -78.452370813062544, 39.576726568076708 ], [ -78.453073405713042, 39.576735171890732 ], [ -78.451024168230731, 39.574460131729722 ], [ -78.449063965429616, 39.572599863393009 ], [ -78.442531196557411, 39.568550785490402 ], [ -78.442621790663054, 39.568340327943815 ], [ -78.449147647346024, 39.57233136540026 ], [ -78.450771099007, 39.573752302326966 ], [ -78.454984954292172, 39.578489302239575 ], [ -78.457030074678187, 39.582494025578853 ], [ -78.45582964791987, 39.585897518855461 ], [ -78.452700784213789, 39.588100473857821 ], [ -78.44965364010335, 39.588644543910618 ], [ -78.441336879793141, 39.588481592151822 ] ] ], [ [ [ -77.93798379271783, 39.599339419278806 ], [ -77.939054834912668, 39.591232128160243 ], [ -77.943564854934095, 39.594309038031724 ], [ -77.947589914642833, 39.598943295796516 ], [ -77.949947117765248, 39.598640887067347 ], [ -77.949285110619314, 39.60188510501365 ], [ -77.937634219943277, 39.603631904988504 ], [ -77.93798379271783, 39.599339419278806 ] ] ], [ [ [ -77.956359409858862, 39.617456835664484 ], [ -77.957988196298174, 39.616532749886574 ], [ -77.964879724519619, 39.611894721264434 ], [ -77.963599705062279, 39.616116491482956 ], [ -77.954377133198079, 39.619472384542973 ], [ -77.954351068147218, 39.618776027791512 ], [ -77.956359409858862, 39.617456835664484 ] ] ], [ [ [ -77.934152011705919, 39.621011265757375 ], [ -77.934320538362101, 39.621010558890248 ], [ -77.934179676650729, 39.621201325780589 ], [ -77.934152011705919, 39.621011265757375 ] ] ], [ [ [ -78.422689577461995, 39.62211313581264 ], [ -78.401637015835547, 39.614779762576006 ], [ -78.399906067311122, 39.614605639438764 ], [ -78.399903252433091, 39.61496670554908 ], [ -78.398050908022924, 39.615541999164009 ], [ -78.399329035306721, 39.616522780002356 ], [ -78.399098652380871, 39.616811099053052 ], [ -78.395581376879022, 39.616048777029505 ], [ -78.397509669035969, 39.61448047899097 ], [ -78.399341087121456, 39.613911687474456 ], [ -78.40057600467884, 39.614259931950357 ], [ -78.400556740301283, 39.613764146498227 ], [ -78.401635043622321, 39.613285083040182 ], [ -78.402171977554701, 39.613782694116082 ], [ -78.401627191641523, 39.614451692591615 ], [ -78.419967561653607, 39.621041745580158 ], [ -78.424274094773637, 39.621999802349023 ], [ -78.4276986213942, 39.621762768936662 ], [ -78.429890117235061, 39.620474660077548 ], [ -78.430429151084411, 39.618608391464136 ], [ -78.42882052384806, 39.612862343222616 ], [ -78.427604908439719, 39.611313503815211 ], [ -78.424467232276925, 39.609174613817402 ], [ -78.424088475602616, 39.608121996932653 ], [ -78.424342773300282, 39.606966326734664 ], [ -78.425062504331095, 39.609348109227938 ], [ -78.427820396793834, 39.611097945313986 ], [ -78.429191192019857, 39.61289268275118 ], [ -78.430815895537137, 39.619522582001593 ], [ -78.430115849766594, 39.620774098346033 ], [ -78.428025384663727, 39.621972247121562 ], [ -78.422689577461995, 39.62211313581264 ] ] ], [ [ [ -77.890842999304937, 39.618459646295719 ], [ -77.891127055569143, 39.618187081568635 ], [ -77.893792337646232, 39.6225816601156 ], [ -77.891013278739763, 39.623518076498101 ], [ -77.890011376423843, 39.619881050869878 ], [ -77.890842999304937, 39.618459646295719 ] ] ], [ [ [ -78.77223162668821, 39.623924912704638 ], [ -78.77236000670888, 39.623741021131252 ], [ -78.772649331201649, 39.623855348345728 ], [ -78.77256364739435, 39.624109807921343 ], [ -78.77223162668821, 39.623924912704638 ] ] ], [ [ [ -78.772461179539789, 39.624384403317606 ], [ -78.772172161715844, 39.624267284607527 ], [ -78.77230669489802, 39.624066333794303 ], [ -78.772542035786273, 39.624144234868595 ], [ -78.772461179539789, 39.624384403317606 ] ] ], [ [ [ -77.887859447155734, 39.624580661468428 ], [ -77.887204891792294, 39.623633741004369 ], [ -77.884541605310801, 39.623190442684859 ], [ -77.88505680982388, 39.620844879487663 ], [ -77.88348146020121, 39.620292310841535 ], [ -77.884738859011122, 39.617808991291952 ], [ -77.887959862757441, 39.61712985745703 ], [ -77.889400377025765, 39.615343565553133 ], [ -77.889830524559045, 39.616049103483419 ], [ -77.888711846174715, 39.616852886051902 ], [ -77.889491071855446, 39.617078550234964 ], [ -77.890163109140133, 39.616597552335236 ], [ -77.89095523919292, 39.617903766345819 ], [ -77.889652724993198, 39.61994272008053 ], [ -77.890677764167435, 39.623631124876567 ], [ -77.887859447155734, 39.624580661468428 ] ] ], [ [ [ -78.772463608608632, 39.628356429105963 ], [ -78.772460335076346, 39.628226070576773 ], [ -78.773097519135149, 39.628416768219324 ], [ -78.772972787664003, 39.628726024386594 ], [ -78.772463608608632, 39.628356429105963 ] ] ], [ [ [ -78.766087544804293, 39.648248980406152 ], [ -78.765539927825387, 39.647625836563179 ], [ -78.765254560349661, 39.645710149304023 ], [ -78.765733291957815, 39.645823334379429 ], [ -78.765749103838061, 39.647521664493297 ], [ -78.766397322578314, 39.64757192130719 ], [ -78.766087544804293, 39.648248980406152 ] ] ], [ [ [ -78.76339473627803, 39.646856320862582 ], [ -78.763354438556462, 39.64479969185237 ], [ -78.76280668128328, 39.645405898763272 ], [ -78.763012013593539, 39.646789087546381 ], [ -78.761303368255824, 39.646271493534641 ], [ -78.762165119324777, 39.644673258863861 ], [ -78.763397144662463, 39.644714672644056 ], [ -78.766620290593892, 39.639555308830495 ], [ -78.767604151610271, 39.637125904536902 ], [ -78.767612834564602, 39.634631608761765 ], [ -78.768303155066519, 39.634918703835183 ], [ -78.768579360249248, 39.634427561582754 ], [ -78.768714371870715, 39.635085522678764 ], [ -78.772021463219914, 39.630825657178377 ], [ -78.773214305995396, 39.628322807951292 ], [ -78.772450923671158, 39.628091152484728 ], [ -78.772596116517548, 39.627157506014157 ], [ -78.772842597307999, 39.626718770854666 ], [ -78.773633979124781, 39.626950915552356 ], [ -78.773976806084704, 39.624121450544578 ], [ -78.772767279086622, 39.623383054084741 ], [ -78.77267388898872, 39.623755238513525 ], [ -78.771914411520811, 39.623409620957318 ], [ -78.772028964465107, 39.623113771883141 ], [ -78.766269218649484, 39.622157991298309 ], [ -78.754220229579914, 39.627768503613595 ], [ -78.749578073069586, 39.62785307406017 ], [ -78.749657357301146, 39.628368024964459 ], [ -78.748870089882701, 39.628465048323392 ], [ -78.749325193602772, 39.627876420460495 ], [ -78.745665764063745, 39.627236247954556 ], [ -78.742356573696895, 39.625768985150614 ], [ -78.737479431530517, 39.624546326252016 ], [ -78.736332693399049, 39.623764250619729 ], [ -78.733060226847954, 39.618933675348899 ], [ -78.731838429499874, 39.615840131616835 ], [ -78.732190717327683, 39.614086311534095 ], [ -78.736213448691672, 39.610314267089791 ], [ -78.73725138684199, 39.60804871567575 ], [ -78.741047985476087, 39.603664998241129 ], [ -78.746494215035966, 39.600107967308873 ], [ -78.750374982119695, 39.599133565361797 ], [ -78.75357405679722, 39.599327111157322 ], [ -78.764632539759873, 39.598497267135201 ], [ -78.765917962344076, 39.597556556489963 ], [ -78.766177684752336, 39.595835823364609 ], [ -78.765431128743558, 39.594854508328922 ], [ -78.759267110688597, 39.589800573837465 ], [ -78.756465856514012, 39.588079397346348 ], [ -78.743921348191634, 39.586464419997014 ], [ -78.743306814457867, 39.587728519655514 ], [ -78.738660669454305, 39.588506566325009 ], [ -78.738084781387499, 39.588194666150969 ], [ -78.737664274586564, 39.588814938458711 ], [ -78.73675893967328, 39.587054029020294 ], [ -78.740170021429321, 39.586514509537039 ], [ -78.741303441500577, 39.585749271012105 ], [ -78.742804344344961, 39.583354251397623 ], [ -78.743275638559851, 39.583322921715535 ], [ -78.742560650553514, 39.58463317368205 ], [ -78.743686811297266, 39.585994746360484 ], [ -78.756263140331612, 39.587502874358222 ], [ -78.758787680307137, 39.588680652590085 ], [ -78.765798529678364, 39.594594653720321 ], [ -78.766637343538548, 39.5959137289355 ], [ -78.766506252061845, 39.597631350406573 ], [ -78.764761646432817, 39.598867618745658 ], [ -78.763562818669129, 39.599031947366541 ], [ -78.748407889612395, 39.59984252341377 ], [ -78.741786002422032, 39.603474593777548 ], [ -78.73769285324255, 39.608436442188122 ], [ -78.737251246547771, 39.610183829420237 ], [ -78.733593393520266, 39.613347658767509 ], [ -78.732577872770548, 39.614890579736539 ], [ -78.73390266947257, 39.619750481899246 ], [ -78.735800408961666, 39.622215259226891 ], [ -78.73961836469573, 39.62462803775378 ], [ -78.747845541738343, 39.62726070681623 ], [ -78.749375594308219, 39.626854844575462 ], [ -78.749628224662786, 39.627234907964692 ], [ -78.750877554755334, 39.626596408197713 ], [ -78.755498246247043, 39.626792355183113 ], [ -78.765424533115663, 39.622045468123929 ], [ -78.763037415844053, 39.619303064684743 ], [ -78.764172646250586, 39.619398089750121 ], [ -78.769356006674343, 39.621619509632694 ], [ -78.773335322367188, 39.622014321903464 ], [ -78.773317826056768, 39.623135284565763 ], [ -78.773635326309204, 39.622088862211285 ], [ -78.776443177010947, 39.622303547470779 ], [ -78.774379138486438, 39.623631266070106 ], [ -78.774884526000051, 39.624471941526906 ], [ -78.773096346419209, 39.630127608802184 ], [ -78.774123095204629, 39.630681441895092 ], [ -78.772871459250382, 39.630650086132619 ], [ -78.770842768578859, 39.633155988558087 ], [ -78.772333338212945, 39.632905383476725 ], [ -78.768230533012627, 39.639163557851987 ], [ -78.764131511260189, 39.644341687818667 ], [ -78.763850034251618, 39.648570796505112 ], [ -78.763338340691803, 39.648374488891591 ], [ -78.76339473627803, 39.646856320862582 ] ] ], [ [ [ -78.764213778543024, 39.648124406316356 ], [ -78.764189263024036, 39.648589005977897 ], [ -78.764031565104631, 39.648580542458149 ], [ -78.764213778543024, 39.648124406316356 ] ] ], [ [ [ -78.035859583053252, 39.643115566530241 ], [ -78.03762986972265, 39.641963484627183 ], [ -78.043678975104569, 39.645898541984195 ], [ -78.045414520963334, 39.648025037525485 ], [ -78.047072185532897, 39.650983178430977 ], [ -78.046744751369147, 39.651070672573553 ], [ -78.04708261856797, 39.651752977418028 ], [ -78.040123892103907, 39.645642731626822 ], [ -78.035859583053252, 39.643115566530241 ] ] ], [ [ [ -78.066839096147305, 39.666232293485621 ], [ -78.067013000749341, 39.665918968785434 ], [ -78.070278881565116, 39.668098423603396 ], [ -78.069799507840969, 39.668788630790743 ], [ -78.066839096147305, 39.666232293485621 ] ] ], [ [ [ -78.17379484655487, 39.697823581193347 ], [ -78.173319441538979, 39.697624253656443 ], [ -78.173860255146622, 39.697701368723244 ], [ -78.17379484655487, 39.697823581193347 ] ] ], [ [ [ -78.174043749219607, 39.697920963381819 ], [ -78.174522634611833, 39.697822862635064 ], [ -78.174631797919119, 39.698134365308761 ], [ -78.173830510969253, 39.697940448093277 ], [ -78.174043749219607, 39.697920963381819 ] ] ], [ [ [ -77.878369545518069, 39.555687327208432 ], [ -77.877900760411706, 39.556483015878541 ], [ -77.879430237415477, 39.556823792384137 ], [ -77.879886854694576, 39.556063618840994 ], [ -77.878369545518069, 39.555687327208432 ], [ -77.880150320980476, 39.552640815321411 ], [ -77.876786940165118, 39.551368014722129 ], [ -77.877608811697257, 39.550566420204177 ], [ -77.882128626235101, 39.552666206780088 ], [ -77.870474419758636, 39.546204255022417 ], [ -77.864813353853151, 39.541771083868468 ], [ -77.865054411731705, 39.54233460715642 ], [ -77.864263849197243, 39.542597353085455 ], [ -77.862852553902201, 39.541408850438131 ], [ -77.862862270177573, 39.540319960298007 ], [ -77.863556098035474, 39.540131051406945 ], [ -77.86264266922376, 39.538202627049657 ], [ -77.862510074979923, 39.531514456227228 ], [ -77.860229112783315, 39.531458681173262 ], [ -77.86217926386189, 39.525124523977638 ], [ -77.863999793855385, 39.524449313884759 ], [ -77.863968064874257, 39.522569440327459 ], [ -77.854331271570913, 39.521152148352996 ], [ -77.855762247629571, 39.521193883191188 ], [ -77.856230119024758, 39.51970268223306 ], [ -77.849156530249616, 39.519662792803672 ], [ -77.850286052659158, 39.521270759038373 ], [ -77.845867041330848, 39.529761524674655 ], [ -77.843748599218429, 39.530444605634102 ], [ -77.841886893765093, 39.530116663353397 ], [ -77.841433192088118, 39.531172368510056 ], [ -77.8393676454005, 39.532965948519745 ], [ -77.834515042135422, 39.53389834223475 ], [ -77.834232937400088, 39.534684665365091 ], [ -77.826731926936816, 39.532520603343244 ], [ -77.825264715394269, 39.532666585794345 ], [ -77.826347347152307, 39.531805464250851 ], [ -77.824322582021523, 39.530419902156837 ], [ -77.822778231130428, 39.531512144969554 ], [ -77.822095945171668, 39.531207523908165 ], [ -77.822590680215683, 39.530838353107583 ], [ -77.821363997750268, 39.524853754297396 ], [ -77.82176507289978, 39.524852653527205 ], [ -77.8217636357831, 39.523836511345962 ], [ -77.82196511090109, 39.522341135734905 ], [ -77.822798613365251, 39.518806792899227 ], [ -77.820952364559957, 39.518653882970398 ], [ -77.827068073732562, 39.510675689531524 ], [ -77.829122727831589, 39.511182896373612 ], [ -77.835704231864781, 39.506509682675755 ], [ -77.839805232125741, 39.50435314618079 ], [ -77.839204558743347, 39.503684113531051 ], [ -77.839286495075669, 39.500363116864378 ], [ -77.837906786668839, 39.500018955310566 ], [ -77.838388483341816, 39.498820568214683 ], [ -77.829372596368216, 39.496407671876625 ], [ -77.823585807938628, 39.495646819345268 ], [ -77.82219028135637, 39.496002352826395 ], [ -77.822332128724724, 39.495425155346709 ], [ -77.821548013430061, 39.495936181609522 ], [ -77.821094498812045, 39.49589388019848 ], [ -77.821102406550779, 39.495339797094005 ], [ -77.817654833004099, 39.495065498474048 ], [ -77.817814329567625, 39.495974928000578 ], [ -77.811869808145104, 39.493887757114351 ], [ -77.808692512349523, 39.49402785530134 ], [ -77.807860718597226, 39.493400603355212 ], [ -77.804272538746602, 39.49311148570655 ], [ -77.804276951719885, 39.492014835316468 ], [ -77.80378457829562, 39.491998431682305 ], [ -77.797944133614862, 39.492008037341122 ], [ -77.792921294981738, 39.493172716947356 ], [ -77.786005245845388, 39.499583883989089 ], [ -77.783893487494424, 39.500767999743459 ], [ -77.779776646574931, 39.501449267669614 ], [ -77.780149257282346, 39.501991592138324 ], [ -77.78165108552912, 39.502192290242078 ], [ -77.78186678702258, 39.502367146326776 ], [ -77.781812445487958, 39.502558728902272 ], [ -77.781645194969713, 39.502283142453109 ], [ -77.77980641053739, 39.502013254108419 ], [ -77.778326826122111, 39.501287097421653 ], [ -77.771435262827083, 39.500882041872785 ], [ -77.771314670035963, 39.501194790107547 ], [ -77.772791446767826, 39.501510263288083 ], [ -77.77116073577929, 39.501235608536547 ], [ -77.771037210298971, 39.501687863204381 ], [ -77.771129542794142, 39.501076549942866 ], [ -77.771324702872676, 39.500858434669055 ], [ -77.767485944021075, 39.499576894458187 ], [ -77.76422283491587, 39.49680513265082 ], [ -77.763310369278088, 39.494302418321979 ], [ -77.762017474227036, 39.494135255937351 ], [ -77.762019778290096, 39.492162860127962 ], [ -77.763202640389522, 39.489923912458664 ], [ -77.764679565509482, 39.490654231207884 ], [ -77.766968192627928, 39.488810552664916 ], [ -77.76924882207544, 39.487834314302233 ], [ -77.76908867800006, 39.487550667229584 ], [ -77.77878216636384, 39.485682138619836 ], [ -77.778704820171299, 39.485314250252486 ], [ -77.780365153029322, 39.485354386995425 ], [ -77.787345984829301, 39.483422745763164 ], [ -77.792400376176374, 39.481186580596273 ], [ -77.794046024004786, 39.479992332180416 ], [ -77.792036325216202, 39.478642904846254 ], [ -77.79261528087045, 39.473542414251085 ], [ -77.78257448782233, 39.468710739109383 ], [ -77.782715327949973, 39.467657038541574 ], [ -77.776861073279861, 39.46509330790991 ], [ -77.776319890050843, 39.465382581141284 ], [ -77.775874233708862, 39.464944886497392 ], [ -77.776353523796047, 39.464647488790604 ], [ -77.774895199353921, 39.462709598169454 ], [ -77.776210936285622, 39.46007391098226 ], [ -77.778522274883017, 39.458782042057635 ], [ -77.781427386364726, 39.458570787711722 ], [ -77.790994373391584, 39.460010198511895 ], [ -77.794727469097381, 39.459530932706457 ], [ -77.796185679325617, 39.458749980327354 ], [ -77.796600118400704, 39.457653802081381 ], [ -77.79552185105257, 39.456008871911934 ], [ -77.793595523914234, 39.454382742069924 ], [ -77.784090132353697, 39.449072580834979 ], [ -77.782903812360985, 39.447609535851427 ], [ -77.782714728102178, 39.445370952407586 ], [ -77.781987226928948, 39.445456553477186 ], [ -77.782076507125055, 39.444867597361792 ], [ -77.782810800877712, 39.444951112903595 ], [ -77.784607706580346, 39.442749496092404 ], [ -77.789395101802484, 39.440983932662391 ], [ -77.790066725399015, 39.43862083538329 ], [ -77.795341550472131, 39.438580094295958 ], [ -77.796264991436146, 39.43830104545691 ], [ -77.797674743494554, 39.436604397075314 ], [ -77.799523035559616, 39.436406646049932 ], [ -77.795443418478953, 39.433858229973396 ], [ -77.788797247794719, 39.432376311817393 ], [ -77.788260889428443, 39.432296859412588 ], [ -77.787423536067308, 39.433603659781113 ], [ -77.784229490398616, 39.43313270640931 ], [ -77.784085774239031, 39.432540626049104 ], [ -77.782591118085577, 39.431943139864075 ], [ -77.78171126816045, 39.432016256545069 ], [ -77.781649838169471, 39.432704754121175 ], [ -77.774950270238719, 39.431784726084288 ], [ -77.775188421508403, 39.43136789930918 ], [ -77.773115261160342, 39.431012962078569 ], [ -77.773237738031128, 39.430213561007065 ], [ -77.76476009080551, 39.43057108468787 ], [ -77.765080618175944, 39.431684395918182 ], [ -77.764689917605551, 39.430626508106911 ], [ -77.75817765417537, 39.430030012974782 ], [ -77.757049576077009, 39.429653182648337 ], [ -77.756808710653445, 39.42852933136362 ], [ -77.751038357334266, 39.424524945270036 ], [ -77.749680068080636, 39.425269571333729 ], [ -77.748599859995522, 39.424950936136838 ], [ -77.747950360620621, 39.423830695630159 ], [ -77.748356319088828, 39.423566045836424 ], [ -77.746791057161545, 39.422106161070531 ], [ -77.746083603675345, 39.422527962895231 ], [ -77.743901397831223, 39.422019762302227 ], [ -77.74416813764941, 39.419950882727107 ], [ -77.743591768445299, 39.417854982121753 ], [ -77.742173597833244, 39.417312620780876 ], [ -77.741575119695995, 39.417977187397355 ], [ -77.737977291019149, 39.417500617759345 ], [ -77.738419822216997, 39.416215002720264 ], [ -77.742718702106401, 39.416522001589158 ], [ -77.742641681468399, 39.415030079374731 ], [ -77.740803132658414, 39.409207196654847 ], [ -77.736224646350308, 39.402921642419926 ], [ -77.735612769213901, 39.401467340645297 ], [ -77.736162954656606, 39.40138987844017 ], [ -77.735033116585043, 39.39846584881991 ], [ -77.734321908429308, 39.398445673429137 ], [ -77.733174075822888, 39.39559169739897 ], [ -77.732263247850597, 39.39116556344004 ], [ -77.732846248655392, 39.390307420451165 ], [ -77.733777647720217, 39.393843280443093 ], [ -77.73768683877654, 39.403174494907091 ], [ -77.74358148199974, 39.40999579596928 ], [ -77.746726237625751, 39.417853395717714 ], [ -77.7516683018506, 39.424071168949354 ], [ -77.754932044078544, 39.426762473809163 ], [ -77.758434629154749, 39.428577666326305 ], [ -77.762373582374892, 39.429711867908452 ], [ -77.765325085384347, 39.430067805185104 ], [ -77.771854473704934, 39.429528659819823 ], [ -77.785706706898964, 39.431216090150485 ], [ -77.793280082210003, 39.432701367274319 ], [ -77.798879622796335, 39.43474124731074 ], [ -77.800827728816614, 39.436575941626472 ], [ -77.799919865009713, 39.436856779217067 ], [ -77.800085356454019, 39.437142444368362 ], [ -77.801002785450123, 39.436810518090965 ], [ -77.801204635585407, 39.437308378279113 ], [ -77.800877979335212, 39.438715903616128 ], [ -77.799471723840952, 39.439736886847925 ], [ -77.791589867578296, 39.440805172620685 ], [ -77.786603654734847, 39.442260918706495 ], [ -77.784572610537509, 39.443605740612497 ], [ -77.783532923205826, 39.445459800029823 ], [ -77.783596329906686, 39.446959690237577 ], [ -77.785252289361608, 39.449061095593152 ], [ -77.792118025926129, 39.452751953739721 ], [ -77.796642840694517, 39.455907020992299 ], [ -77.797551001277668, 39.45841127585976 ], [ -77.796940584640254, 39.459517881744887 ], [ -77.794440531405371, 39.460477841479246 ], [ -77.791506915911384, 39.460530291739644 ], [ -77.781996076257883, 39.458874694711426 ], [ -77.77993956236088, 39.458941973893047 ], [ -77.777344514637605, 39.460094741978821 ], [ -77.776338428675501, 39.461928319336494 ], [ -77.776561479428722, 39.463675192156472 ], [ -77.778420792685381, 39.465307783627338 ], [ -77.788881449519238, 39.468945352446099 ], [ -77.794085190379178, 39.471771120340975 ], [ -77.796520856652194, 39.474748239639609 ], [ -77.797116484837886, 39.477011610197678 ], [ -77.796816452117525, 39.478837138623078 ], [ -77.79332370202718, 39.481747232348937 ], [ -77.787780591201283, 39.484098191478381 ], [ -77.774365376361004, 39.487260058504944 ], [ -77.767318056782869, 39.490002919699009 ], [ -77.765287819277376, 39.491335321068277 ], [ -77.764381475324797, 39.49298074766341 ], [ -77.764116358782871, 39.494699221691803 ], [ -77.765078701720654, 39.496654430557555 ], [ -77.768951580850739, 39.499481485382319 ], [ -77.772591434846788, 39.500558930750117 ], [ -77.782952768755251, 39.500322343401479 ], [ -77.7864325677088, 39.498433765306061 ], [ -77.791683584130055, 39.492525220362666 ], [ -77.795249004837672, 39.491571660203988 ], [ -77.800641588938163, 39.491245280045689 ], [ -77.811593335863734, 39.492512860979787 ], [ -77.818728112712222, 39.494750679100605 ], [ -77.828845524401402, 39.495572318607685 ], [ -77.844191667311577, 39.499557286539584 ], [ -77.844991215871858, 39.50004590889165 ], [ -77.845636863450466, 39.501427528357794 ], [ -77.845124237293703, 39.503457859392768 ], [ -77.84225940734575, 39.505396224855929 ], [ -77.836067682077839, 39.508471257842302 ], [ -77.824169391504199, 39.515896496825917 ], [ -77.822859370663366, 39.518812233797632 ], [ -77.821827303287364, 39.523862159111388 ], [ -77.822577288411082, 39.527494840114855 ], [ -77.823601281673746, 39.529508422175979 ], [ -77.825145577706223, 39.530791200753356 ], [ -77.829539927825351, 39.532787632743123 ], [ -77.832364778411772, 39.53349906123276 ], [ -77.836160814969617, 39.533582104630455 ], [ -77.838928964200306, 39.532336604750583 ], [ -77.841366619773623, 39.529526981485049 ], [ -77.842052530899537, 39.527547379408077 ], [ -77.841903120232757, 39.521556522215803 ], [ -77.843900377800139, 39.519143083586471 ], [ -77.845616252787806, 39.518163361250174 ], [ -77.851730295516688, 39.51672566006124 ], [ -77.858848870179202, 39.515626407932416 ], [ -77.861789917670535, 39.516114193914973 ], [ -77.863794761019392, 39.517686525412842 ], [ -77.864592447983057, 39.520105900467001 ], [ -77.864401078546905, 39.524618695796221 ], [ -77.863203776932721, 39.528464006208992 ], [ -77.862909237271424, 39.532757225765408 ], [ -77.862952562110991, 39.537500777239131 ], [ -77.863953164007285, 39.53999743733192 ], [ -77.869771918838921, 39.545089952739204 ], [ -77.874830511818629, 39.547808459392911 ], [ -77.874573831816861, 39.548324362679239 ], [ -77.882333919874441, 39.552384609262333 ], [ -77.882764508075525, 39.55165145315209 ], [ -77.883963578656164, 39.55217953056092 ], [ -77.886447123036248, 39.554666717195289 ], [ -77.886860129491367, 39.556859741883613 ], [ -77.885621415895571, 39.558604997722512 ], [ -77.877941303648186, 39.562217357645011 ], [ -77.869165330615488, 39.562039473542939 ], [ -77.857351202196185, 39.562973992355921 ], [ -77.849554187975343, 39.562825247187448 ], [ -77.841089715817702, 39.563419252996198 ], [ -77.836803794259652, 39.56447515420507 ], [ -77.834267104443256, 39.565962764170308 ], [ -77.832207095780802, 39.569242079958087 ], [ -77.830757168308651, 39.576031410121516 ], [ -77.827827835386245, 39.585074224595814 ], [ -77.827256084200883, 39.589040777110256 ], [ -77.826626665787956, 39.588943788824849 ], [ -77.825590100003069, 39.591913772003011 ], [ -77.827544632578679, 39.592202223254048 ], [ -77.825561033914539, 39.591995432243436 ], [ -77.826051325408287, 39.592316142176287 ], [ -77.825842833779689, 39.593556663409345 ], [ -77.825404900815499, 39.593675504321141 ], [ -77.825754722702243, 39.596773503294571 ], [ -77.82664045329426, 39.599060607860793 ], [ -77.82779307658916, 39.599037328010354 ], [ -77.827837406870799, 39.5997291692658 ], [ -77.829246774918715, 39.599683692348549 ], [ -77.829103344743544, 39.600779438920028 ], [ -77.830116137849416, 39.602952829609478 ], [ -77.833756189696373, 39.606404940235848 ], [ -77.836853181429149, 39.608027487178845 ], [ -77.841960693930844, 39.609158504261643 ], [ -77.85260959325808, 39.608949205041824 ], [ -77.860306153206352, 39.610101246475381 ], [ -77.869527542462095, 39.612829891186607 ], [ -77.873870181563575, 39.615312849208692 ], [ -77.885401944444141, 39.616845545785338 ], [ -77.887795953220632, 39.615858625275393 ], [ -77.88854979373798, 39.613692039755904 ], [ -77.887773150910164, 39.612230858167607 ], [ -77.882790964331491, 39.606969787325852 ], [ -77.881819754977698, 39.604531997753554 ], [ -77.881775564090958, 39.601954120786104 ], [ -77.882074651623839, 39.600542329964583 ], [ -77.883188087859935, 39.599496601886699 ], [ -77.884511202829685, 39.598952700007146 ], [ -77.886862929980168, 39.598869508221298 ], [ -77.901234816633462, 39.602514270717052 ], [ -77.907208217085497, 39.603180023539323 ], [ -77.919460194832084, 39.605485928432927 ], [ -77.923795657343646, 39.608247661000803 ], [ -77.925826646682367, 39.611628740474032 ], [ -77.925789939054425, 39.613311402599209 ], [ -77.926458495962777, 39.614572610937273 ], [ -77.930467246466208, 39.618424493595569 ], [ -77.934327605234728, 39.620199295760926 ], [ -77.938257641676785, 39.620389882786924 ], [ -77.941740056758192, 39.620207038024432 ], [ -77.943344582186683, 39.619640561362871 ], [ -77.94582580181924, 39.617879806607846 ], [ -77.946900979996201, 39.616314233515141 ], [ -77.945917986825577, 39.614249841557012 ], [ -77.946615134980448, 39.613513986581268 ], [ -77.945893024343547, 39.61420817416797 ], [ -77.9443344452784, 39.613084545915115 ], [ -77.941560786800835, 39.612375198456675 ], [ -77.939561424819885, 39.610465927860332 ], [ -77.942330650539077, 39.610007620755141 ], [ -77.947230594116604, 39.612831939842181 ], [ -77.948012677842769, 39.610418247604116 ], [ -77.949814194369537, 39.610957602511405 ], [ -77.950611476638301, 39.609322416496354 ], [ -77.95193941826949, 39.608468978760413 ], [ -77.959285212942177, 39.610029601984593 ], [ -77.964175424056521, 39.609840714677318 ], [ -77.96982319618354, 39.607282705532498 ], [ -77.974924285727184, 39.601714811189652 ], [ -77.97789399101481, 39.600921684688046 ], [ -77.98598035401011, 39.600845599345007 ], [ -77.992685749547661, 39.602258974771928 ], [ -77.993169839316579, 39.602063100631653 ], [ -77.990256169886266, 39.601358160750578 ], [ -77.99673777273, 39.602111378937025 ], [ -78.002749422247973, 39.601678274432857 ], [ -78.004781564517543, 39.602101250772137 ], [ -78.007191362691174, 39.603013760476699 ], [ -78.010612587900596, 39.60578389001455 ], [ -78.013408094507895, 39.610416709763399 ], [ -78.021804898976882, 39.621922929199854 ], [ -78.031538591532751, 39.631897452105761 ], [ -78.035441226531361, 39.636997534408749 ], [ -78.037673857362563, 39.63891251390146 ], [ -78.047042322645041, 39.644159407830443 ], [ -78.051418609880898, 39.648772773444819 ], [ -78.051660095836723, 39.649814013006335 ], [ -78.051062405505547, 39.650547198794243 ], [ -78.05136600044051, 39.651168881238902 ], [ -78.060116352687487, 39.65708541845737 ], [ -78.062540522027405, 39.660134290165388 ], [ -78.067544604399927, 39.665065326004026 ], [ -78.075494873889284, 39.669627426664476 ], [ -78.085556583369566, 39.674095915094483 ], [ -78.090816252168281, 39.674859397243438 ], [ -78.093013360678015, 39.67636835531539 ], [ -78.095766631524782, 39.679442795648526 ], [ -78.099625109810916, 39.681144431670248 ], [ -78.105120708553841, 39.682953185940846 ], [ -78.110559127501688, 39.683739426333489 ], [ -78.122477685196998, 39.686743223121312 ], [ -78.132855293237128, 39.688461070322205 ], [ -78.139122114593874, 39.690952829109847 ], [ -78.152855172328316, 39.693166836780165 ], [ -78.155483337585906, 39.69321627700964 ], [ -78.16215404177558, 39.695112621650196 ], [ -78.177090936497507, 39.697535867386421 ], [ -78.180722174088999, 39.697470903959129 ], [ -78.18629889527773, 39.69536222938342 ], [ -78.190691415276547, 39.692725029536518 ], [ -78.19484711320365, 39.68787063751995 ], [ -78.196765150391343, 39.6840719083919 ], [ -78.202797672274698, 39.677598825725283 ], [ -78.20740800717374, 39.677046373991004 ], [ -78.214645904784618, 39.677457815625758 ], [ -78.224374430735338, 39.676836658385128 ], [ -78.227562442852445, 39.67703413511731 ], [ -78.231014569666627, 39.675780428024382 ], [ -78.233894115221176, 39.673504817693242 ], [ -78.234721098499847, 39.67100767016791 ], [ -78.232740572819125, 39.668578840541102 ], [ -78.225445524191571, 39.663311698376219 ], [ -78.224894662458667, 39.661852425149334 ], [ -78.225319692849496, 39.660467265951638 ], [ -78.227463880753476, 39.658229626795901 ], [ -78.238877564447989, 39.652638925645931 ], [ -78.247155227631595, 39.645737334010789 ], [ -78.252081586995587, 39.644452922264577 ], [ -78.253885764616314, 39.643284119266752 ], [ -78.261376054261461, 39.6329517111526 ], [ -78.26393630271815, 39.630336234429706 ], [ -78.264234312863209, 39.626703941034123 ], [ -78.263794590248096, 39.623346716078117 ], [ -78.265073367741707, 39.620908108122762 ], [ -78.266061789220146, 39.620245456162934 ], [ -78.277261911807727, 39.621469054853037 ], [ -78.284439986516134, 39.62164073723028 ], [ -78.28942674344944, 39.623269596514717 ], [ -78.291870786007905, 39.624613844653254 ], [ -78.292386503134594, 39.623975027425615 ], [ -78.292396136672323, 39.624657846682339 ], [ -78.292920343399089, 39.624966280869216 ], [ -78.306768635763888, 39.630461658378863 ], [ -78.327969429945199, 39.636231822840386 ], [ -78.334900074179018, 39.638633092743078 ], [ -78.346382808719625, 39.640110357806805 ], [ -78.352612232668378, 39.641513379339017 ], [ -78.355675266000674, 39.641519393105568 ], [ -78.3575794770112, 39.640968820954356 ], [ -78.35933744746518, 39.639845418431378 ], [ -78.360185991090589, 39.638463256674015 ], [ -78.360419813023896, 39.636951593441324 ], [ -78.35975491815492, 39.635559425826898 ], [ -78.356872501065027, 39.63360148841798 ], [ -78.354398760194613, 39.630723870110558 ], [ -78.354541958344669, 39.628573047907878 ], [ -78.356162345116104, 39.626949534193727 ], [ -78.35946103769669, 39.626447225059451 ], [ -78.364607528614499, 39.62806164932573 ], [ -78.369350728453298, 39.630607643527981 ], [ -78.374728363123438, 39.631307628144555 ], [ -78.380615498806208, 39.630113285299956 ], [ -78.383492047819686, 39.628297176373621 ], [ -78.384213128732881, 39.626477905431045 ], [ -78.384035596265733, 39.625047025599827 ], [ -78.384854546799829, 39.624004769804344 ], [ -78.384156660301585, 39.621645509033044 ], [ -78.381904914380243, 39.619138534615729 ], [ -78.376273285083983, 39.615054618775673 ], [ -78.373189611411419, 39.611982177635468 ], [ -78.373644987626051, 39.610218049523439 ], [ -78.375963322948962, 39.609055240507018 ], [ -78.380415200001437, 39.609387733357266 ], [ -78.383814010508161, 39.610188349412851 ], [ -78.391406933483154, 39.61365953465986 ], [ -78.39551317679161, 39.617043795035158 ], [ -78.413634647321089, 39.622486465078339 ], [ -78.419015060896299, 39.624621657963189 ], [ -78.425165943453464, 39.625331488357574 ], [ -78.428667692160218, 39.624730750223989 ], [ -78.43057102902975, 39.623918517625555 ], [ -78.43269116456554, 39.622546454355415 ], [ -78.43425079493818, 39.620855142550852 ], [ -78.434750508629008, 39.618506809441783 ], [ -78.432977264089402, 39.614481331548291 ], [ -78.427452431984136, 39.609057683065657 ], [ -78.427411755647938, 39.606959922662327 ], [ -78.424907900978781, 39.604698744651387 ], [ -78.420443829119392, 39.602094616473437 ], [ -78.416701415537887, 39.599009769185557 ], [ -78.417966285915327, 39.598220302924688 ], [ -78.400748962294756, 39.590144866692299 ], [ -78.399623361828674, 39.590991845497342 ], [ -78.399051041372445, 39.590650474539814 ], [ -78.396423396822286, 39.587639263741096 ], [ -78.395918939207661, 39.585266934921151 ], [ -78.397114794711968, 39.583372940209074 ], [ -78.398852989973477, 39.582071364002275 ], [ -78.403030491963591, 39.580043203031437 ], [ -78.407645280305417, 39.57933885040768 ], [ -78.413746032853112, 39.580428208195315 ], [ -78.417632203963024, 39.581661971023209 ], [ -78.423744229512522, 39.586123978938531 ], [ -78.426396434547769, 39.587336247969517 ], [ -78.44359041446603, 39.592211631061957 ], [ -78.447074970833171, 39.592244969829551 ], [ -78.451554314080283, 39.591318988280761 ], [ -78.457370162303107, 39.588226436500918 ], [ -78.458522740631963, 39.586820699016073 ], [ -78.459164303489786, 39.583746666975173 ], [ -78.459076205002816, 39.580853774582067 ], [ -78.458298904770572, 39.578163658626011 ], [ -78.455477600211054, 39.573454215739503 ], [ -78.442923705664441, 39.564021473212449 ], [ -78.437541622048172, 39.561602438102113 ], [ -78.430764699831002, 39.559842365932468 ], [ -78.434259040822042, 39.553917185329908 ], [ -78.436584559030109, 39.554337346791158 ], [ -78.437983253924017, 39.553950506110994 ], [ -78.439485832205378, 39.552620936706944 ], [ -78.440130457254782, 39.551231003008411 ], [ -78.439739612792835, 39.549544944143918 ], [ -78.436676808787638, 39.546992738324263 ], [ -78.43555437573383, 39.543955981383476 ], [ -78.435668980838784, 39.541254051033661 ], [ -78.437212695909125, 39.53938471213479 ], [ -78.439169257355331, 39.539671168689551 ], [ -78.447232843221116, 39.548819765020198 ], [ -78.450976372861305, 39.55088462462578 ], [ -78.453618216807229, 39.551664129995629 ], [ -78.45827123712786, 39.552096534827285 ], [ -78.460754319256409, 39.551602623562303 ], [ -78.462189785630073, 39.550793056554369 ], [ -78.462749890594921, 39.549518326010002 ], [ -78.462490233837173, 39.547459439701413 ], [ -78.460850717586482, 39.545281427395992 ], [ -78.456975377911306, 39.54377228586236 ], [ -78.450687847865822, 39.543041365466706 ], [ -78.449390125254013, 39.54185735133575 ], [ -78.449454489732886, 39.540547869188856 ], [ -78.450089445271658, 39.539346745455987 ], [ -78.450904133918584, 39.538979344521181 ], [ -78.458930022002903, 39.538913124740986 ], [ -78.462851677662741, 39.536965330785449 ], [ -78.463780587404131, 39.535717047503795 ], [ -78.464033968692661, 39.533385019103378 ], [ -78.465027109813207, 39.533475474713441 ], [ -78.465179926212613, 39.532114426339774 ], [ -78.465509116752287, 39.532110168049883 ], [ -78.465514617005908, 39.531334428141406 ], [ -78.464851730323062, 39.531327622971503 ], [ -78.464025580715941, 39.529483966911585 ], [ -78.464598714159308, 39.529222749830069 ], [ -78.463573501415908, 39.527704337185469 ], [ -78.463012971971068, 39.525143700221633 ], [ -78.464603393331913, 39.52126655290914 ], [ -78.46427280974234, 39.520888551665394 ], [ -78.467103045469116, 39.518191922819028 ], [ -78.470784210722684, 39.516748453378455 ], [ -78.474519646464501, 39.516950556223264 ], [ -78.484589936376437, 39.520775125571618 ], [ -78.487089897880423, 39.520601094165215 ], [ -78.49122486553506, 39.519140114924426 ], [ -78.502946893484307, 39.519764091539628 ], [ -78.517761040639471, 39.524740532349767 ], [ -78.521461599772977, 39.525440443221953 ], [ -78.527805127004967, 39.525345727523359 ], [ -78.533062489042607, 39.523694742218652 ], [ -78.53443694091203, 39.524358880757802 ], [ -78.536654159162083, 39.524214282363289 ], [ -78.542038554935345, 39.522576631306549 ], [ -78.543162463776639, 39.522701592104852 ], [ -78.543879790919561, 39.523312541140911 ], [ -78.544168728703823, 39.523211374605296 ], [ -78.543354163263984, 39.522545078592543 ], [ -78.547944249927127, 39.521671969086185 ], [ -78.553065628176171, 39.522560087378167 ], [ -78.557393289968331, 39.522546203644424 ], [ -78.564535451150107, 39.520736562642298 ], [ -78.566291354062685, 39.520719048345484 ], [ -78.572437079907274, 39.52371382942971 ], [ -78.576126576480306, 39.526764707525274 ], [ -78.578913013424767, 39.52815890401024 ], [ -78.581537860184085, 39.52872373401317 ], [ -78.587633777976407, 39.5290014743386 ], [ -78.589524701503706, 39.530079519554249 ], [ -78.59142447435994, 39.531731525589464 ], [ -78.591238804826958, 39.533009208608121 ], [ -78.589401421538355, 39.535763355394579 ], [ -78.589797784240318, 39.536763439281344 ], [ -78.591225712496623, 39.537440523561372 ], [ -78.593613848700102, 39.537367730636333 ], [ -78.597606734263366, 39.536128812894447 ], [ -78.601729421675429, 39.532822629860505 ], [ -78.602668260831535, 39.532575696711092 ], [ -78.604816750192811, 39.533780155130103 ], [ -78.607078217785499, 39.536622944493331 ], [ -78.610619927867333, 39.537900888315392 ], [ -78.612273365623309, 39.538032043643966 ], [ -78.612007757152242, 39.538830798102879 ], [ -78.613481033722678, 39.537952566957472 ], [ -78.619986887684661, 39.539731523091348 ], [ -78.622095517294269, 39.539899466986867 ], [ -78.630888460533981, 39.53954636437328 ], [ -78.636087275807085, 39.537343083816324 ], [ -78.650455287281659, 39.535749674907606 ], [ -78.655347950847215, 39.5365064346243 ], [ -78.659592350706362, 39.536310443572177 ], [ -78.662821236111142, 39.53701773787833 ], [ -78.664343720885995, 39.537738090340667 ], [ -78.666986645817019, 39.540161041998545 ], [ -78.668750491541914, 39.540951371608571 ], [ -78.6760172789742, 39.541019033002044 ], [ -78.680376253361374, 39.543691812727047 ], [ -78.681012065054745, 39.545547196845689 ], [ -78.685597682087348, 39.549149482562598 ], [ -78.690674695880489, 39.550796350771009 ], [ -78.695254170543478, 39.554524117094388 ], [ -78.69780412895733, 39.5545838473667 ], [ -78.703011043524782, 39.555887666482647 ], [ -78.70447675859549, 39.557480699474752 ], [ -78.706314144582052, 39.558399912725861 ], [ -78.708071199526216, 39.559060024100859 ], [ -78.709812785231804, 39.559107179153045 ], [ -78.711314850899612, 39.560122600977309 ], [ -78.712226722085518, 39.56216166982523 ], [ -78.713052404944506, 39.562855070505179 ], [ -78.716100544604387, 39.563802927163408 ], [ -78.724030598233469, 39.564196940836212 ], [ -78.727461917433516, 39.570930287302986 ], [ -78.730177603813331, 39.573483160419585 ], [ -78.731213395281941, 39.575570790859388 ], [ -78.732885690921876, 39.586797886813088 ], [ -78.736436690101129, 39.587115432031624 ], [ -78.737468423828659, 39.589136812114248 ], [ -78.734877692851228, 39.589339526498009 ], [ -78.73341019892149, 39.588740783060757 ], [ -78.732196105166111, 39.587377453107024 ], [ -78.733438734410015, 39.589230781375534 ], [ -78.734982336165842, 39.589951817322572 ], [ -78.734611277688259, 39.590412037285716 ], [ -78.733095236555869, 39.589528401214807 ], [ -78.73180898929337, 39.587317560956706 ], [ -78.729934236475799, 39.586513397075692 ], [ -78.729974597149919, 39.584648907321252 ], [ -78.731100471909201, 39.584485942072604 ], [ -78.729935780611754, 39.576027699518761 ], [ -78.723864265023792, 39.571811847738616 ], [ -78.719120388894794, 39.566663670591993 ], [ -78.71252409371192, 39.564328141130886 ], [ -78.711724949846541, 39.565253127130177 ], [ -78.711367055645042, 39.565072959649399 ], [ -78.711856365079143, 39.563852184830523 ], [ -78.708992777994297, 39.561544806847394 ], [ -78.698737184573361, 39.557966841496579 ], [ -78.689508124999918, 39.55176586670143 ], [ -78.683981170494576, 39.549587858892608 ], [ -78.677417085430136, 39.546167003304618 ], [ -78.665882495081064, 39.541523492415308 ], [ -78.650694676917794, 39.539652813526573 ], [ -78.6503360929363, 39.539725535405182 ], [ -78.650943836788599, 39.540405369811992 ], [ -78.65052496225718, 39.540659475054781 ], [ -78.649592817654366, 39.53952153768887 ], [ -78.64005707667269, 39.539098523578048 ], [ -78.633021359248289, 39.542600654496653 ], [ -78.629128918065078, 39.54581115236283 ], [ -78.626968474015825, 39.546482043011906 ], [ -78.6251775488048, 39.546457911503467 ], [ -78.617578068872717, 39.542955875013661 ], [ -78.603536649796524, 39.541675282688175 ], [ -78.587737110079502, 39.538718814521701 ], [ -78.585982281856786, 39.537485420415862 ], [ -78.584133268535481, 39.533301026021604 ], [ -78.582537770501688, 39.531911375609525 ], [ -78.57658580718919, 39.529858867292944 ], [ -78.576085696897337, 39.530921721160553 ], [ -78.575708801819701, 39.529447113593449 ], [ -78.574357400473616, 39.528867594963572 ], [ -78.573764975673043, 39.529314903360159 ], [ -78.573733726030582, 39.528625453402015 ], [ -78.569401821237022, 39.526748237341337 ], [ -78.566586159023984, 39.525754545835696 ], [ -78.565833961568046, 39.526174809819679 ], [ -78.565616926380017, 39.525446945320311 ], [ -78.564130974764623, 39.52515362963635 ], [ -78.561875096458493, 39.524915572795521 ], [ -78.561989452451257, 39.525576522338667 ], [ -78.561194836672314, 39.524859643957427 ], [ -78.554348214298614, 39.524397385231168 ], [ -78.552683667217423, 39.530493173521165 ], [ -78.540865332668943, 39.525890723877865 ], [ -78.538038590808299, 39.525433495059815 ], [ -78.534136494503571, 39.526075697335614 ], [ -78.521284934252265, 39.526109171900828 ], [ -78.516816908973112, 39.525159866434763 ], [ -78.507096806072695, 39.52166113495349 ], [ -78.495323237077685, 39.519857063452775 ], [ -78.492709272115178, 39.519802352296779 ], [ -78.486435924378384, 39.521414697330442 ], [ -78.467743971606978, 39.520618994271217 ], [ -78.465115246071719, 39.521913928085382 ], [ -78.464030357914623, 39.524146325992206 ], [ -78.464385977730672, 39.527241502893105 ], [ -78.466280676611916, 39.530541000366952 ], [ -78.46692474228297, 39.530931144256954 ], [ -78.466594338557854, 39.530966904898776 ], [ -78.466163460775078, 39.533618303242179 ], [ -78.467231503730886, 39.533910013636273 ], [ -78.464998805450477, 39.537526964597816 ], [ -78.467025520311495, 39.541665606882304 ], [ -78.469915734523511, 39.54357671659227 ], [ -78.464910386804888, 39.551704292818897 ], [ -78.464031350766163, 39.552179856115515 ], [ -78.462972435029826, 39.560689902317165 ], [ -78.459355529933703, 39.564808514001754 ], [ -78.454151339412761, 39.569178249676554 ], [ -78.453825873864957, 39.570848056892373 ], [ -78.45763821693015, 39.573853754846937 ], [ -78.459724435434282, 39.576771169953588 ], [ -78.463423088904392, 39.580423170193228 ], [ -78.462584136548628, 39.581045293305692 ], [ -78.461334014153408, 39.58655027467546 ], [ -78.458106165666948, 39.589864315086118 ], [ -78.450996109382913, 39.595033107392055 ], [ -78.432842093287945, 39.591490640980339 ], [ -78.433186637952929, 39.591170196347548 ], [ -78.430274835515206, 39.590579763545293 ], [ -78.426530525263502, 39.602425220747364 ], [ -78.429507845110948, 39.604198692815487 ], [ -78.438998758485866, 39.615023674003396 ], [ -78.438419404431954, 39.618484930735008 ], [ -78.436488637340688, 39.621925756668361 ], [ -78.433169790053739, 39.625003862638209 ], [ -78.429264644147963, 39.626206340750059 ], [ -78.426767555977904, 39.626204744453446 ], [ -78.427418494268068, 39.626566522826806 ], [ -78.420399678702154, 39.626263261540316 ], [ -78.407149417511562, 39.621681018764036 ], [ -78.394889114740806, 39.618198666635237 ], [ -78.392878361047508, 39.620049724115518 ], [ -78.389817069701962, 39.621574426618565 ], [ -78.386332850580573, 39.626571009544534 ], [ -78.382990498612571, 39.629607106382878 ], [ -78.378400970428402, 39.631698147051907 ], [ -78.37407914883363, 39.632451421895666 ], [ -78.360902921632487, 39.639364364773655 ], [ -78.358154194160704, 39.641608361236933 ], [ -78.356213469775753, 39.642153531160602 ], [ -78.351555719920498, 39.642094434010971 ], [ -78.345711272357278, 39.640798230354108 ], [ -78.338957995115322, 39.640016759965533 ], [ -78.336398518276951, 39.640175994826336 ], [ -78.33556900610472, 39.640964212828237 ], [ -78.336036983619863, 39.642273617633407 ], [ -78.33869383815005, 39.64287776869412 ], [ -78.337949755276952, 39.64512837067781 ], [ -78.334412022896515, 39.642676973463608 ], [ -78.33213191955241, 39.640460077170872 ], [ -78.332627672628973, 39.639487385734299 ], [ -78.324034032644477, 39.636745131582586 ], [ -78.322604229301703, 39.636784168454653 ], [ -78.322849334129444, 39.636375439175254 ], [ -78.321461973391308, 39.635884461498733 ], [ -78.30892792778161, 39.632267299196542 ], [ -78.293436684655262, 39.626248739287917 ], [ -78.288558195304404, 39.623846883027284 ], [ -78.282383280164197, 39.622317222561833 ], [ -78.267909556081122, 39.620881073602732 ], [ -78.266317609470036, 39.621724255470042 ], [ -78.265467421883955, 39.623037461709544 ], [ -78.265970990069093, 39.627221049411958 ], [ -78.265311134101523, 39.629523986542779 ], [ -78.261722085505824, 39.63325326372717 ], [ -78.25598004014671, 39.644716375960058 ], [ -78.252800404315167, 39.646936435168413 ], [ -78.248873347327105, 39.647758460484624 ], [ -78.242512868773815, 39.651155324858394 ], [ -78.232969968289353, 39.657178781575567 ], [ -78.231517481346657, 39.65887277335986 ], [ -78.231146741229111, 39.66204783793745 ], [ -78.234949466944329, 39.668768545332171 ], [ -78.235314337186878, 39.67129327686331 ], [ -78.236388297681742, 39.671282760191275 ], [ -78.235439943698395, 39.67377069955819 ], [ -78.234459924585792, 39.673370593877848 ], [ -78.232159949821778, 39.675446578097137 ], [ -78.227745781342719, 39.677413497035332 ], [ -78.223829104329639, 39.677260404544086 ], [ -78.222204449375795, 39.677810549517289 ], [ -78.209131395997076, 39.678993052787234 ], [ -78.203618288353312, 39.680452814345983 ], [ -78.203292820107549, 39.681543557089526 ], [ -78.199508274187451, 39.683879502037428 ], [ -78.199213071725865, 39.683658072761887 ], [ -78.198421509145305, 39.684651518752617 ], [ -78.195572250958548, 39.689900319244373 ], [ -78.197744201833416, 39.690983971732976 ], [ -78.195857330651222, 39.693415429178742 ], [ -78.194631883854299, 39.69236759758661 ], [ -78.194028559270578, 39.692545288334429 ], [ -78.190441340795189, 39.695630380237901 ], [ -78.189998074851246, 39.695277441300902 ], [ -78.188590286012868, 39.695887766207477 ], [ -78.189075029588878, 39.696306126326704 ], [ -78.184124988377448, 39.698329725936162 ], [ -78.181075095938866, 39.69833496448706 ], [ -78.180971071357817, 39.698746011319429 ], [ -78.147324610642215, 39.693543239029339 ], [ -78.132054365116801, 39.69052001778465 ], [ -78.127207233327113, 39.688746294805696 ], [ -78.107710654423101, 39.685334292143921 ], [ -78.098093479830197, 39.681696320428898 ], [ -78.082609442072055, 39.672835857888572 ], [ -78.076585997046095, 39.670886770707966 ], [ -78.069529198613566, 39.667515681803309 ], [ -78.058231013950092, 39.65869794875141 ], [ -78.049437879154766, 39.653256035038055 ], [ -78.047866050377877, 39.651625566866471 ], [ -78.044481258503254, 39.64624644381837 ], [ -78.032591330725268, 39.63831764924015 ], [ -78.028385410158535, 39.634490864861561 ], [ -78.029483962614734, 39.633584235823889 ], [ -78.025415995351864, 39.6289661658559 ], [ -78.020189503442793, 39.626453193859845 ], [ -78.018553043987765, 39.625075286795095 ], [ -78.017867864909988, 39.625275093670666 ], [ -78.018232041775263, 39.624764484693287 ], [ -78.015400540702331, 39.622167759734396 ], [ -78.013744315048086, 39.624066644959726 ], [ -78.014522909404718, 39.62240947681596 ], [ -78.013688285485955, 39.621711787269192 ], [ -78.014425166588126, 39.621976896616559 ], [ -78.014740351086289, 39.621540052731291 ], [ -78.010423325575971, 39.617111491502158 ], [ -78.008656705442547, 39.609940427908498 ], [ -78.0071388054115, 39.608010952243717 ], [ -78.004361930058963, 39.606558254859635 ], [ -77.982729610583021, 39.60482056771508 ], [ -77.979565242541867, 39.60482561740838 ], [ -77.976365496070741, 39.605439143002116 ], [ -77.971021600366498, 39.608527836690371 ], [ -77.965373832736134, 39.610646751846161 ], [ -77.965274312859208, 39.611078320308309 ], [ -77.947243697238775, 39.622838680960399 ], [ -77.946421730378518, 39.621371710436165 ], [ -77.940480997799796, 39.620987789854667 ], [ -77.940908300777437, 39.620611277888202 ], [ -77.934505439874101, 39.62061937718255 ], [ -77.93144738338998, 39.619418212980179 ], [ -77.931230761890106, 39.620181356084743 ], [ -77.927423567443668, 39.618989342484213 ], [ -77.922902484861766, 39.61583103227639 ], [ -77.925441384312421, 39.615291271774822 ], [ -77.925122955959637, 39.613688124107682 ], [ -77.924364186258174, 39.614111200271736 ], [ -77.921954151562829, 39.608040866392912 ], [ -77.919967152561981, 39.60657436621409 ], [ -77.919664484828047, 39.607519925104498 ], [ -77.917676485781158, 39.606397064872681 ], [ -77.917919911574643, 39.605969108087947 ], [ -77.90571845863991, 39.603570847316803 ], [ -77.900517109077271, 39.603011138053603 ], [ -77.890133069085834, 39.600181472497013 ], [ -77.885581976127241, 39.600740825628634 ], [ -77.884256815199819, 39.602467220885615 ], [ -77.884990927289437, 39.60589155684994 ], [ -77.892080782102369, 39.611811558256875 ], [ -77.891880261165056, 39.612063785715179 ], [ -77.88573547061543, 39.607297404951339 ], [ -77.884493921457249, 39.605588506904098 ], [ -77.883913851542957, 39.602443952726276 ], [ -77.88447679836554, 39.601135475122135 ], [ -77.886220717811852, 39.600234286982811 ], [ -77.889577788983729, 39.600053810135307 ], [ -77.88731483031512, 39.599598470792841 ], [ -77.884304103351667, 39.59983210386855 ], [ -77.883322620142792, 39.600398969936577 ], [ -77.882798034801453, 39.601423153855535 ], [ -77.882739464654549, 39.604613495216711 ], [ -77.883300736939418, 39.606516263714639 ], [ -77.888291040798833, 39.611848651693947 ], [ -77.889311227231303, 39.613793940138294 ], [ -77.888833079283131, 39.615668608419583 ], [ -77.888001277436956, 39.616480211492615 ], [ -77.884922513163417, 39.617424096744742 ], [ -77.872703086378294, 39.615500287708187 ], [ -77.868936745434439, 39.613173476274937 ], [ -77.865563472076531, 39.613049005607195 ], [ -77.865767353780313, 39.612255029246228 ], [ -77.862930020603926, 39.611272182665175 ], [ -77.854608260962436, 39.609670128573612 ], [ -77.851296736854863, 39.609661159634868 ], [ -77.851289933483599, 39.610221936393316 ], [ -77.841190482155014, 39.609890808713885 ], [ -77.837653176952529, 39.609271808047538 ], [ -77.836872024024672, 39.609749993767252 ], [ -77.829847503159726, 39.60534708659884 ], [ -77.826770822615345, 39.601703289075601 ], [ -77.823733121386397, 39.601518149243248 ], [ -77.822538795628873, 39.602484647048868 ], [ -77.82234000768517, 39.603787656775012 ], [ -77.821399886095833, 39.603762446080054 ], [ -77.821634523714238, 39.603160557713636 ], [ -77.82114702551479, 39.602740389957091 ], [ -77.821633333911166, 39.602206797905467 ], [ -77.823186193288166, 39.601213531779138 ], [ -77.826224406231347, 39.600402881088144 ], [ -77.825834002437205, 39.60040031802032 ], [ -77.82580541928462, 39.599734178489598 ], [ -77.826347025194991, 39.599739619388004 ], [ -77.825069450094986, 39.596331256282497 ], [ -77.824646016900147, 39.596199641400403 ], [ -77.824820917051625, 39.592723191522111 ], [ -77.823043827910283, 39.591695649534643 ], [ -77.823448025505911, 39.59047132868892 ], [ -77.824365289926163, 39.590864065324411 ], [ -77.825546053907203, 39.590309781671124 ], [ -77.828020766045483, 39.582674307273521 ], [ -77.831419720443705, 39.569272414090676 ], [ -77.832716366567013, 39.566958111327835 ], [ -77.834385308635035, 39.565250320346081 ], [ -77.83614816330703, 39.564166666958158 ], [ -77.840073022352044, 39.563052754081411 ], [ -77.856730571958281, 39.561725754040367 ], [ -77.856710516177316, 39.561127034884805 ], [ -77.872183958123117, 39.56058751899883 ], [ -77.876872551127292, 39.559369294657301 ], [ -77.877144627522512, 39.559128662158059 ], [ -77.876053809235884, 39.558422768096307 ], [ -77.877729954873473, 39.55552500137776 ], [ -77.878369545518069, 39.555687327208432 ] ], [ [ -77.918947819586151, 39.606769776304191 ], [ -77.919279213464904, 39.606863140321707 ], [ -77.919474130726542, 39.606423879958129 ], [ -77.919176398471961, 39.606330123836187 ], [ -77.918947819586151, 39.606769776304191 ] ], [ [ -77.92634576774293, 39.616548271285751 ], [ -77.926690298918118, 39.616813107239182 ], [ -77.926970165240903, 39.6163768335241 ], [ -77.925870146889736, 39.615675553883761 ], [ -77.925582434881449, 39.615956173838413 ], [ -77.92634576774293, 39.616548271285751 ] ], [ [ -77.993886176305978, 39.604365546732652 ], [ -77.993794923896587, 39.60488278101559 ], [ -77.99499565912231, 39.604790982717702 ], [ -77.995050264158351, 39.604441755282835 ], [ -77.993886176305978, 39.604365546732652 ] ], [ [ -78.370709720976777, 39.631390610388394 ], [ -78.368195317260017, 39.630771195134628 ], [ -78.363793782457037, 39.62837546595506 ], [ -78.360712881394306, 39.627621224340089 ], [ -78.356834927389968, 39.628195439667877 ], [ -78.355873690618296, 39.629195548735652 ], [ -78.355694649088719, 39.630132089224617 ], [ -78.357265383390711, 39.632470646703041 ], [ -78.359958093890896, 39.634179211101753 ], [ -78.361311088835635, 39.63732000971072 ], [ -78.360435806567182, 39.639426520517588 ], [ -78.374725242475904, 39.631915955656893 ], [ -78.370709720976777, 39.631390610388394 ] ], [ [ -78.394175208618947, 39.618427582766799 ], [ -78.395060393322467, 39.617508724747893 ], [ -78.390972612196265, 39.614176348959404 ], [ -78.383350818285578, 39.610846352777003 ], [ -78.380080486725035, 39.609986394056875 ], [ -78.377559395649541, 39.60988989140543 ], [ -78.376087270211315, 39.610782464938836 ], [ -78.375409108543465, 39.61184343202882 ], [ -78.375801999862347, 39.61308737788022 ], [ -78.38460521875578, 39.620635511020055 ], [ -78.386372882102762, 39.620006355209171 ], [ -78.387360614700583, 39.621406837055929 ], [ -78.388670291100993, 39.62186007198477 ], [ -78.392699736803365, 39.619790847969284 ], [ -78.394175208618947, 39.618427582766799 ] ], [ [ -78.428502689947152, 39.594782006784214 ], [ -78.429518921161218, 39.591179423391736 ], [ -78.428965778747624, 39.59063613844711 ], [ -78.419085438242348, 39.586654388289446 ], [ -78.40326175352709, 39.584530072704752 ], [ -78.400172406031686, 39.587950164768358 ], [ -78.402124494249961, 39.589091732697341 ], [ -78.40143744728033, 39.589601306555096 ], [ -78.410496652798258, 39.594338261501605 ], [ -78.41100080014678, 39.59371118222532 ], [ -78.413729060847459, 39.594943656324745 ], [ -78.419241432845809, 39.598225002781703 ], [ -78.419778951337491, 39.598453839772958 ], [ -78.420881478797185, 39.597726568826147 ], [ -78.41965610484533, 39.597110651935111 ], [ -78.420007946609417, 39.596849414169185 ], [ -78.423152579028283, 39.597948820981344 ], [ -78.426110427654066, 39.601821576004966 ], [ -78.428502689947152, 39.594782006784214 ] ], [ [ -78.45150894867902, 39.593582191564963 ], [ -78.452103577717878, 39.593824459031623 ], [ -78.452286676089216, 39.593585843711764 ], [ -78.451681710242667, 39.59334502595226 ], [ -78.45150894867902, 39.593582191564963 ] ], [ [ -78.450989613579736, 39.594300967515665 ], [ -78.451593063169298, 39.594556351594406 ], [ -78.451759142770186, 39.594321252623786 ], [ -78.451157762520666, 39.594062539254821 ], [ -78.450989613579736, 39.594300967515665 ] ], [ [ -78.459675111217393, 39.53963690002297 ], [ -78.459634767630405, 39.539186264134855 ], [ -78.458643684158631, 39.539224967358393 ], [ -78.458665615026064, 39.539675145491628 ], [ -78.459675111217393, 39.53963690002297 ] ], [ [ -78.586037746644649, 39.531143674740861 ], [ -78.584248485179387, 39.531762869660781 ], [ -78.582010937754546, 39.531266781137106 ], [ -78.584613688171146, 39.533344019011338 ], [ -78.586174225060404, 39.537145569312599 ], [ -78.587785905495082, 39.538325820680143 ], [ -78.603443184155594, 39.541341188145395 ], [ -78.616999449564901, 39.542530905776744 ], [ -78.618926657139468, 39.543043276526021 ], [ -78.62336473949108, 39.545574474182672 ], [ -78.624668931825681, 39.546069245199533 ], [ -78.622286947884277, 39.544320878605731 ], [ -78.616318857029569, 39.541341909401638 ], [ -78.609539729674736, 39.541140908226396 ], [ -78.60956714280934, 39.540651780455335 ], [ -78.603432170158499, 39.54060443744487 ], [ -78.597200420562899, 39.539172032363467 ], [ -78.596634710123737, 39.537742657098022 ], [ -78.590729795743414, 39.538206401504283 ], [ -78.588032458231339, 39.536898995891988 ], [ -78.588417644158937, 39.536253744914461 ], [ -78.587372314480717, 39.536363927153559 ], [ -78.589292664724667, 39.531032276618305 ], [ -78.587294872060681, 39.530768423623897 ], [ -78.586037746644649, 39.531143674740861 ] ], [ [ -78.632258327659656, 39.540515915377227 ], [ -78.628472928282974, 39.540821467236981 ], [ -78.627361304180795, 39.544199690463415 ], [ -78.628056275076972, 39.544080206536364 ], [ -78.627947691832446, 39.54465062132914 ], [ -78.627426317970162, 39.544713590060212 ], [ -78.627862379445219, 39.545045196178933 ], [ -78.627080909056644, 39.546162635297435 ], [ -78.629148395581979, 39.545484330637407 ], [ -78.632370442541855, 39.542650392401754 ], [ -78.638088272755567, 39.539477568035409 ], [ -78.641708549409998, 39.538676149784521 ], [ -78.640579096248246, 39.53851610013794 ], [ -78.632258327659656, 39.540515915377227 ] ], [ [ -78.719760109941092, 39.565069579997157 ], [ -78.716332837690288, 39.565186735579459 ], [ -78.719457752473261, 39.566555043280687 ], [ -78.723826810958542, 39.57130529470362 ], [ -78.730276300810601, 39.575954723132043 ], [ -78.728415728503023, 39.573193511271597 ], [ -78.725878949653747, 39.572004426762931 ], [ -78.724098591476775, 39.570310149893544 ], [ -78.7227596610295, 39.567370420808345 ], [ -78.722744407628284, 39.566165454272323 ], [ -78.721633953544085, 39.567651110010786 ], [ -78.721429481885025, 39.567658787523101 ], [ -78.722781903062355, 39.56566827217307 ], [ -78.721885109909863, 39.565150421854526 ], [ -78.719760109941092, 39.565069579997157 ] ], [ [ -78.731099331568885, 39.581745589087745 ], [ -78.731331429501836, 39.582670558899224 ], [ -78.730742979704701, 39.577325204494628 ], [ -78.730767820778283, 39.578503311878364 ], [ -78.731099331568885, 39.581745589087745 ] ], [ [ -77.757031363006945, 39.428643699946861 ], [ -77.75695783803377, 39.428606309733482 ], [ -77.757057679868012, 39.428826202067626 ], [ -77.757181130704566, 39.428719872524141 ], [ -77.757031363006945, 39.428643699946861 ] ], [ [ -77.749219917365281, 39.422537132382786 ], [ -77.749185879824438, 39.422498397682944 ], [ -77.748057575096993, 39.42307536583553 ], [ -77.748101027640303, 39.42312425208263 ], [ -77.749219917365281, 39.422537132382786 ] ] ] ] } },
{ "type": "Feature", "properties": { "OBJECTID": 5, "MapClass": "Southeastern Plains", "Shape_Leng": 4.908002, "Shape_Area": 0.006221 }, "geometry": { "type": "MultiPolygon", "coordinates": [ [ [ [ -77.345358321928984, 38.551990924041945 ], [ -77.343346940508866, 38.552053252455664 ], [ -77.344883263152042, 38.551029544278094 ], [ -77.347919509277915, 38.552017393787764 ], [ -77.345358321928984, 38.551990924041945 ] ] ], [ [ [ -77.356468992549935, 38.552600341532582 ], [ -77.356491367682452, 38.552590540720928 ], [ -77.356090229580388, 38.553585832120518 ], [ -77.355664993244829, 38.552960046968622 ], [ -77.356468992549935, 38.552600341532582 ] ] ], [ [ [ -77.33910315308799, 38.56349632419608 ], [ -77.341319050233949, 38.557879988770537 ], [ -77.342193715567475, 38.558496937183975 ], [ -77.341499535175387, 38.557217528366266 ], [ -77.342925588345167, 38.553134123341181 ], [ -77.343567612555262, 38.553687643470028 ], [ -77.345403378862784, 38.553839320428324 ], [ -77.346296974026075, 38.555555724217356 ], [ -77.345844429776548, 38.556079888675981 ], [ -77.34603417143984, 38.55632479475355 ], [ -77.346495143236211, 38.555792989654776 ], [ -77.347004756664148, 38.556428598101377 ], [ -77.346211076180168, 38.557890636743537 ], [ -77.346528576432604, 38.558320622398867 ], [ -77.347946826185023, 38.556621017945702 ], [ -77.347065954630068, 38.555280973238382 ], [ -77.346361343900867, 38.555348272205038 ], [ -77.346319145911821, 38.554252386238659 ], [ -77.34732460774444, 38.554387769280197 ], [ -77.347119323098241, 38.554759390733352 ], [ -77.348267613459541, 38.554328409528523 ], [ -77.348267959698546, 38.552090483489053 ], [ -77.349667587189344, 38.551833212632687 ], [ -77.350381213622086, 38.556330206873611 ], [ -77.351858831220056, 38.557207527905121 ], [ -77.353647799506291, 38.557119701013448 ], [ -77.354725303330042, 38.558777424938285 ], [ -77.359665017626412, 38.556672745151104 ], [ -77.360269339558329, 38.558017204630346 ], [ -77.362382689709307, 38.55719778285146 ], [ -77.358143968169543, 38.561733418262691 ], [ -77.353511139427496, 38.56319144502919 ], [ -77.344632949451011, 38.562803079998218 ], [ -77.340472886214684, 38.563011853114574 ], [ -77.33895826960844, 38.56383618609118 ], [ -77.33910315308799, 38.56349632419608 ] ] ], [ [ [ -77.330371083158923, 38.578201969944985 ], [ -77.331595876148754, 38.57779054539742 ], [ -77.331745080870746, 38.581050657961555 ], [ -77.330371083158923, 38.578201969944985 ] ] ], [ [ [ -77.334578244790123, 38.592595890887708 ], [ -77.334598247511053, 38.592021806860942 ], [ -77.334977589643984, 38.592033223754299 ], [ -77.335115778570298, 38.592611973463875 ], [ -77.334578244790123, 38.592595890887708 ] ] ], [ [ [ -77.334736622597006, 38.594332831594954 ], [ -77.334701403347026, 38.593953849190825 ], [ -77.334885555723758, 38.59395922533804 ], [ -77.334736622597006, 38.594332831594954 ] ] ], [ [ [ -77.042713793206929, 38.701095841100255 ], [ -77.043759193032315, 38.699871264847047 ], [ -77.044361874600781, 38.699650043314875 ], [ -77.043789582023578, 38.700218437331046 ], [ -77.04382027138837, 38.701053836465405 ], [ -77.044399927614506, 38.700763931909989 ], [ -77.04482708759997, 38.698482755674661 ], [ -77.044133085273643, 38.697403180712286 ], [ -77.042736761892002, 38.696846221575925 ], [ -77.037937965064998, 38.696544898328455 ], [ -77.036374040429564, 38.695465345849072 ], [ -77.034275863640175, 38.696346506086456 ], [ -77.031941210118703, 38.696319792624365 ], [ -77.031826851428036, 38.696846265642705 ], [ -77.029423602117504, 38.69602605605769 ], [ -77.025967413964963, 38.695896392704412 ], [ -77.021649176168523, 38.694862619314506 ], [ -77.017781214531396, 38.69548437820157 ], [ -77.013653557465659, 38.694709980980917 ], [ -77.011723353350021, 38.691902382089324 ], [ -77.011013847610968, 38.691452230935738 ], [ -77.009426943498624, 38.691971071407863 ], [ -77.008213657334352, 38.686771627508676 ], [ -77.009358360300041, 38.686672446676141 ], [ -77.011280645885051, 38.681759115790612 ], [ -77.016751006054051, 38.677299737492945 ], [ -77.018383834946007, 38.675289365112178 ], [ -77.019482280382874, 38.674858319156158 ], [ -77.020031868675744, 38.675323719214305 ], [ -77.020970174533886, 38.675022327618365 ], [ -77.02103109460927, 38.674576036355063 ], [ -77.028073110885316, 38.675506806793749 ], [ -77.028332445685805, 38.674717148977322 ], [ -77.029469271489631, 38.674339488576607 ], [ -77.029400637929086, 38.673366781851541 ], [ -77.050831728701269, 38.675117705217986 ], [ -77.053395027658382, 38.673500279014718 ], [ -77.053890883257623, 38.67386651892474 ], [ -77.056477449474698, 38.672298631876401 ], [ -77.056454506869954, 38.674171669686871 ], [ -77.063748314433099, 38.673469734440744 ], [ -77.066281005863686, 38.674080134890346 ], [ -77.071370106545146, 38.672664878981038 ], [ -77.0701567987972, 38.670234896423381 ], [ -77.073040688077242, 38.668789131013625 ], [ -77.074253801571672, 38.668884504116647 ], [ -77.074078519208228, 38.667453996604706 ], [ -77.075054878080095, 38.667457806132916 ], [ -77.079907225038369, 38.672622875245565 ], [ -77.082417284130315, 38.671261029173195 ], [ -77.084584152936259, 38.67371771440105 ], [ -77.080166477101216, 38.676124813709237 ], [ -77.081349211496899, 38.678127505879729 ], [ -77.092297445670567, 38.672458877575195 ], [ -77.091053703065882, 38.670372239087612 ], [ -77.093609722011024, 38.668407661084757 ], [ -77.095379505060066, 38.667736275808522 ], [ -77.098240813262862, 38.6712114531461 ], [ -77.104450857720849, 38.675426676300106 ], [ -77.10519873663236, 38.676525342070931 ], [ -77.100849774397545, 38.680431557270595 ], [ -77.099613816324506, 38.679313858248008 ], [ -77.100743176856099, 38.68073674760285 ], [ -77.101406760513555, 38.680137869267298 ], [ -77.105030958212126, 38.682354164812921 ], [ -77.100155653360673, 38.686161236951591 ], [ -77.095860181002536, 38.686664831217058 ], [ -77.092106613129658, 38.688530187018557 ], [ -77.085263032263072, 38.690117119009869 ], [ -77.081944349552032, 38.690082763109103 ], [ -77.079731754716647, 38.688537838450543 ], [ -77.078709433293682, 38.688480610991462 ], [ -77.077740629626305, 38.689743246553633 ], [ -77.07850335814345, 38.690536691415218 ], [ -77.077786398823207, 38.690212509199966 ], [ -77.076367182299578, 38.690532903470796 ], [ -77.07294144968813, 38.693325244464518 ], [ -77.067234894274918, 38.695938368560917 ], [ -77.062565588131349, 38.695469142786749 ], [ -77.060177586826114, 38.696056595235746 ], [ -77.057408123685946, 38.695850583937329 ], [ -77.05671371666466, 38.694919796411511 ], [ -77.054806636816807, 38.694500189831956 ], [ -77.055073509734655, 38.693531282742583 ], [ -77.054654092012697, 38.693252775295377 ], [ -77.054539428451847, 38.694568864761379 ], [ -77.053700074998403, 38.694767233621008 ], [ -77.049786229950541, 38.699249500564065 ], [ -77.046849018067689, 38.701408638797716 ], [ -77.045315492316092, 38.702194473596137 ], [ -77.043652160218983, 38.702263095465526 ], [ -77.042691204035805, 38.701771004428338 ], [ -77.042713793206929, 38.701095841100255 ] ] ], [ [ [ -77.001313290575865, 38.705812591877645 ], [ -77.004629451587903, 38.698738992310723 ], [ -77.005171601588131, 38.698998142750156 ], [ -77.007779175068833, 38.698415467499899 ], [ -77.014069374302153, 38.702182827375623 ], [ -77.017570000654985, 38.703257367933247 ], [ -77.020933197109343, 38.703342995083233 ], [ -77.022370258880301, 38.702996398165283 ], [ -77.022549746473601, 38.702462507538769 ], [ -77.027159536383465, 38.70288563946076 ], [ -77.026924678431101, 38.703435156707144 ], [ -77.022678139984123, 38.70335450550607 ], [ -77.021397826448492, 38.703786652232282 ], [ -77.01978733491751, 38.706478629785011 ], [ -77.016141022889883, 38.705518397556034 ], [ -77.016250380450685, 38.704806602143037 ], [ -77.015150875612392, 38.705078516660251 ], [ -77.014904788725005, 38.70455677767319 ], [ -77.012704109007359, 38.704447445293397 ], [ -77.009625244009783, 38.703474485858862 ], [ -77.009575656291474, 38.7051778890484 ], [ -77.003232462707956, 38.707476930316147 ], [ -77.003412003361234, 38.706741699469887 ], [ -77.001313290575865, 38.705812591877645 ] ] ], [ [ [ -77.020326668241125, 38.718935627777057 ], [ -77.022871531096257, 38.713788078357197 ], [ -77.022410729271712, 38.71364824726885 ], [ -77.023182194702486, 38.712094363564063 ], [ -77.023668664976867, 38.712183561022584 ], [ -77.028291044496086, 38.702808947974631 ], [ -77.030069981744248, 38.703463198467887 ], [ -77.030534458198645, 38.705285425482032 ], [ -77.03264526416757, 38.707553986027676 ], [ -77.034258840373127, 38.707993243693295 ], [ -77.035743384549505, 38.70733716667695 ], [ -77.037030465483554, 38.709118212835278 ], [ -77.036473804922139, 38.710792661452217 ], [ -77.037061011856167, 38.712431016678124 ], [ -77.035005750714788, 38.713233472746595 ], [ -77.032794351078394, 38.715831844364175 ], [ -77.02913865912177, 38.718064699126614 ], [ -77.025956963842759, 38.718563746419818 ], [ -77.025218703180542, 38.719108501756011 ], [ -77.023256732312291, 38.718922831323653 ], [ -77.022995245434174, 38.720554697940997 ], [ -77.020326668241125, 38.718935627777057 ] ] ], [ [ [ -77.046344450735774, 38.741089157438694 ], [ -77.046664237964194, 38.740901843944982 ], [ -77.046671921771747, 38.74093672954649 ], [ -77.046344450735774, 38.741089157438694 ] ] ], [ [ [ -77.048478559038244, 38.747216306887083 ], [ -77.048453216142946, 38.747222693872288 ], [ -77.048271566579501, 38.747632561693422 ], [ -77.048427389412439, 38.747050532156379 ], [ -77.048478559038244, 38.747216306887083 ] ] ], [ [ [ -77.003350825180405, 38.748538844492145 ], [ -77.002652530389923, 38.748488295398545 ], [ -77.002591202921622, 38.74900778608054 ], [ -77.000813825997227, 38.74887910029031 ], [ -77.00105698649071, 38.745996851373661 ], [ -77.000501090352998, 38.744687092235552 ], [ -77.003312130950064, 38.743598201196107 ], [ -77.004479783714999, 38.744255039038876 ], [ -77.006586344883885, 38.742934747940296 ], [ -77.005714828976124, 38.745866032391518 ], [ -77.006671811055185, 38.745795029117346 ], [ -77.006292237796515, 38.747242208261355 ], [ -77.006708909888232, 38.749337000002583 ], [ -77.003288698214817, 38.74905827851677 ], [ -77.003350825180405, 38.748538844492145 ] ] ], [ [ [ -77.025240640343213, 38.76557468492382 ], [ -77.028379589046779, 38.764839143811514 ], [ -77.029983904033884, 38.766663449158898 ], [ -77.029860169011556, 38.771191208307641 ], [ -77.030561815575311, 38.772615722737442 ], [ -77.029846085628321, 38.773830184315614 ], [ -77.028265403025898, 38.775035574432252 ], [ -77.028440904823867, 38.771117581711053 ], [ -77.026709653227897, 38.770814758394408 ], [ -77.026669022757176, 38.769661956134428 ], [ -77.024853327518997, 38.768194095281331 ], [ -77.025488033945578, 38.767730288821838 ], [ -77.025240640343213, 38.76557468492382 ] ] ], [ [ [ -77.023323733603377, 38.778518634327554 ], [ -77.025337980263544, 38.778087426493585 ], [ -77.023444927141611, 38.778154124713126 ], [ -77.023701065751538, 38.777358441438992 ], [ -77.026557018491587, 38.776984504231564 ], [ -77.025796605728715, 38.778532721308068 ], [ -77.022519222584037, 38.779077891231736 ], [ -77.023323733603377, 38.778518634327554 ] ] ], [ [ [ -77.057553554852632, 38.769828382873641 ], [ -77.056754221230278, 38.768944943754207 ], [ -77.057552687006876, 38.769667391636858 ], [ -77.057700784663439, 38.770054075834992 ], [ -77.056615758910084, 38.779154205901932 ], [ -77.057553554852632, 38.769828382873641 ] ] ], [ [ [ -77.051132941332128, 38.79003727520012 ], [ -77.053557902075454, 38.786188662476832 ], [ -77.054215967492894, 38.783484249098876 ], [ -77.051914614068153, 38.78067088105638 ], [ -77.048718492764181, 38.778181495579588 ], [ -77.048867121020805, 38.777766716560791 ], [ -77.047183703465123, 38.775776786669439 ], [ -77.046655360756233, 38.775733013967454 ], [ -77.04578469740585, 38.77396278215673 ], [ -77.043598918555233, 38.772851007867757 ], [ -77.042213885262584, 38.771263957165957 ], [ -77.04127339764915, 38.768418556171468 ], [ -77.042677887774289, 38.761145671335726 ], [ -77.042627898058981, 38.759035845627807 ], [ -77.04540921696173, 38.757338315011282 ], [ -77.044997931809064, 38.755046337018882 ], [ -77.046074761141256, 38.750420529284042 ], [ -77.047200773496854, 38.748931176432677 ], [ -77.047926015573125, 38.750609424685251 ], [ -77.049158500464387, 38.750280341164853 ], [ -77.048500397275461, 38.748309800656841 ], [ -77.048449853577836, 38.747587365364666 ], [ -77.048582391164359, 38.747290483868767 ], [ -77.048768740584876, 38.748555008007258 ], [ -77.048940235003784, 38.747781111709003 ], [ -77.048630625403007, 38.746767055055614 ], [ -77.048385028646123, 38.746973404499045 ], [ -77.048011148995272, 38.746249140885197 ], [ -77.048630898796887, 38.746687937198601 ], [ -77.046535651099362, 38.736834259793284 ], [ -77.047114924214327, 38.732707841094054 ], [ -77.043976603237638, 38.730629479966581 ], [ -77.043094646200927, 38.731235797494094 ], [ -77.043661364780121, 38.730490835983346 ], [ -77.042898399741318, 38.730154782717079 ], [ -77.041626681026457, 38.730326293323856 ], [ -77.041457296417036, 38.726042449199724 ], [ -77.043374038580964, 38.718230523320074 ], [ -77.046223652899243, 38.714416266497551 ], [ -77.053741637166809, 38.709435792228078 ], [ -77.057240133025687, 38.710032314339912 ], [ -77.071391767615921, 38.70994316364613 ], [ -77.073218828486119, 38.710939140329117 ], [ -77.074250258242785, 38.712070166405113 ], [ -77.074179722616066, 38.712764407951113 ], [ -77.074804813491312, 38.712298019538025 ], [ -77.075498147621374, 38.713675810590246 ], [ -77.080143183760867, 38.716743495216178 ], [ -77.08321949828121, 38.716791209646658 ], [ -77.084307567340318, 38.716101712024454 ], [ -77.085975841212075, 38.711387347148388 ], [ -77.084935739292916, 38.711249125846507 ], [ -77.086294591522119, 38.710233767874115 ], [ -77.086169903218433, 38.710685036885025 ], [ -77.090635469751078, 38.713282665662518 ], [ -77.087428932499222, 38.71144335152951 ], [ -77.086908468750778, 38.712269823993211 ], [ -77.08691606532409, 38.713249693818341 ], [ -77.08811087221892, 38.714329721139791 ], [ -77.088911080881644, 38.716985453316056 ], [ -77.085223557421216, 38.716877483409178 ], [ -77.080327547478305, 38.718663181760462 ], [ -77.0796801785973, 38.719346793319914 ], [ -77.079656590279399, 38.72054109119847 ], [ -77.077654208374952, 38.718502101490856 ], [ -77.076471471281309, 38.719337729952315 ], [ -77.074235635266291, 38.71664702583962 ], [ -77.073331072870701, 38.715535761466299 ], [ -77.073589674723678, 38.713204641381139 ], [ -77.072671508283463, 38.713186126138851 ], [ -77.072329014972013, 38.712394905300698 ], [ -77.07074478814144, 38.711332592824931 ], [ -77.068774111835751, 38.710591683659345 ], [ -77.058203541660077, 38.710825621605181 ], [ -77.05859887014168, 38.71359491657222 ], [ -77.059385793119816, 38.71389676322508 ], [ -77.057542276454853, 38.718729423124444 ], [ -77.050855674949389, 38.717730591093982 ], [ -77.047191000564169, 38.716477712276628 ], [ -77.044987179514692, 38.717565748960226 ], [ -77.044615383593055, 38.718244030237884 ], [ -77.044474912187411, 38.722636998998382 ], [ -77.042529407905818, 38.726942008666811 ], [ -77.044009840381761, 38.729292028904069 ], [ -77.048560752576634, 38.732446745421043 ], [ -77.049533931445751, 38.734791406598163 ], [ -77.049054874283001, 38.738735186479744 ], [ -77.049491989763453, 38.739354484821661 ], [ -77.048795142881488, 38.739761533268222 ], [ -77.048496817074408, 38.742695198224851 ], [ -77.049443577459101, 38.749032848387287 ], [ -77.050462332170866, 38.751984060016412 ], [ -77.050504575126013, 38.754127682246803 ], [ -77.049344626852985, 38.757474002922947 ], [ -77.049606113731102, 38.759944126720143 ], [ -77.053897817030588, 38.764904850078835 ], [ -77.053897245961082, 38.768790660560569 ], [ -77.056273488630552, 38.769000479588499 ], [ -77.056837797925994, 38.769482043161815 ], [ -77.057276515099034, 38.771093334190084 ], [ -77.054985326711403, 38.77147564408574 ], [ -77.05494535364511, 38.773055257394276 ], [ -77.052706348419179, 38.77256135782045 ], [ -77.052089614943725, 38.775355156615262 ], [ -77.052209932542326, 38.777196144386608 ], [ -77.052891730169165, 38.779101470556498 ], [ -77.054721426052936, 38.781581912275499 ], [ -77.055108062586953, 38.784476051128934 ], [ -77.053789122270132, 38.788176713684436 ], [ -77.052706816066689, 38.789358421953636 ], [ -77.051132941332128, 38.79003727520012 ] ], [ [ -77.04752343585784, 38.733312340192413 ], [ -77.046671587223955, 38.736089144498465 ], [ -77.047354891215207, 38.740024529208711 ], [ -77.048401834277172, 38.735484370207587 ], [ -77.04752343585784, 38.733312340192413 ] ], [ [ -77.087181450763296, 38.711821609080062 ], [ -77.085987704169156, 38.712475021405169 ], [ -77.08585925669928, 38.713631346309626 ], [ -77.086266630700436, 38.713585703017827 ], [ -77.086500296151712, 38.712581958890325 ], [ -77.087181450763296, 38.711821609080062 ] ] ], [ [ [ -77.013064668799359, 38.792952872776937 ], [ -77.012640204082118, 38.790618255228367 ], [ -77.014078348636815, 38.790594632736145 ], [ -77.015882838322284, 38.790722958797573 ], [ -77.017362222188751, 38.791977438408082 ], [ -77.026039571069305, 38.792008456025485 ], [ -77.026454629777277, 38.793338359078064 ], [ -77.020022537310183, 38.79341715497776 ], [ -77.015505794856495, 38.792221405593466 ], [ -77.012906811699963, 38.793494747584589 ], [ -77.013064668799359, 38.792952872776937 ] ] ], [ [ [ -77.039487799122583, 38.79521781085333 ], [ -77.039535857094108, 38.790418971758186 ], [ -77.04227078446911, 38.790163656927291 ], [ -77.042733815713007, 38.791520394850409 ], [ -77.043980543167493, 38.792650649308086 ], [ -77.046069670079191, 38.792652840056576 ], [ -77.045476620249758, 38.795268647729984 ], [ -77.044622677094821, 38.795173475175773 ], [ -77.044803778071866, 38.794332871664722 ], [ -77.044101231286731, 38.794231617894923 ], [ -77.043519884335183, 38.794301610331104 ], [ -77.043446076974817, 38.794963085078393 ], [ -77.042264906500179, 38.796082796783708 ], [ -77.039670140264718, 38.79584325426282 ], [ -77.039487799122583, 38.79521781085333 ] ] ], [ [ [ -77.024763220845955, 38.80286826076167 ], [ -77.02291860610876, 38.800672583073322 ], [ -77.021390289230453, 38.800683846182608 ], [ -77.019677390099446, 38.79688152875957 ], [ -77.021846079133184, 38.795285387710521 ], [ -77.027426660212143, 38.795035418449856 ], [ -77.026665636809639, 38.797920653115682 ], [ -77.025749651225397, 38.79912211049708 ], [ -77.025491993660523, 38.801002219676775 ], [ -77.026638775858771, 38.802097470721776 ], [ -77.025352275886803, 38.803342680120636 ], [ -77.024763220845955, 38.80286826076167 ] ] ], [ [ [ -77.002250435409223, 38.802071875117008 ], [ -77.002900627262079, 38.801746224308829 ], [ -77.003177309085515, 38.802249407584156 ], [ -77.002942079713193, 38.806125709533944 ], [ -76.998892910979009, 38.806221910013164 ], [ -77.00060077120861, 38.804960639621868 ], [ -77.002250435409223, 38.802071875117008 ] ] ], [ [ [ -77.043978879421729, 38.816281733615142 ], [ -77.044089955586969, 38.815808306208396 ], [ -77.044575066985715, 38.815869823433673 ], [ -77.044462417006912, 38.8163500146415 ], [ -77.043978879421729, 38.816281733615142 ] ] ], [ [ [ -77.044770349372072, 38.816391008438359 ], [ -77.044881473201372, 38.81591731842957 ], [ -77.045310933652615, 38.815971954042482 ], [ -77.045177165793518, 38.816451828688969 ], [ -77.044770349372072, 38.816391008438359 ] ] ], [ [ [ -77.038611507814778, 38.817242220352227 ], [ -77.039039388157221, 38.817120707554636 ], [ -77.040096690509813, 38.820538408320942 ], [ -77.038872293221743, 38.819328075530336 ], [ -77.038611507814778, 38.817242220352227 ] ] ], [ [ [ -77.044011302679451, 38.817975518555386 ], [ -77.043975904464389, 38.816341902756676 ], [ -77.044579739863082, 38.816427302378145 ], [ -77.044424801063656, 38.817110243942636 ], [ -77.044742357973405, 38.816521596294706 ], [ -77.045201041894529, 38.816590170500035 ], [ -77.044306844185485, 38.820789136609392 ], [ -77.043680213670882, 38.820247738442447 ], [ -77.044011302679451, 38.817975518555386 ] ] ], [ [ [ -77.00611249389641, 38.81741471211933 ], [ -77.006428514764082, 38.817170719752994 ], [ -77.00611249389641, 38.81741471211933 ], [ -77.005506332850928, 38.815474761151336 ], [ -77.006377990851547, 38.812385713130197 ], [ -77.007302042455251, 38.810908699876677 ], [ -77.006590943117487, 38.809228384082701 ], [ -77.004920018943665, 38.80804881979725 ], [ -77.004182298774026, 38.806919201160269 ], [ -77.00434288711449, 38.805098984130893 ], [ -77.003233935797482, 38.801314700812839 ], [ -77.006226743769162, 38.800296189817345 ], [ -77.011087264665491, 38.797746931076063 ], [ -77.016315406830529, 38.797708677513526 ], [ -77.018829428335437, 38.799707819160574 ], [ -77.018840732813544, 38.800702591651316 ], [ -77.019339357425395, 38.80069892961194 ], [ -77.021155322460118, 38.805587625368673 ], [ -77.020610690331068, 38.805999404249178 ], [ -77.01808747325822, 38.804152064566154 ], [ -77.017360741005348, 38.80430542775332 ], [ -77.014007792325742, 38.806662800847619 ], [ -77.013410003968488, 38.808821045155184 ], [ -77.01518319634738, 38.809040794497093 ], [ -77.015580601363638, 38.809907854264111 ], [ -77.01625461535815, 38.809380332636294 ], [ -77.022049436532257, 38.810046492851427 ], [ -77.021632156498811, 38.811100009957556 ], [ -77.019738617742973, 38.814046502843894 ], [ -77.015014049158992, 38.810351261401649 ], [ -77.009506957080362, 38.814767197048582 ], [ -77.010854964385032, 38.815845145137416 ], [ -77.010672240131726, 38.817191057021716 ], [ -77.00986902683411, 38.81727017218077 ], [ -77.009490922168311, 38.819173593586527 ], [ -77.005256318624163, 38.819797831005133 ], [ -77.005607168436029, 38.82345401309226 ], [ -77.004496802485392, 38.822897354329484 ], [ -77.004732021965197, 38.821245048820003 ], [ -77.004071138072504, 38.820703902463208 ], [ -77.005398926818998, 38.818917576385104 ], [ -77.005415046267331, 38.817960154537559 ], [ -77.00611249389641, 38.81741471211933 ] ] ], [ [ [ -77.017445146876014, 38.827415370223207 ], [ -77.017444407633263, 38.824387111875751 ], [ -77.017445388793647, 38.828247296175846 ], [ -77.017445146876014, 38.827415370223207 ] ] ], [ [ [ -77.015177952400563, 38.828287504864534 ], [ -77.015177513531398, 38.826226213768791 ], [ -77.014057106650114, 38.826226354063067 ], [ -77.013753699673487, 38.824239518738864 ], [ -77.012146684921561, 38.823679823864836 ], [ -77.011180273450805, 38.820002502313685 ], [ -77.012671483402187, 38.822978823913672 ], [ -77.015110094055558, 38.823444557620292 ], [ -77.016216664867159, 38.824461597324898 ], [ -77.016341855891881, 38.828153151546758 ], [ -77.015177952400563, 38.828287504864534 ] ] ], [ [ [ -76.89828412681095, 38.834348433633352 ], [ -76.897916727674783, 38.834335067009761 ], [ -76.89881305947506, 38.834296704629253 ], [ -76.898790694235117, 38.834366276182777 ], [ -76.89828412681095, 38.834348433633352 ] ] ], [ [ [ -76.89669914814715, 38.834462541413188 ], [ -76.897078612587848, 38.834406529837509 ], [ -76.895452305579397, 38.834848721990966 ], [ -76.89669914814715, 38.834462541413188 ] ] ], [ [ [ -77.008240690055743, 38.835095738777397 ], [ -77.0083418943629, 38.834781548929413 ], [ -77.009496920646313, 38.835298723857079 ], [ -77.008322397960285, 38.835634695285023 ], [ -77.008240690055743, 38.835095738777397 ] ] ], [ [ [ -77.000832375413779, 38.835396338070609 ], [ -77.000997198661764, 38.835292279315297 ], [ -77.00096550475422, 38.835693655737657 ], [ -77.000832375413779, 38.835396338070609 ] ] ], [ [ [ -77.015029188346318, 38.828535107109531 ], [ -77.015708899546041, 38.8285666490317 ], [ -77.01528396808061, 38.829891850428623 ], [ -77.008962795296725, 38.837953982989973 ], [ -77.008100367937573, 38.836043406578028 ], [ -77.009478490839626, 38.835491567282077 ], [ -77.0101511432606, 38.834689448459358 ], [ -77.013507565121984, 38.830305870419636 ], [ -77.014095036456752, 38.828599504863291 ], [ -77.015029188346318, 38.828535107109531 ] ] ], [ [ [ -77.04626747866115, 38.836834182251778 ], [ -77.046289664936069, 38.836723835436715 ], [ -77.046814751199747, 38.838662669446705 ], [ -77.046352894470488, 38.837802673854355 ], [ -77.04626747866115, 38.836834182251778 ] ] ], [ [ [ -77.006597131352464, 38.839131779208287 ], [ -77.007018521287705, 38.838780495023855 ], [ -77.006937820623875, 38.839576318592265 ], [ -77.006519885883961, 38.839356803074054 ], [ -77.006597131352464, 38.839131779208287 ] ] ], [ [ [ -76.974107966809186, 38.842651332692924 ], [ -76.975485371152899, 38.841564447141593 ], [ -76.97847224000185, 38.841284731904921 ], [ -76.977742974358762, 38.839892013905342 ], [ -76.98198268335409, 38.836466143697635 ], [ -76.983791736199635, 38.837889357707752 ], [ -76.984430578608283, 38.837395597528882 ], [ -76.984723235988497, 38.837809581546992 ], [ -76.985521266493208, 38.837606898639535 ], [ -76.98707049350844, 38.836395837398015 ], [ -76.988374694836239, 38.838658973233066 ], [ -76.988430734290944, 38.839769203386084 ], [ -76.98500112470208, 38.840560261446967 ], [ -76.979023810400463, 38.843035914276072 ], [ -76.97951955088655, 38.841445277077923 ], [ -76.978632041435503, 38.842331082313649 ], [ -76.977447219713383, 38.841935462451659 ], [ -76.976611394300392, 38.842616242945326 ], [ -76.974929667470121, 38.842570591559593 ], [ -76.973194549688685, 38.843355494660386 ], [ -76.974107966809186, 38.842651332692924 ] ] ], [ [ [ -76.997717388246826, 38.844979481417965 ], [ -76.997894712970606, 38.844723161144998 ], [ -77.001955689803196, 38.844747875414157 ], [ -77.001956057625932, 38.844975588252851 ], [ -76.997717388246826, 38.844979481417965 ] ] ], [ [ [ -77.00214472999528, 38.844404280433253 ], [ -77.004847321346745, 38.84314674582572 ], [ -77.00655670592721, 38.840966793682639 ], [ -77.007236251651648, 38.838711878550384 ], [ -77.006566983379514, 38.838356564503897 ], [ -77.007065838217841, 38.837689775662682 ], [ -77.00669008797712, 38.837478399908264 ], [ -77.007764825486277, 38.836084298751416 ], [ -77.008190590623201, 38.839301895865844 ], [ -77.007107655793618, 38.84388153420548 ], [ -77.006107471182816, 38.844219583067343 ], [ -77.006009265215368, 38.844986318064173 ], [ -77.002142010445368, 38.844973610643649 ], [ -77.00214472999528, 38.844404280433253 ] ] ], [ [ [ -76.988852468666437, 38.84470089393119 ], [ -76.989226137875903, 38.844620625841287 ], [ -76.987356391584171, 38.846804776019667 ], [ -76.987488824849322, 38.844990222021181 ], [ -76.988852468666437, 38.84470089393119 ] ] ], [ [ [ -77.048490590168569, 38.846046112438216 ], [ -77.048869926905581, 38.845050365082329 ], [ -77.048315558716013, 38.842893011103627 ], [ -77.047467004298767, 38.841151997366865 ], [ -77.046390233422471, 38.841096355412503 ], [ -77.046485796282411, 38.840227800072967 ], [ -77.045161093109925, 38.838610987207346 ], [ -77.045010675202434, 38.83739558134107 ], [ -77.035840789221027, 38.835269457219738 ], [ -77.038797118891864, 38.827336864804522 ], [ -77.039230711727953, 38.824143028677895 ], [ -77.041090973769371, 38.823264564607996 ], [ -77.043249032816561, 38.82312323524917 ], [ -77.043642760504952, 38.820678707956063 ], [ -77.044297133306031, 38.821640858438911 ], [ -77.043606676107174, 38.826748728870768 ], [ -77.043879641931881, 38.829313142987189 ], [ -77.046053000245706, 38.834485160261977 ], [ -77.046120563613101, 38.837197585700096 ], [ -77.046543921264913, 38.838647808149858 ], [ -77.047946471552393, 38.840126058870567 ], [ -77.04957254024049, 38.844041491221901 ], [ -77.049687703824418, 38.845114499334727 ], [ -77.049685132662717, 38.845653115898642 ], [ -77.049668791081785, 38.845922150786691 ], [ -77.049649017687955, 38.846190780080462 ], [ -77.047980224907405, 38.847227345865349 ], [ -77.048490590168569, 38.846046112438216 ] ] ], [ [ [ -76.984356546417473, 38.852043454641773 ], [ -76.983174070127177, 38.851318673018397 ], [ -76.98119792864145, 38.85148643525082 ], [ -76.981106659144984, 38.850830353737877 ], [ -76.981716863542374, 38.850864653880706 ], [ -76.9817322320568, 38.851303396234812 ], [ -76.983334307732093, 38.851177517228678 ], [ -76.984410226950388, 38.851864137020357 ], [ -76.986134335231327, 38.849987221333265 ], [ -76.985287388801908, 38.849296845972731 ], [ -76.986340262892782, 38.849956842234519 ], [ -76.984356546417473, 38.852043454641773 ] ] ], [ [ [ -77.004730535385875, 38.851668243094991 ], [ -76.999959313571424, 38.848782468835907 ], [ -77.000250075180759, 38.848463965839414 ], [ -77.001619889246456, 38.848935597300056 ], [ -77.002886018674758, 38.848099797068016 ], [ -77.004430028722822, 38.849062996160399 ], [ -77.004386746151397, 38.850002233716168 ], [ -77.005387890338852, 38.85002310877951 ], [ -77.005799659326783, 38.849200138275819 ], [ -77.005484069234342, 38.846145569362591 ], [ -77.00334925766208, 38.845226819262336 ], [ -77.006088016148965, 38.845216531917458 ], [ -77.006141724560905, 38.845967387584949 ], [ -77.007031352814636, 38.84602901362814 ], [ -77.006846603288068, 38.85068402145049 ], [ -77.0058982978681, 38.85234442355636 ], [ -77.004730535385875, 38.851668243094991 ] ] ], [ [ [ -76.979271527758783, 38.853987572168762 ], [ -76.979271679744159, 38.853466026535955 ], [ -76.978941074570912, 38.853986531653163 ], [ -76.97774429186552, 38.853986308621302 ], [ -76.975903296899617, 38.853458732134811 ], [ -76.976246585211697, 38.852890285957983 ], [ -76.97921200612916, 38.85306764215801 ], [ -76.978776051673435, 38.851757822765364 ], [ -76.979473973245206, 38.851002314005655 ], [ -76.980908299278553, 38.850811691906131 ], [ -76.980953850839512, 38.851448623255408 ], [ -76.97985537752362, 38.851727137897171 ], [ -76.979305849485343, 38.853485798131146 ], [ -76.9801970407608, 38.853987733147392 ], [ -76.979271527758783, 38.853987572168762 ] ] ], [ [ [ -76.901345958649017, 38.834628277473087 ], [ -76.902066521552683, 38.835294302789919 ], [ -76.901179495037638, 38.834297898029604 ], [ -76.90307395200125, 38.834507535394494 ], [ -76.904530346498234, 38.833872324448294 ], [ -76.908122650639768, 38.833898694369282 ], [ -76.916175071422344, 38.832927034455111 ], [ -76.916047010660975, 38.833975603491353 ], [ -76.920442541589978, 38.834851240992009 ], [ -76.919214675616729, 38.833555166837527 ], [ -76.92090635074743, 38.835051009196775 ], [ -76.928120194191592, 38.837477439432348 ], [ -76.929364505167769, 38.839141775172834 ], [ -76.930766854007061, 38.839855005903871 ], [ -76.929964864686724, 38.839808998386616 ], [ -76.931140263312443, 38.83991668680568 ], [ -76.932704379503491, 38.842428520260057 ], [ -76.933781738536368, 38.842358481958456 ], [ -76.932739211145645, 38.842507305367917 ], [ -76.934216285553077, 38.842674537000335 ], [ -76.934414847766959, 38.843735067919113 ], [ -76.936340922195768, 38.84476529438291 ], [ -76.943047004815355, 38.847112961993673 ], [ -76.946441214390518, 38.84954732335035 ], [ -76.953188144217449, 38.851350106122538 ], [ -76.957143468696074, 38.851331026106038 ], [ -76.958280528323712, 38.850886974154605 ], [ -76.957902011768397, 38.849652828215483 ], [ -76.957368605876411, 38.849501410261951 ], [ -76.95868809028309, 38.849747342465946 ], [ -76.958508276235932, 38.849415540295013 ], [ -76.959306764495523, 38.848878273613479 ], [ -76.960371721877436, 38.849846090724554 ], [ -76.966363168125667, 38.848227664475189 ], [ -76.962835218570433, 38.85106629717194 ], [ -76.962068486271562, 38.851048456421154 ], [ -76.962462312885407, 38.85135717839114 ], [ -76.962173958761127, 38.851582098834854 ], [ -76.961826191825253, 38.851266077067862 ], [ -76.961093541134005, 38.851926332334415 ], [ -76.960371191277432, 38.85164118699123 ], [ -76.957437673809579, 38.854204926616148 ], [ -76.955839839337102, 38.853738404204023 ], [ -76.953644781281582, 38.854793035570196 ], [ -76.949724678750897, 38.852376996101555 ], [ -76.947873543928893, 38.85232584626084 ], [ -76.942829822138549, 38.850006457831796 ], [ -76.942608756189088, 38.849140414298745 ], [ -76.937466550540819, 38.846641871924874 ], [ -76.93506326615676, 38.845863650786896 ], [ -76.932003732985834, 38.846279464925431 ], [ -76.932507136595063, 38.844223295468737 ], [ -76.931965428161959, 38.843410815556751 ], [ -76.930561743829401, 38.843574814126441 ], [ -76.93012346102887, 38.841475826148496 ], [ -76.929054648253384, 38.840493724206056 ], [ -76.92350158822768, 38.837181630827672 ], [ -76.92018576626009, 38.836468070944761 ], [ -76.918475606464028, 38.83548087434292 ], [ -76.91582592672512, 38.835684925119267 ], [ -76.91519755422371, 38.835207542494118 ], [ -76.910086829343641, 38.83506815746955 ], [ -76.904640652843796, 38.836042185298652 ], [ -76.903692608227232, 38.836691408581714 ], [ -76.903262396842081, 38.836288474533546 ], [ -76.897660581870298, 38.836923509212625 ], [ -76.891240413514254, 38.836106757520895 ], [ -76.89066145426267, 38.836149725329619 ], [ -76.890095915593974, 38.837407944321228 ], [ -76.888328540929365, 38.836703001742194 ], [ -76.8887765525958, 38.83579349487394 ], [ -76.888182838167381, 38.835441703471872 ], [ -76.874747223105828, 38.831415140996 ], [ -76.864741798595105, 38.831044101404188 ], [ -76.861266998972781, 38.831954284562642 ], [ -76.861047407911485, 38.831217739806903 ], [ -76.858962641812411, 38.83124008885909 ], [ -76.858266898398597, 38.831330503100276 ], [ -76.858396872017977, 38.832251800979861 ], [ -76.857827167689607, 38.830967461179455 ], [ -76.86079536391486, 38.830827019451419 ], [ -76.857780993797803, 38.830887113949188 ], [ -76.855890992974935, 38.828371096848684 ], [ -76.859189523677514, 38.828362959782794 ], [ -76.861147061787449, 38.829046892400243 ], [ -76.872414295383408, 38.828635535301771 ], [ -76.872621113373668, 38.829682217560332 ], [ -76.879431830314672, 38.830642570298437 ], [ -76.882323289188435, 38.832379588347351 ], [ -76.88449390007338, 38.833087327817964 ], [ -76.887161380093573, 38.832840396467191 ], [ -76.890306526924633, 38.834545329403454 ], [ -76.894016489369449, 38.835334035737219 ], [ -76.898206925409227, 38.834400818243239 ], [ -76.901345958649017, 38.834628277473087 ] ] ], [ [ [ -76.976943027398761, 38.857212827909734 ], [ -76.975566627597743, 38.856305552259471 ], [ -76.976055996387061, 38.855845350282721 ], [ -76.974444567762532, 38.854781659146283 ], [ -76.9757138798916, 38.853630557504289 ], [ -76.977599207837159, 38.854534454401573 ], [ -76.97700229092294, 38.855058233051068 ], [ -76.977920592261512, 38.855720035151535 ], [ -76.977962836115978, 38.85718958852874 ], [ -76.976943027398761, 38.857212827909734 ] ] ], [ [ [ -76.975215966643532, 38.856649089683799 ], [ -76.975488424351283, 38.856394604927118 ], [ -76.976801964239201, 38.857248692872929 ], [ -76.975512243794981, 38.859275529142394 ], [ -76.974494938790372, 38.858609671998806 ], [ -76.975208837717673, 38.857942890352149 ], [ -76.974398581829064, 38.857412540356506 ], [ -76.975215966643532, 38.856649089683799 ] ] ], [ [ [ -76.983359497742583, 38.861196648306702 ], [ -76.983519390007814, 38.861042350723949 ], [ -76.983547804987154, 38.861063015345906 ], [ -76.983373440831599, 38.861232001555663 ], [ -76.983359497742583, 38.861196648306702 ] ] ], [ [ [ -76.983059835542917, 38.861486988134061 ], [ -76.983314735786394, 38.861236813827929 ], [ -76.983368446896293, 38.861505298330883 ], [ -76.983059835542917, 38.861486988134061 ] ] ], [ [ [ -77.011542456519123, 38.863344103447673 ], [ -77.01168565376986, 38.862953203227789 ], [ -77.01201998393509, 38.863159203734313 ], [ -77.012026235122619, 38.863344053984974 ], [ -77.011542456519123, 38.863344103447673 ] ] ], [ [ [ -76.974787314682771, 38.862712604902867 ], [ -76.974102266006753, 38.86344776919924 ], [ -76.973078105470165, 38.863027332545414 ], [ -76.974486862878393, 38.861164912131017 ], [ -76.974711697886505, 38.860143847060954 ], [ -76.973242805511006, 38.859178246778697 ], [ -76.973988338990637, 38.85841014481241 ], [ -76.975466988110952, 38.859398115730528 ], [ -76.97692325400493, 38.857283126115419 ], [ -76.978250678525967, 38.859099826795614 ], [ -76.97791877473162, 38.859750201210886 ], [ -76.978646044779111, 38.860044039400975 ], [ -76.979718583445845, 38.860006184238046 ], [ -76.979446043000451, 38.858123149563767 ], [ -76.980021055127565, 38.858123248489164 ], [ -76.98000785307994, 38.85736121155071 ], [ -76.983572598396677, 38.859572703817264 ], [ -76.983553506688963, 38.860579655826484 ], [ -76.982911163219569, 38.861175510641374 ], [ -76.98161016887417, 38.860190096495785 ], [ -76.979559021231807, 38.86192978912851 ], [ -76.978695485008586, 38.861398683702362 ], [ -76.978277972050705, 38.861783253594353 ], [ -76.978853454523289, 38.863997020246359 ], [ -76.976689135295317, 38.863647704677874 ], [ -76.974787314682771, 38.862712604902867 ] ] ], [ [ [ -77.010862196732944, 38.863440034130349 ], [ -77.011333870461726, 38.863439989164249 ], [ -77.011143818532389, 38.864102898330145 ], [ -77.010724243429024, 38.864106388598998 ], [ -77.010862196732944, 38.863440034130349 ] ] ], [ [ [ -76.984646791815976, 38.861512358008952 ], [ -76.986222336591538, 38.862772421510101 ], [ -76.985822642800713, 38.864120490868004 ], [ -76.983995682654609, 38.863789372181827 ], [ -76.984646791815976, 38.861512358008952 ] ] ], [ [ [ -77.011545581663199, 38.863436528573004 ], [ -77.012029360266752, 38.863436479110248 ], [ -77.012030018570442, 38.864183329197317 ], [ -77.011265608321139, 38.864423660423654 ], [ -77.011545581663199, 38.863436528573004 ] ] ], [ [ [ -77.011037213796328, 38.864249662292139 ], [ -77.011034344959, 38.864534300417688 ], [ -77.010760404269206, 38.864534326498017 ], [ -77.010844803844577, 38.864438680001115 ], [ -77.011037213796328, 38.864249662292139 ] ] ], [ [ [ -77.013832989300965, 38.863768706660551 ], [ -77.013207798601002, 38.863494202095808 ], [ -77.012340397990954, 38.863911345432314 ], [ -77.012340344930919, 38.863607267561406 ], [ -77.015313495521355, 38.862433445447209 ], [ -77.015314113355601, 38.86531402342348 ], [ -77.01381227341767, 38.865314209583175 ], [ -77.013832989300965, 38.863768706660551 ] ] ], [ [ [ -76.961555566036509, 38.865580449378285 ], [ -76.961557991508073, 38.865518714517123 ], [ -76.962225497108989, 38.865518932153066 ], [ -76.962225464733365, 38.865580667913548 ], [ -76.961555566036509, 38.865580449378285 ] ] ], [ [ [ -76.962409098201306, 38.865580726369501 ], [ -76.962409130576873, 38.865518991508281 ], [ -76.962991168207793, 38.865519177667977 ], [ -76.962991137630866, 38.86558091252914 ], [ -76.962409098201306, 38.865580726369501 ] ] ], [ [ [ -76.951504331859383, 38.865589439900759 ], [ -76.952107262540096, 38.865364336894686 ], [ -76.95212243050571, 38.86583348622645 ], [ -76.951504331859383, 38.865589439900759 ] ] ], [ [ [ -77.010584585010577, 38.864770443501243 ], [ -77.010947040573399, 38.864770410226299 ], [ -77.010803977321643, 38.865883064052241 ], [ -77.009822797184313, 38.865883150387106 ], [ -77.010584585010577, 38.864770443501243 ] ] ], [ [ [ -76.961069609275, 38.865895183316127 ], [ -76.960615016369843, 38.865905116328122 ], [ -76.96061513148311, 38.865696702940568 ], [ -76.961372525221805, 38.865696955650037 ], [ -76.961069609275, 38.865895183316127 ] ] ], [ [ [ -76.95996315267729, 38.866005239650121 ], [ -76.959899185698816, 38.865696459224239 ], [ -76.960445122744204, 38.865696645383935 ], [ -76.96044499953706, 38.865920351742886 ], [ -76.95996315267729, 38.866005239650121 ] ] ], [ [ [ -76.961686930007772, 38.865947249565977 ], [ -76.961681873119915, 38.865700934250754 ], [ -76.962287536840336, 38.865701131202286 ], [ -76.962286972066067, 38.866071784984968 ], [ -76.961686930007772, 38.865947249565977 ] ] ], [ [ [ -76.962457184951063, 38.866110948661401 ], [ -76.962457396291768, 38.865708986780362 ], [ -76.963036942800613, 38.865709172040681 ], [ -76.963036666708774, 38.866243818997077 ], [ -76.962457184951063, 38.866110948661401 ] ] ], [ [ [ -76.963328473330364, 38.866336621837661 ], [ -76.963328799784222, 38.865701645614479 ], [ -76.964676529198414, 38.865702061101274 ], [ -76.9646760633496, 38.866643386882856 ], [ -76.963328473330364, 38.866336621837661 ] ] ], [ [ [ -77.049353031017517, 38.865458610126836 ], [ -77.049516154546836, 38.865537708198701 ], [ -77.046967337372678, 38.867052209691792 ], [ -77.047069885266978, 38.866821937382554 ], [ -77.049353031017517, 38.865458610126836 ] ] ], [ [ [ -77.01041183423871, 38.866893323767954 ], [ -77.010575518045698, 38.866534038315251 ], [ -77.01057562506503, 38.867252579542992 ], [ -77.010248148633138, 38.86725260832128 ], [ -77.01041183423871, 38.866893323767954 ] ] ], [ [ [ -76.972660907274985, 38.863426476850464 ], [ -76.974026401896879, 38.863640105406603 ], [ -76.972164830442523, 38.867325103570749 ], [ -76.970265046794452, 38.867184019726778 ], [ -76.970898560719945, 38.864254333370866 ], [ -76.972660907274985, 38.863426476850464 ] ] ], [ [ [ -76.964863278817234, 38.866715849756702 ], [ -76.964863777940934, 38.865703298568405 ], [ -76.965967590531818, 38.865900576550416 ], [ -76.966328149424498, 38.865422528427018 ], [ -76.967601882620727, 38.865788182878362 ], [ -76.967623821582038, 38.867385896841711 ], [ -76.964863278817234, 38.866715849756702 ] ] ], [ [ [ -76.966850382139398, 38.867618877009591 ], [ -76.966850397427834, 38.867585776562407 ], [ -76.966978925836713, 38.867618912982493 ], [ -76.966850382139398, 38.867618877009591 ] ] ], [ [ [ -76.965698470208167, 38.867661553437983 ], [ -76.962696337166165, 38.866963532940758 ], [ -76.961393409278401, 38.867172145078484 ], [ -76.962533802692803, 38.866540478360434 ], [ -76.965698647374666, 38.86729234306722 ], [ -76.965698470208167, 38.867661553437983 ] ] ], [ [ [ -76.965900066734662, 38.867550651741226 ], [ -76.965900161163461, 38.867351775663963 ], [ -76.966681720584916, 38.867643334072682 ], [ -76.966441719409772, 38.867671786823564 ], [ -76.965900066734662, 38.867550651741226 ] ] ], [ [ [ -76.967854291742128, 38.866272263654082 ], [ -76.967846569263713, 38.865829723463037 ], [ -76.970150611661381, 38.866150133921622 ], [ -76.970242171638859, 38.867641753064504 ], [ -76.967869555035918, 38.867561598289171 ], [ -76.967854291742128, 38.866272263654082 ] ] ], [ [ [ -76.953579662271579, 38.866364046663477 ], [ -76.952290165758484, 38.865928986133838 ], [ -76.952328364462403, 38.865345284757154 ], [ -76.954449503641627, 38.864937093272317 ], [ -76.95454735797415, 38.864516907529321 ], [ -76.956483659493244, 38.865540844134728 ], [ -76.959439219344461, 38.865398643332753 ], [ -76.959713703224793, 38.86649354274283 ], [ -76.958447339073416, 38.867004608575883 ], [ -76.958584420034924, 38.868442765721113 ], [ -76.953579662271579, 38.866364046663477 ] ] ], [ [ [ -76.960902511641564, 38.866247546686964 ], [ -76.9623702843611, 38.866462261624122 ], [ -76.961166871853607, 38.867078768470435 ], [ -76.960448636395427, 38.868514715981405 ], [ -76.960013916708874, 38.86635808865492 ], [ -76.960902511641564, 38.866247546686964 ] ] ], [ [ [ -77.009150720329444, 38.868894393561447 ], [ -77.009271081994825, 38.868898650952019 ], [ -77.009150754503651, 38.8691665275133 ], [ -77.009150720329444, 38.868894393561447 ] ] ], [ [ [ -76.947010824290089, 38.870491299933576 ], [ -76.947705119795387, 38.870479790410059 ], [ -76.948986803897867, 38.869384991724019 ], [ -76.949072926574274, 38.868221075642168 ], [ -76.95138435150659, 38.865848995934471 ], [ -76.953099004315561, 38.866559442364405 ], [ -76.952742879080574, 38.868388227234959 ], [ -76.949330114692998, 38.870716413731543 ], [ -76.948604333922844, 38.872572054157047 ], [ -76.947385800214477, 38.87209138990579 ], [ -76.947610845663974, 38.871363469648486 ], [ -76.947008182081902, 38.871245037028871 ], [ -76.947010824290089, 38.870491299933576 ] ] ], [ [ [ -76.967863797576172, 38.872876437797402 ], [ -76.967865294048067, 38.872484636456875 ], [ -76.968829319617384, 38.872876699500125 ], [ -76.967863797576172, 38.872876437797402 ] ] ], [ [ [ -76.969907227236718, 38.873174682665535 ], [ -76.97016290449443, 38.873260869193814 ], [ -76.970170387753171, 38.873280779284585 ], [ -76.970137075965226, 38.873295364489536 ], [ -76.969907227236718, 38.873174682665535 ] ] ], [ [ [ -76.97030358993868, 38.873313423775528 ], [ -76.970316728134435, 38.873313967865386 ], [ -76.970599252853219, 38.873412050625689 ], [ -76.970499778841656, 38.873463553899967 ], [ -76.97030358993868, 38.873313423775528 ] ] ], [ [ [ -76.971631736615336, 38.873264298308754 ], [ -76.971770809575162, 38.873317390685088 ], [ -76.971610912813333, 38.873591186584065 ], [ -76.971583737999083, 38.873412294341961 ], [ -76.971631736615336, 38.873264298308754 ] ] ], [ [ [ -76.971369420562269, 38.873170206739701 ], [ -76.971700739797257, 38.873034960395159 ], [ -76.971493136698882, 38.873646972429867 ], [ -76.971062999957439, 38.873348927211282 ], [ -76.971369420562269, 38.873170206739701 ] ] ], [ [ [ -76.970452463710217, 38.873625422875023 ], [ -76.97102072192871, 38.873877439891999 ], [ -76.97116611802187, 38.873966299205392 ], [ -76.969997282648421, 38.87386952405933 ], [ -76.970452463710217, 38.873625422875023 ] ] ], [ [ [ -76.989610750935356, 38.874043438553883 ], [ -76.990049351196546, 38.873824395179724 ], [ -76.99004929453929, 38.87422706392789 ], [ -76.989610750935356, 38.874043438553883 ] ] ], [ [ [ -76.971704709404776, 38.873938311404004 ], [ -76.971731909400035, 38.873943476210513 ], [ -76.972196960521273, 38.874154772824568 ], [ -76.97214223857344, 38.874228361649614 ], [ -76.971704709404776, 38.873938311404004 ] ] ], [ [ [ -76.970932038882438, 38.874317568101333 ], [ -76.970338894624263, 38.874043383695266 ], [ -76.970330029107515, 38.874026445863819 ], [ -76.971186353667235, 38.874083953911395 ], [ -76.970932038882438, 38.874317568101333 ] ] ], [ [ [ -76.972202975187145, 38.874255959145273 ], [ -76.972257695336339, 38.874182369420851 ], [ -76.972533043465148, 38.874340789495875 ], [ -76.972462270417395, 38.874372782877685 ], [ -76.972202975187145, 38.874255959145273 ] ] ], [ [ [ -76.97259173771846, 38.874340832663336 ], [ -76.972669270070696, 38.874378793946221 ], [ -76.972625140337925, 38.874438141107362 ], [ -76.972543651868023, 38.874402858005567 ], [ -76.97259173771846, 38.874340832663336 ] ] ], [ [ [ -76.972762639484188, 38.874421622360046 ], [ -76.972914002579103, 38.874487621806338 ], [ -76.9729221738192, 38.874511192137845 ], [ -76.972724955192461, 38.874485575848723 ], [ -76.972762639484188, 38.874421622360046 ] ] ], [ [ [ -76.988494069945318, 38.874566420404051 ], [ -76.988878046284754, 38.874374662460752 ], [ -76.988905062818333, 38.874407204429019 ], [ -76.988905038536643, 38.874566459974176 ], [ -76.988494069945318, 38.874566420404051 ] ] ], [ [ [ -77.020020492251888, 38.874568737956963 ], [ -77.019140865358622, 38.872178186174381 ], [ -77.017756173808323, 38.871947519962134 ], [ -77.019435895150423, 38.871947251964173 ], [ -77.020453724459799, 38.873843119964079 ], [ -77.020020492251888, 38.874568737956963 ] ] ], [ [ [ -77.044275744729816, 38.874526079515022 ], [ -77.040647170930129, 38.871408561655869 ], [ -77.039770040554913, 38.871890752056629 ], [ -77.03922567192717, 38.871481652256477 ], [ -77.036572439866177, 38.866680610721687 ], [ -77.036740722806087, 38.864586878381772 ], [ -77.037847949223419, 38.865925217075187 ], [ -77.036828959788636, 38.863608755040048 ], [ -77.04272066043012, 38.863551370199616 ], [ -77.045018422861915, 38.861153676900699 ], [ -77.045857164776294, 38.859755828268931 ], [ -77.045768594145272, 38.858447927130157 ], [ -77.046264728534368, 38.858086149656117 ], [ -77.046338328151307, 38.853188294304402 ], [ -77.047460114592582, 38.850770473278772 ], [ -77.047930240588073, 38.84745269798367 ], [ -77.049582894135199, 38.846591975739159 ], [ -77.050134252293844, 38.845288372460459 ], [ -77.050290774799407, 38.846732597331538 ], [ -77.049772071923542, 38.849212849293622 ], [ -77.049070928080823, 38.84849664720258 ], [ -77.047558646114567, 38.853896275692648 ], [ -77.047466377471324, 38.856283437930358 ], [ -77.048133519746102, 38.859089829931747 ], [ -77.047736017603086, 38.860669442340964 ], [ -77.047091991502157, 38.860805059206143 ], [ -77.048181783662358, 38.862862637900491 ], [ -77.04589846344328, 38.866248909159879 ], [ -77.04539426123614, 38.865721494551394 ], [ -77.041376941092892, 38.870809096962319 ], [ -77.042381262585138, 38.870572729947583 ], [ -77.045658408308839, 38.872727358081136 ], [ -77.046222500867657, 38.872407941373467 ], [ -77.04634640136527, 38.873911788598207 ], [ -77.047133163364776, 38.874921787510516 ], [ -77.045869913565639, 38.875546196699645 ], [ -77.044275744729816, 38.874526079515022 ] ] ], [ [ [ -77.020910446959533, 38.87543490020056 ], [ -77.021236714702582, 38.875434840845287 ], [ -77.021386012054791, 38.875708508141201 ], [ -77.020910527898479, 38.875709477610371 ], [ -77.020910446959533, 38.87543490020056 ] ] ], [ [ [ -76.986268678656529, 38.875670735715914 ], [ -76.986609983064227, 38.875500300698377 ], [ -76.986637144388681, 38.875532807593061 ], [ -76.986583825383207, 38.875758970000504 ], [ -76.986268678656529, 38.875670735715914 ] ] ], [ [ [ -76.985091020933851, 38.876355867129632 ], [ -76.985640560663285, 38.876077350689229 ], [ -76.985640504006028, 38.876355936377422 ], [ -76.985091020933851, 38.876355867129632 ] ] ], [ [ [ -76.987000266349185, 38.876246264953238 ], [ -76.987053526898706, 38.876129923257395 ], [ -76.988038222485955, 38.876405629316366 ], [ -76.98700023667152, 38.876405518699755 ], [ -76.987000266349185, 38.876246264953238 ] ] ], [ [ [ -76.989640631809664, 38.876726932801773 ], [ -76.989244596460935, 38.876616064379903 ], [ -76.990036698634697, 38.876616134527012 ], [ -76.990036668057769, 38.876837799424948 ], [ -76.989640631809664, 38.876726932801773 ] ] ], [ [ [ -76.996027384056504, 38.878459125987945 ], [ -76.996128340150733, 38.878461471419826 ], [ -76.996132717151113, 38.878495433417584 ], [ -76.996027268043974, 38.878473719286774 ], [ -76.996027384056504, 38.878459125987945 ] ] ], [ [ [ -77.019026108268235, 38.878542859165691 ], [ -77.019763189019898, 38.878542736857867 ], [ -77.019763366186339, 38.87918799143273 ], [ -77.019026280038759, 38.879188114639817 ], [ -77.019026108268235, 38.878542859165691 ] ] ], [ [ [ -77.017118246010227, 38.879188409617484 ], [ -77.017118156977347, 38.878817730653793 ], [ -77.01632775901885, 38.878694285213157 ], [ -77.018779658954031, 38.878693916491102 ], [ -77.017118246010227, 38.879188409617484 ] ] ], [ [ [ -77.015379941031426, 38.878831701621777 ], [ -77.016117023581728, 38.87883160269638 ], [ -77.016117103621411, 38.879188551710342 ], [ -77.015380017473774, 38.879188651535117 ], [ -77.015379941031426, 38.878831701621777 ] ] ], [ [ [ -76.98180161205471, 38.878767659999539 ], [ -76.983562204032467, 38.879480647014304 ], [ -76.983562176153441, 38.8796011174976 ], [ -76.98178465084095, 38.878873301561669 ], [ -76.98180161205471, 38.878767659999539 ] ] ], [ [ [ -77.000474963248905, 38.879607125868233 ], [ -77.000169222531554, 38.87948209672146 ], [ -77.000160059339237, 38.879413339953715 ], [ -77.000474961450266, 38.879384115584514 ], [ -77.000474963248905, 38.879607125868233 ] ] ], [ [ [ -76.982236635712127, 38.876768795343708 ], [ -76.985312795549021, 38.875567685999954 ], [ -76.990908467251927, 38.872337750187057 ], [ -76.991181455559683, 38.873176916581485 ], [ -76.990285713714684, 38.872981191728684 ], [ -76.990091760526298, 38.873565684508776 ], [ -76.983516409654555, 38.876823600029184 ], [ -76.973362783165896, 38.879675209043739 ], [ -76.974629266027762, 38.878771006376894 ], [ -76.982236635712127, 38.876768795343708 ] ] ], [ [ [ -76.985481436419093, 38.880150215659967 ], [ -76.985966838298907, 38.880134512597749 ], [ -76.986027714307511, 38.880165523919857 ], [ -76.985877055381764, 38.880299443764386 ], [ -76.985481436419093, 38.880150215659967 ] ] ], [ [ [ -76.985962355178515, 38.880331619708556 ], [ -76.986051445617704, 38.880251846245756 ], [ -76.986051423134654, 38.880365216581538 ], [ -76.985962355178515, 38.880331619708556 ] ] ], [ [ [ -76.984930528820826, 38.880482669839409 ], [ -76.984930562995032, 38.880322382771794 ], [ -76.985063510672433, 38.880378258549854 ], [ -76.984930528820826, 38.880482669839409 ] ] ], [ [ [ -76.984964756118586, 38.880556984417353 ], [ -76.985147452492924, 38.88041353805437 ], [ -76.98548892417449, 38.880557050967184 ], [ -76.984964756118586, 38.880556984417353 ] ] ], [ [ [ -76.98676105567813, 38.881155043470528 ], [ -76.986803259962414, 38.881093712404947 ], [ -76.986952468281743, 38.881154038927832 ], [ -76.986825612611881, 38.881190384128956 ], [ -76.98676105567813, 38.881155043470528 ] ] ], [ [ [ -77.074442199647763, 38.880989516053376 ], [ -77.074731292115416, 38.881011097983844 ], [ -77.074663985054826, 38.881242888348652 ], [ -77.074421945116626, 38.881239951162854 ], [ -77.074442199647763, 38.880989516053376 ] ] ], [ [ [ -76.983756147328279, 38.879682384734338 ], [ -76.983756174307985, 38.879566292150741 ], [ -76.988218166035495, 38.881501452430143 ], [ -76.985129274496387, 38.880251534181014 ], [ -76.983756147328279, 38.879682384734338 ] ] ], [ [ [ -76.989010919318446, 38.881548488771784 ], [ -76.988546498621986, 38.881358427849193 ], [ -76.989027061249828, 38.88135847461399 ], [ -76.989010919318446, 38.881548488771784 ] ] ], [ [ [ -77.074514622052106, 38.881767135544919 ], [ -77.074512927729415, 38.881644384380877 ], [ -77.074599715904128, 38.881645438386329 ], [ -77.074605545309623, 38.88176823901307 ], [ -77.074514622052106, 38.881767135544919 ] ] ], [ [ [ -77.025959347046182, 38.881518223886985 ], [ -77.026343210970367, 38.881632069064779 ], [ -77.026348210301649, 38.88180463457627 ], [ -77.025619704585665, 38.881809185145812 ], [ -77.025959347046182, 38.881518223886985 ] ] ], [ [ [ -76.963892993067134, 38.881521712357198 ], [ -76.964384891649388, 38.880850417013164 ], [ -76.965147363859728, 38.88116690193101 ], [ -76.966833110659479, 38.87855562863939 ], [ -76.969524782442704, 38.876396288957608 ], [ -76.972859976706502, 38.875792541692476 ], [ -76.973583404850217, 38.87669235027181 ], [ -76.976027659648707, 38.876010481598485 ], [ -76.976760211414614, 38.875717636259935 ], [ -76.975504376525691, 38.874530503280141 ], [ -76.976663839164814, 38.875155892730334 ], [ -76.986090969022939, 38.870465759187482 ], [ -76.987137296948674, 38.870070110547204 ], [ -76.987910776860815, 38.871183804888744 ], [ -76.989793410437528, 38.87017889434054 ], [ -76.989459240351607, 38.869447459532694 ], [ -76.989893340405274, 38.868778576170428 ], [ -76.989148945467434, 38.868205252070766 ], [ -76.990021921874131, 38.868708915584023 ], [ -76.99266264436551, 38.865477690143337 ], [ -76.996899855044262, 38.864611409189251 ], [ -76.998252836499148, 38.864776194665694 ], [ -76.998512374546408, 38.868688968621029 ], [ -77.000727635871669, 38.867860922343766 ], [ -77.001557574322533, 38.868331794776566 ], [ -77.002535317251045, 38.867928143968697 ], [ -77.003590406372098, 38.868176676112739 ], [ -77.002620561289859, 38.869323796456115 ], [ -77.001188499749446, 38.869809967256231 ], [ -76.995449149658498, 38.868488658125102 ], [ -76.9924716769263, 38.86875309298091 ], [ -76.983356451738814, 38.873858849106625 ], [ -76.972964872730643, 38.877353056998061 ], [ -76.971808883273297, 38.878251874524437 ], [ -76.970219481743641, 38.880596395407395 ], [ -76.963509484375152, 38.882045698750062 ], [ -76.963892993067134, 38.881521712357198 ] ] ], [ [ [ -77.024722968989806, 38.881927794931869 ], [ -77.02428697586322, 38.881422891253465 ], [ -77.025784201379736, 38.882148617165001 ], [ -77.025679491515291, 38.882143725752371 ], [ -77.024722968989806, 38.881927794931869 ] ] ], [ [ [ -77.026014512359836, 38.881427281743697 ], [ -77.02522874141323, 38.881371928471765 ], [ -77.024559035171308, 38.880847261292104 ], [ -77.024994002171411, 38.880617499797836 ], [ -77.027295017451081, 38.881869696929016 ], [ -77.026206728058014, 38.882180993657983 ], [ -77.02650249169659, 38.881676266246757 ], [ -77.026014512359836, 38.881427281743697 ] ] ], [ [ [ -77.072522058046502, 38.881449301644011 ], [ -77.072376937145918, 38.880821694465681 ], [ -77.072997879448565, 38.880205943049873 ], [ -77.07342481370415, 38.880581877651593 ], [ -77.07312439337602, 38.881065436820506 ], [ -77.073352820276398, 38.882208384309536 ], [ -77.072431464840179, 38.88219718775008 ], [ -77.072522058046502, 38.881449301644011 ] ] ], [ [ [ -76.988421235651458, 38.881541986673426 ], [ -76.990144796245318, 38.882156011390862 ], [ -76.990144778258866, 38.882285056010573 ], [ -76.988496264291143, 38.881618676360858 ], [ -76.988421235651458, 38.881541986673426 ] ] ], [ [ [ -76.960249126296105, 38.882140992712721 ], [ -76.958956538813197, 38.881875316792502 ], [ -76.959957148803312, 38.880663090029657 ], [ -76.962154250118488, 38.880663822977112 ], [ -76.962153920067294, 38.881287111610959 ], [ -76.963797947317403, 38.881287632318447 ], [ -76.962886778501968, 38.88239808190599 ], [ -76.960249126296105, 38.882140992712721 ] ] ], [ [ [ -76.990357286259723, 38.88276751980527 ], [ -76.99035731773597, 38.882531383916273 ], [ -76.990940436351991, 38.88276756657001 ], [ -76.990357286259723, 38.88276751980527 ] ] ], [ [ [ -76.991034871462091, 38.882608136556314 ], [ -76.990341428514057, 38.882373292093803 ], [ -76.990341446500508, 38.882246368974791 ], [ -76.991392964413762, 38.882667341624597 ], [ -76.99139294822595, 38.882796808026342 ], [ -76.991034871462091, 38.882608136556314 ] ] ], [ [ [ -76.992547589599553, 38.882984513624478 ], [ -76.992118325200522, 38.882809855390576 ], [ -76.992547607586005, 38.882809883269545 ], [ -76.992547589599553, 38.882984513624478 ] ] ], [ [ [ -76.998558794852443, 38.883152727316542 ], [ -76.998558801147738, 38.882818568022572 ], [ -77.000476874308276, 38.882818577015769 ], [ -77.000476876106916, 38.883152735410476 ], [ -76.998558794852443, 38.883152727316542 ] ] ], [ [ [ -77.011665240958052, 38.883092747932039 ], [ -77.012016026018728, 38.88318925597946 ], [ -77.012022425594409, 38.883198736632437 ], [ -77.011630936318625, 38.883204013854197 ], [ -77.011665240958052, 38.883092747932039 ] ] ], [ [ [ -76.991709714631611, 38.882802517821972 ], [ -76.992562941926167, 38.883140736655719 ], [ -76.992570435077482, 38.883258403052935 ], [ -76.991698634084685, 38.882930515630846 ], [ -76.991709714631611, 38.882802517821972 ] ] ], [ [ [ -76.946644230946447, 38.882325810587758 ], [ -76.943847807030636, 38.877571412390807 ], [ -76.938984313874926, 38.874806492625567 ], [ -76.938336076248902, 38.872565525978303 ], [ -76.938944763489985, 38.872005447093784 ], [ -76.943504304679891, 38.871020141766166 ], [ -76.96063529248471, 38.878000804493581 ], [ -76.960926137731008, 38.878579670215686 ], [ -76.958218675651324, 38.882378790548785 ], [ -76.956360562989573, 38.882288307959072 ], [ -76.95504307777577, 38.883061241982773 ], [ -76.955042765711028, 38.883555282750137 ], [ -76.94685661484084, 38.882737629038388 ], [ -76.946644230946447, 38.882325810587758 ] ] ], [ [ [ -76.992751174527029, 38.883230111280682 ], [ -76.993673642424596, 38.883600964712798 ], [ -76.993681641894227, 38.883713177621075 ], [ -76.992740531949948, 38.883353317501644 ], [ -76.992751174527029, 38.883230111280682 ] ] ], [ [ [ -77.072896243466801, 38.883808446402725 ], [ -77.071826064621121, 38.883749422997539 ], [ -77.071890019908437, 38.883194755333761 ], [ -77.073332506390045, 38.882490489044869 ], [ -77.073485032308383, 38.882062229188591 ], [ -77.073270411800024, 38.880943949203925 ], [ -77.074404430819811, 38.880193045872431 ], [ -77.074043728934896, 38.881217208207659 ], [ -77.074520747334589, 38.881902625605733 ], [ -77.075049977674269, 38.882271728957164 ], [ -77.075554192471941, 38.882127257367074 ], [ -77.074569124565414, 38.88321679142183 ], [ -77.072896243466801, 38.883808446402725 ] ] ], [ [ [ -76.993875780342933, 38.883693257637788 ], [ -76.994662286934954, 38.884008291949158 ], [ -76.994844125356053, 38.884196875285625 ], [ -76.993865110786203, 38.883819245461837 ], [ -76.993875780342933, 38.883693257637788 ] ] ], [ [ [ -76.99572196889369, 38.884576060037205 ], [ -76.995068569159116, 38.884309132260682 ], [ -76.995037374375272, 38.88423569002515 ], [ -76.996076360235804, 38.884698408304928 ], [ -76.99572196889369, 38.884576060037205 ] ] ], [ [ [ -76.945348467058068, 38.88481798126486 ], [ -76.945348838478083, 38.884332089254542 ], [ -76.945556050371408, 38.884345684305913 ], [ -76.945598851805528, 38.884831597000641 ], [ -76.945348467058068, 38.88481798126486 ] ] ], [ [ [ -77.027309956988859, 38.884919722467259 ], [ -77.027967810166274, 38.884790169730593 ], [ -77.02796773192523, 38.884934605347837 ], [ -77.027309956988859, 38.884919722467259 ] ] ], [ [ [ -77.002988529696836, 38.88435513258338 ], [ -77.003415762527368, 38.884355120892167 ], [ -77.003415793104352, 38.884996616300839 ], [ -77.002134082022224, 38.884996646877823 ], [ -77.002134063136452, 38.884355150569775 ], [ -77.002988529696836, 38.88435513258338 ] ] ], [ [ [ -77.020272440021074, 38.88495162501755 ], [ -77.020396399873903, 38.885116233327551 ], [ -77.020071276068506, 38.884998269254766 ], [ -77.020070334478305, 38.884957278155923 ], [ -77.020272440021074, 38.88495162501755 ] ] ], [ [ [ -76.997233322759598, 38.885155150589753 ], [ -76.996278975694111, 38.884696294898163 ], [ -76.998388260909451, 38.885639195392628 ], [ -76.997214264326772, 38.885183660897269 ], [ -76.997233322759598, 38.885155150589753 ] ] ], [ [ [ -76.999521991246866, 38.885621515620528 ], [ -76.999521989448226, 38.88582569769784 ], [ -76.999017807026121, 38.885621512023192 ], [ -76.999521991246866, 38.885621515620528 ] ] ], [ [ [ -76.999521991246866, 38.885621515620528 ], [ -76.999724025743149, 38.885651728344612 ], [ -77.000333547555158, 38.885621524613725 ], [ -76.999679018272047, 38.885889527979373 ], [ -76.999521991246866, 38.885621515620528 ] ] ], [ [ [ -76.998674730954008, 38.885678553322634 ], [ -76.998787612957926, 38.885694018064555 ], [ -76.999486552562303, 38.885992047095328 ], [ -76.998553771239528, 38.885725839675786 ], [ -76.998674730954008, 38.885678553322634 ] ] ], [ [ [ -76.999908545942617, 38.885990144129892 ], [ -77.000472823761754, 38.885758550716616 ], [ -77.000472827359033, 38.886218795860771 ], [ -76.999908545942617, 38.885990144129892 ] ] ], [ [ [ -77.022180674598417, 38.886224003834741 ], [ -77.022087854670701, 38.885900139979526 ], [ -77.023903629948506, 38.885864936917358 ], [ -77.023903750457691, 38.88622366389103 ], [ -77.022180674598417, 38.886224003834741 ] ] ], [ [ [ -76.99855650248054, 38.886338439867131 ], [ -76.998556511473794, 38.885889508194282 ], [ -76.999125653725912, 38.886114201109535 ], [ -76.99855650248054, 38.886338439867131 ] ] ], [ [ [ -76.945276464637118, 38.881128766179643 ], [ -76.945601758414398, 38.881018691859197 ], [ -76.945966644844759, 38.881832058502766 ], [ -76.945141375673927, 38.882843346143545 ], [ -76.945156636269701, 38.885013813136993 ], [ -76.946098451282467, 38.886410976485422 ], [ -76.945174550764875, 38.88641729602142 ], [ -76.944260075142324, 38.88541133596442 ], [ -76.943585205892475, 38.884510285421413 ], [ -76.944058214215147, 38.884388195259078 ], [ -76.943363736147489, 38.883098816557208 ], [ -76.944138005664399, 38.88288133170812 ], [ -76.943649872543517, 38.881814090048294 ], [ -76.945276464637118, 38.881128766179643 ] ] ], [ [ [ -76.999664778406782, 38.886054848552476 ], [ -77.000435239294802, 38.886363632575637 ], [ -77.000429711162212, 38.886389227281086 ], [ -76.999551143670317, 38.886125266368026 ], [ -76.999664778406782, 38.886054848552476 ] ] ], [ [ [ -76.999046576338401, 38.886348834231342 ], [ -76.99936664235662, 38.886217526917392 ], [ -77.000017806376604, 38.886480147840587 ], [ -76.998726507622166, 38.886480140646029 ], [ -76.999046576338401, 38.886348834231342 ] ] ], [ [ [ -77.000679675026959, 38.886590705996355 ], [ -77.000679674127639, 38.886463565241399 ], [ -77.001946521214961, 38.887108391738934 ], [ -77.001313096322292, 38.886849549766964 ], [ -77.000679675026959, 38.886590705996355 ] ] ], [ [ [ -77.002146470183391, 38.887057710445049 ], [ -77.002594410803397, 38.887241280960382 ], [ -77.002603730477745, 38.887261110112206 ], [ -77.002143825277301, 38.887187032955239 ], [ -77.002146470183391, 38.887057710445049 ] ] ], [ [ [ -77.019395487711563, 38.887173012524556 ], [ -77.019794495319672, 38.887061800561696 ], [ -77.019794596943029, 38.88742803327716 ], [ -77.019061858118221, 38.887428155584985 ], [ -77.019395487711563, 38.887173012524556 ] ] ], [ [ [ -77.002149018862099, 38.887476696492399 ], [ -77.00214901526482, 38.887339973461053 ], [ -77.002305155558417, 38.887403534845305 ], [ -77.002149018862099, 38.887476696492399 ] ] ], [ [ [ -77.013736107135571, 38.887509615276599 ], [ -77.013736093645775, 38.887440421438328 ], [ -77.013828569133125, 38.887509652148765 ], [ -77.013736107135571, 38.887509615276599 ] ] ], [ [ [ -77.002198057993951, 38.887531709820621 ], [ -77.002394221715917, 38.887439792812245 ], [ -77.002619998314231, 38.887531700827367 ], [ -77.002198057993951, 38.887531709820621 ] ] ], [ [ [ -77.002713586262985, 38.887321952845923 ], [ -77.003409115638135, 38.887583720312477 ], [ -77.003409117436775, 38.887620302934693 ], [ -77.002591395376555, 38.887362443921688 ], [ -77.002713586262985, 38.887321952845923 ] ] ], [ [ [ -77.015758566404656, 38.887732114745347 ], [ -77.016142504972606, 38.887732062584689 ], [ -77.015374691688635, 38.888025685836794 ], [ -77.015374627836763, 38.887732166006685 ], [ -77.015758566404656, 38.887732114745347 ] ] ], [ [ [ -76.972580269563764, 38.887805438270391 ], [ -76.971924224023667, 38.887883696375525 ], [ -76.973097413914502, 38.887672854818447 ], [ -76.97392449881653, 38.887747865471681 ], [ -76.973923962820606, 38.889217403560394 ], [ -76.973594990816139, 38.888264095211866 ], [ -76.973058730475998, 38.887920154891276 ], [ -76.972580269563764, 38.887805438270391 ] ] ], [ [ [ -76.974204861565056, 38.889274453853034 ], [ -76.974205410151512, 38.887754908961938 ], [ -76.9766081270634, 38.887755414380933 ], [ -76.976977133288017, 38.888329322140578 ], [ -76.976859534340008, 38.889275009634048 ], [ -76.974204861565056, 38.889274453853034 ] ] ], [ [ [ -76.940641147470956, 38.889009027944326 ], [ -76.941662864549528, 38.886642931426195 ], [ -76.945710640233813, 38.886650964170713 ], [ -76.945710014305689, 38.887473140573036 ], [ -76.946429408990014, 38.887709789974906 ], [ -76.946890658676921, 38.889528268614754 ], [ -76.940427806697869, 38.889525151564555 ], [ -76.940641147470956, 38.889009027944326 ] ] ], [ [ [ -76.930160294561915, 38.889520959824495 ], [ -76.930162469122592, 38.889521070441106 ], [ -76.931146587345097, 38.889665274033234 ], [ -76.930277494210941, 38.889664758721665 ], [ -76.930160294561915, 38.889520959824495 ] ] ], [ [ [ -76.968971941302016, 38.886247504918458 ], [ -76.97004687036673, 38.884991768055727 ], [ -76.969904749604495, 38.884237171208554 ], [ -76.970821665087726, 38.883609944443435 ], [ -76.973253127030148, 38.879901136728108 ], [ -76.979557731604018, 38.878276457492575 ], [ -76.979795496165195, 38.879039811937844 ], [ -76.9774445640154, 38.880451051474893 ], [ -76.973433832305489, 38.880450208810146 ], [ -76.973433501354975, 38.881337378317426 ], [ -76.973036773528236, 38.881337287485906 ], [ -76.97230962039265, 38.883015380155712 ], [ -76.972097063828414, 38.885920675099101 ], [ -76.972783708801103, 38.88746295934817 ], [ -76.971479178321374, 38.887963823271889 ], [ -76.969317780091444, 38.889490813650184 ], [ -76.967408961854062, 38.889689874987766 ], [ -76.968971941302016, 38.886247504918458 ] ] ], [ [ [ -77.05842187636847, 38.886198620469997 ], [ -77.057305086560461, 38.884655168001643 ], [ -77.046728393800322, 38.876419023818926 ], [ -77.046779023832869, 38.875870889729811 ], [ -77.04809814671205, 38.874871865244415 ], [ -77.049553492599557, 38.874920618391855 ], [ -77.052652161567948, 38.879358654878047 ], [ -77.054947970672288, 38.880679175303726 ], [ -77.058645366890119, 38.880816915468301 ], [ -77.063847260542616, 38.888387973226429 ], [ -77.064016959914738, 38.889743827115979 ], [ -77.061420518242301, 38.889650519755719 ], [ -77.05842187636847, 38.886198620469997 ] ] ], [ [ [ -76.974869474946274, 38.890082579247689 ], [ -76.974232540898981, 38.890079801241882 ], [ -76.974102676097573, 38.889614433559302 ], [ -76.976612878181754, 38.889789921867475 ], [ -76.974869474946274, 38.890082579247689 ] ] ], [ [ [ -76.988450722622702, 38.890308298289369 ], [ -76.988450882702011, 38.88931482801695 ], [ -76.991410817755025, 38.889315083424435 ], [ -76.991410839338698, 38.890308553696855 ], [ -76.988450722622702, 38.890308298289369 ] ] ], [ [ [ -76.967408658782517, 38.88980946503483 ], [ -76.968957053924839, 38.889699330459791 ], [ -76.970292859228039, 38.88908836703456 ], [ -76.970071987532151, 38.889946746545149 ], [ -76.970163377537801, 38.89029469694276 ], [ -76.970525161307137, 38.890756522195773 ], [ -76.969809749720127, 38.890232824485338 ], [ -76.9691940873372, 38.889975782956071 ], [ -76.967408658782517, 38.88980946503483 ] ] ], [ [ [ -77.014617540766835, 38.888551201077121 ], [ -77.014992067929541, 38.888446739425547 ], [ -77.014999150989979, 38.891163416858262 ], [ -77.012700525209027, 38.89052729130151 ], [ -77.012734604118634, 38.889079661597179 ], [ -77.014617540766835, 38.888551201077121 ] ] ], [ [ [ -76.946010779973506, 38.891324949486886 ], [ -76.946394115096268, 38.890942611712205 ], [ -76.94638957262066, 38.891325124854689 ], [ -76.946010779973506, 38.891324949486886 ] ] ], [ [ [ -77.069813651678658, 38.887904199119532 ], [ -77.071927618764562, 38.887853901836138 ], [ -77.071218386419332, 38.888815067561382 ], [ -77.0711283948595, 38.891726000354709 ], [ -77.067909657404755, 38.890030937477832 ], [ -77.067759911290807, 38.888030158165293 ], [ -77.069813651678658, 38.887904199119532 ] ] ], [ [ [ -76.945593365041702, 38.891740532499625 ], [ -76.945963929791503, 38.891368168206441 ], [ -76.945963648303689, 38.891740704270148 ], [ -76.945593365041702, 38.891740532499625 ] ] ], [ [ [ -77.016741550582083, 38.887726615391045 ], [ -77.017371074215646, 38.887733032053859 ], [ -77.017372068865825, 38.891817625982696 ], [ -77.015385644531818, 38.891269977527486 ], [ -77.015384997019964, 38.888268656573302 ], [ -77.016741550582083, 38.887726615391045 ] ] ], [ [ [ -76.971821409030781, 38.891824968947219 ], [ -76.970437004364214, 38.890596456361436 ], [ -76.970221394601651, 38.889460341921279 ], [ -76.971429992600065, 38.888163389129147 ], [ -76.972972056515175, 38.887964177604772 ], [ -76.973737851720443, 38.888739635126115 ], [ -76.97372712640572, 38.891195975014284 ], [ -76.973058983185467, 38.891848288367839 ], [ -76.971821409030781, 38.891824968947219 ] ] ], [ [ [ -77.028147590938545, 38.890868964431206 ], [ -77.027948977463325, 38.890588881371855 ], [ -77.027949526049724, 38.891989228320256 ], [ -77.024048585373862, 38.891984123768339 ], [ -77.02404813481354, 38.890647679946539 ], [ -77.022145688272872, 38.890626059345209 ], [ -77.022144790749451, 38.887734239843326 ], [ -77.027902458231836, 38.887733005973473 ], [ -77.027902795477587, 38.88859569053875 ], [ -77.028145535088356, 38.887732947517577 ], [ -77.028224599885334, 38.888215819604454 ], [ -77.031771064682857, 38.888208675390104 ], [ -77.031772750911671, 38.891994105343713 ], [ -77.028148033404989, 38.891989485526381 ], [ -77.028147590938545, 38.890868964431206 ] ] ], [ [ [ -76.941055629713503, 38.892143594251536 ], [ -76.940765696379742, 38.892024892734639 ], [ -76.94113509650748, 38.892025079793655 ], [ -76.941055629713503, 38.892143594251536 ] ] ], [ [ [ -77.017679801581551, 38.891984034735458 ], [ -77.017757515596827, 38.887693738874987 ], [ -77.021695101847456, 38.887734324379608 ], [ -77.021694910291842, 38.891980980637811 ], [ -77.017679801581551, 38.891984034735458 ] ] ], [ [ [ -77.002113876054523, 38.892074627941781 ], [ -77.002269142207126, 38.892055347376413 ], [ -77.002776443478069, 38.892085784031735 ], [ -77.002452195612307, 38.892214970744362 ], [ -77.002113876054523, 38.892074627941781 ] ] ], [ [ [ -76.942017960060753, 38.892226540522472 ], [ -76.941525125284272, 38.892024737151928 ], [ -76.942049259165913, 38.892024999753971 ], [ -76.942017960060753, 38.892226540522472 ] ] ], [ [ [ -76.976350649362928, 38.892146678026847 ], [ -76.976579623950443, 38.892145220225757 ], [ -76.976579569091825, 38.892312136196153 ], [ -76.976346747204559, 38.892310584865641 ], [ -76.976350649362928, 38.892146678026847 ] ] ], [ [ [ -76.945059288255493, 38.892327037962502 ], [ -76.945332127275833, 38.892046902742436 ], [ -76.945347699037029, 38.89231899712405 ], [ -76.945059288255493, 38.892327037962502 ] ] ], [ [ [ -77.002137054281604, 38.892367940028464 ], [ -77.00213681865921, 38.8922147971752 ], [ -77.002295546302378, 38.892281546656079 ], [ -77.00222938317944, 38.892314698364714 ], [ -77.002137054281604, 38.892367940028464 ] ] ], [ [ [ -77.052591684858328, 38.892093854547795 ], [ -77.052599083580787, 38.892097487808883 ], [ -77.052771096009224, 38.892397589776976 ], [ -77.052634413447379, 38.892369251239984 ], [ -77.052591684858328, 38.892093854547795 ] ] ], [ [ [ -77.041285877541156, 38.892257411550361 ], [ -77.04158391916252, 38.892257305430348 ], [ -77.041584014490638, 38.892420494610178 ], [ -77.041285877541156, 38.892257411550361 ] ] ], [ [ [ -77.018898034916333, 38.892270380673608 ], [ -77.019730716299478, 38.892270243077292 ], [ -77.019730780151349, 38.892500887705864 ], [ -77.018898034916333, 38.892270380673608 ] ] ], [ [ [ -77.003619071363005, 38.892118346684413 ], [ -77.004023113375922, 38.89211833409388 ], [ -77.004023139456308, 38.892575722091976 ], [ -77.003619094745375, 38.892575735581772 ], [ -77.003619071363005, 38.892118346684413 ] ] ], [ [ [ -76.944752971972036, 38.89262961126758 ], [ -76.945018499504101, 38.892362286890091 ], [ -76.945022161543477, 38.892633231938134 ], [ -76.944752971972036, 38.89262961126758 ] ] ], [ [ [ -77.053545352935657, 38.892547834115305 ], [ -77.052900037206939, 38.891948452159397 ], [ -77.054908825881569, 38.892789240031448 ], [ -77.054569008053249, 38.89275744360117 ], [ -77.053545352935657, 38.892547834115305 ] ] ], [ [ [ -77.053429207292027, 38.892790666356234 ], [ -77.053311510317883, 38.89261799652337 ], [ -77.05392992012969, 38.892740287234517 ], [ -77.053481892275443, 38.892883564524936 ], [ -77.053429207292027, 38.892790666356234 ] ] ], [ [ [ -77.051572068596045, 38.892551043795663 ], [ -77.050931512079558, 38.8923778703425 ], [ -77.050325853755112, 38.892117673092173 ], [ -77.052512444693548, 38.892440671799591 ], [ -77.052354849296819, 38.892983339809348 ], [ -77.051572068596045, 38.892551043795663 ] ] ], [ [ [ -76.973953321188787, 38.890405391795468 ], [ -76.976824083964289, 38.890368996232269 ], [ -76.976817377719783, 38.891860857292784 ], [ -76.975199503654153, 38.891869445818315 ], [ -76.975175013316175, 38.89308327247511 ], [ -76.974728356928097, 38.892930987575085 ], [ -76.974050997455549, 38.891894570178351 ], [ -76.973953321188787, 38.890405391795468 ] ] ], [ [ [ -77.052538862278652, 38.892733680814786 ], [ -77.052548730539456, 38.892740447313827 ], [ -77.052585836567062, 38.89311132412837 ], [ -77.052440932403044, 38.893030878872025 ], [ -77.052538862278652, 38.892733680814786 ] ] ], [ [ [ -76.976706299755904, 38.893122677169856 ], [ -76.976710220799987, 38.892903131074718 ], [ -76.977145080780815, 38.892910736641227 ], [ -76.977143086084538, 38.893130281837102 ], [ -76.976706299755904, 38.893122677169856 ] ] ], [ [ [ -76.975315108805205, 38.893146450748134 ], [ -76.975313280483476, 38.892868258063686 ], [ -76.97594054502008, 38.892916509389465 ], [ -76.97594239222758, 38.893148084816289 ], [ -76.975315108805205, 38.893146450748134 ] ] ], [ [ [ -76.943902757406306, 38.892328468783887 ], [ -76.94597320899635, 38.890663435169472 ], [ -76.945961954880261, 38.890014468193215 ], [ -76.947071524031571, 38.890008254777172 ], [ -76.944460711192846, 38.892658020851059 ], [ -76.94446216899388, 38.893256028642838 ], [ -76.943902082914747, 38.893186388740901 ], [ -76.943902757406306, 38.892328468783887 ] ] ], [ [ [ -77.043288281928653, 38.892223946877721 ], [ -77.043288917749294, 38.893271530256982 ], [ -77.041961248612722, 38.892563609123329 ], [ -77.041961157781145, 38.892225520691284 ], [ -77.043288281928653, 38.892223946877721 ] ] ], [ [ [ -76.972312307566881, 38.892354735282879 ], [ -76.971768841858534, 38.891910978309056 ], [ -76.973039301522533, 38.891948073544825 ], [ -76.973835102607836, 38.891372548804156 ], [ -76.974158819873594, 38.892508679432069 ], [ -76.975098557452441, 38.893296705878299 ], [ -76.972312307566881, 38.892354735282879 ] ] ], [ [ [ -77.052624803292019, 38.892788426144989 ], [ -77.052823093910604, 38.892523274529538 ], [ -77.053023550996045, 38.893351482684807 ], [ -77.052679692513777, 38.89316052963477 ], [ -77.052624803292019, 38.892788426144989 ] ] ], [ [ [ -77.041955057679729, 38.89343551084022 ], [ -77.041954741118388, 38.89289749232546 ], [ -77.042951212428477, 38.893435148413403 ], [ -77.042457389297056, 38.893437652126011 ], [ -77.041955057679729, 38.89343551084022 ] ] ], [ [ [ -77.011876452136505, 38.893462001270393 ], [ -77.011600707406672, 38.893461741366309 ], [ -77.011987442866143, 38.893181578267274 ], [ -77.012052514212144, 38.893366343082334 ], [ -77.011876452136505, 38.893462001270393 ] ] ], [ [ [ -77.023350901223068, 38.893487984482931 ], [ -77.023803403204454, 38.893360450724288 ], [ -77.023803487740736, 38.89361218265617 ], [ -77.023350901223068, 38.893487984482931 ] ] ], [ [ [ -77.044415057808635, 38.893436219505986 ], [ -77.044780075540018, 38.893440281743665 ], [ -77.043685054721436, 38.893481553431002 ], [ -77.043685026842468, 38.893436495597825 ], [ -77.044415057808635, 38.893436219505986 ] ] ], [ [ [ -77.021567001515848, 38.893476450677724 ], [ -77.021730276131279, 38.893591285109778 ], [ -77.021594598112188, 38.893722285754961 ], [ -77.021415319161633, 38.893612877832084 ], [ -77.021567001515848, 38.893476450677724 ] ] ], [ [ [ -77.054022901935355, 38.893703728244532 ], [ -77.053523547973327, 38.892983952247675 ], [ -77.055232390262574, 38.89314149368505 ], [ -77.05411601953864, 38.89386065184766 ], [ -77.054022901935355, 38.893703728244532 ] ] ], [ [ [ -77.022060802164276, 38.893899932436 ], [ -77.02206070863474, 38.8935987225031 ], [ -77.022836822661191, 38.893850629802785 ], [ -77.022781397443509, 38.893899730987869 ], [ -77.022060802164276, 38.893899932436 ] ] ], [ [ [ -77.053569627436332, 38.894007817806596 ], [ -77.053175166800486, 38.893972310773563 ], [ -77.053228226801195, 38.893252526682829 ], [ -77.053636829276229, 38.894000669994966 ], [ -77.053569627436332, 38.894007817806596 ] ] ], [ [ [ -76.998731696710422, 38.893156315411659 ], [ -77.000361848320608, 38.893175515937344 ], [ -77.000463022050781, 38.893904251879746 ], [ -76.998640069283738, 38.89399874184852 ], [ -76.998731696710422, 38.893156315411659 ] ] ], [ [ [ -77.054819338841355, 38.893546479086808 ], [ -77.054407513196111, 38.894390142091424 ], [ -77.054298955132651, 38.894339879881613 ], [ -77.054180129509348, 38.893988566019573 ], [ -77.054819338841355, 38.893546479086808 ] ] ], [ [ [ -77.010026981959584, 38.894685411102898 ], [ -77.010568120222558, 38.894293413710102 ], [ -77.010709944208543, 38.894685400311005 ], [ -77.010026981959584, 38.894685411102898 ] ] ], [ [ [ -76.997449788676761, 38.894570178271181 ], [ -76.997487202272509, 38.894726607247151 ], [ -76.997062414698632, 38.894726597354634 ], [ -76.997449788676761, 38.894570178271181 ] ] ], [ [ [ -77.001531300628983, 38.894661112320534 ], [ -77.001596096782407, 38.894564673520904 ], [ -77.001941682862309, 38.894728651406183 ], [ -77.001531301528303, 38.894728657701421 ], [ -77.001531300628983, 38.894661112320534 ] ] ], [ [ [ -77.01923307374733, 38.894740861501589 ], [ -77.019771385441061, 38.894590528130436 ], [ -77.019771426809882, 38.89474099550057 ], [ -77.01923307374733, 38.894740861501589 ] ] ], [ [ [ -76.995700636075469, 38.894901322138367 ], [ -76.995700637874108, 38.894877433446823 ], [ -76.996025642069696, 38.894877445138036 ], [ -76.995757343726382, 38.894986426782225 ], [ -76.995700636075469, 38.894901322138367 ] ] ], [ [ [ -77.002966384790795, 38.89487500347866 ], [ -77.003423287154931, 38.894874990888184 ], [ -77.003423296148185, 38.895061922170044 ], [ -77.002966384790795, 38.89487500347866 ] ] ], [ [ [ -77.045095701605305, 38.894225972650588 ], [ -77.044351026078971, 38.893813967140943 ], [ -77.046548253299193, 38.894129189410592 ], [ -77.046544369127275, 38.895064710068368 ], [ -77.045095701605305, 38.894225972650588 ] ] ], [ [ [ -77.045116384213713, 38.895330473222828 ], [ -77.045230302236632, 38.894756093319131 ], [ -77.046350104773467, 38.895329990286882 ], [ -77.045642541569975, 38.89533026907668 ], [ -77.045116384213713, 38.895330473222828 ] ] ], [ [ [ -77.047027518205368, 38.895334880800135 ], [ -77.047222201643251, 38.895334802559148 ], [ -77.04722222772358, 38.8953732431807 ], [ -77.047182294227468, 38.895418430516202 ], [ -77.047027518205368, 38.895334880800135 ] ] ], [ [ [ -77.043650018933192, 38.895528348354617 ], [ -77.044764372477744, 38.895540116882955 ], [ -77.044782407482103, 38.895862279220864 ], [ -77.043647123116216, 38.895888892858181 ], [ -77.043650018933192, 38.895528348354617 ] ] ], [ [ [ -77.04191478334053, 38.895497139181657 ], [ -77.043316845296147, 38.895498284018629 ], [ -77.043339433567951, 38.895889370398152 ], [ -77.04190300941633, 38.895909987356106 ], [ -77.04191478334053, 38.895497139181657 ] ] ], [ [ [ -77.047425534760578, 38.895903459177362 ], [ -77.047441105622511, 38.895885667889331 ], [ -77.047582841474934, 38.895962154329993 ], [ -77.047425574330759, 38.895962218181865 ], [ -77.047425534760578, 38.895903459177362 ] ] ], [ [ [ -77.047818441367951, 38.895562904804251 ], [ -77.048706102804374, 38.895561542331393 ], [ -77.048706396882665, 38.895992405724996 ], [ -77.048255713330491, 38.89590109396039 ], [ -77.047818441367951, 38.895562904804251 ] ] ], [ [ [ -77.047809067734249, 38.895472200081997 ], [ -77.047800324525326, 38.895712283095463 ], [ -77.048322776674752, 38.895998054366771 ], [ -77.047554906733524, 38.895668587735202 ], [ -77.047809067734249, 38.895472200081997 ] ] ], [ [ [ -77.0298669714835, 38.896025392857666 ], [ -77.029866829390642, 38.895686099334057 ], [ -77.030918724119772, 38.896004927885144 ], [ -77.030906295489103, 38.896025122161689 ], [ -77.0298669714835, 38.896025392857666 ] ] ], [ [ [ -76.9938656566747, 38.896033306891638 ], [ -76.994144578709324, 38.895918628941615 ], [ -76.994202965394493, 38.896006277767583 ], [ -76.994202961797214, 38.896050209649502 ], [ -76.9938656566747, 38.896033306891638 ] ] ], [ [ [ -77.032149469722185, 38.895927747167832 ], [ -77.033449799468656, 38.895672754294253 ], [ -77.033450100741504, 38.896314037462901 ], [ -77.033016555569532, 38.896185276129643 ], [ -77.032149469722185, 38.895927747167832 ] ] ], [ [ [ -76.992372361195464, 38.896257130162496 ], [ -76.992372365692063, 38.896207706120776 ], [ -76.992554196019285, 38.89620771871131 ], [ -76.992436988276324, 38.896336748941849 ], [ -76.992372361195464, 38.896257130162496 ] ] ], [ [ [ -77.026143692777168, 38.89674361752401 ], [ -77.026477838581343, 38.896743541980925 ], [ -77.026477863762352, 38.896812185434044 ], [ -77.026143717958178, 38.896812260977129 ], [ -77.026143692777168, 38.89674361752401 ] ] ], [ [ [ -76.96026083906645, 38.893686075452081 ], [ -76.961247295526221, 38.892395309096287 ], [ -76.961343823358732, 38.889814623546101 ], [ -76.962121798082478, 38.889811681863705 ], [ -76.961167328709223, 38.888945790316029 ], [ -76.962797840947587, 38.886449310986961 ], [ -76.961781448754834, 38.886269974479774 ], [ -76.962171903810258, 38.885102833429073 ], [ -76.962980801722608, 38.88453426674306 ], [ -76.962745598430558, 38.885119228969302 ], [ -76.962981219007986, 38.884534965516309 ], [ -76.96664105773857, 38.881904881105413 ], [ -76.970084109493996, 38.880849761407433 ], [ -76.966809307403594, 38.883938796838038 ], [ -76.966914589236865, 38.884331582936284 ], [ -76.964971916021057, 38.885385376134252 ], [ -76.963421624208536, 38.887371304941837 ], [ -76.96127302423065, 38.893698851221075 ], [ -76.961202316833408, 38.896849405675596 ], [ -76.960320586425894, 38.896773198924052 ], [ -76.959708985381326, 38.895522260843734 ], [ -76.96026083906645, 38.893686075452081 ] ] ], [ [ [ -77.025628052092884, 38.896505758533976 ], [ -77.0258427742246, 38.896806838964494 ], [ -77.0255399347202, 38.896857308917731 ], [ -77.025360815848956, 38.896831652159051 ], [ -77.025628052092884, 38.896505758533976 ] ] ], [ [ [ -77.007013906866291, 38.896923354229443 ], [ -77.005597765124719, 38.896636376067931 ], [ -77.005142663203287, 38.896611943286587 ], [ -77.005548523645416, 38.896103688734286 ], [ -77.006629255135977, 38.896031875170934 ], [ -77.007706556612277, 38.897034709184538 ], [ -77.007013906866291, 38.896923354229443 ] ] ], [ [ [ -76.990834588845132, 38.897266177592087 ], [ -76.991426144001309, 38.897025419187798 ], [ -76.991426114323701, 38.897266222558187 ], [ -76.990834588845132, 38.897266177592087 ] ] ], [ [ [ -77.012009153399674, 38.896937769462568 ], [ -77.012051317214457, 38.896937765865232 ], [ -77.01205137477109, 38.897283730559764 ], [ -77.011890495949615, 38.896962463946579 ], [ -77.012009153399674, 38.896937769462568 ] ] ], [ [ [ -77.017076765680144, 38.897187809769662 ], [ -77.017041396243428, 38.896213830503939 ], [ -77.018093616527153, 38.896216524872784 ], [ -77.018093886323754, 38.897285693779793 ], [ -77.017076765680144, 38.897187809769662 ] ] ], [ [ [ -77.049848614122197, 38.89724878650236 ], [ -77.049885562768452, 38.897206494084514 ], [ -77.049995521076426, 38.897300618029135 ], [ -77.04984865099442, 38.897300680981687 ], [ -77.049848614122197, 38.89724878650236 ] ] ], [ [ [ -76.96577242235935, 38.897226482416272 ], [ -76.966268215006096, 38.897141714118845 ], [ -76.966799315935646, 38.895577575444804 ], [ -76.968703387551272, 38.893429556428941 ], [ -76.968546442364413, 38.891768150679638 ], [ -76.967408379093399, 38.889920156290259 ], [ -76.969602298607128, 38.89022779097985 ], [ -76.972518481642567, 38.892592741761689 ], [ -76.97516745181639, 38.893458065837137 ], [ -76.974512467476359, 38.894587929989029 ], [ -76.971316962207993, 38.89561350605851 ], [ -76.96941842861753, 38.8975451733711 ], [ -76.96577242235935, 38.897226482416272 ] ], [ [ -76.971820707559573, 38.893575600933275 ], [ -76.972485760709276, 38.893039266848746 ], [ -76.970538899350686, 38.894476255774634 ], [ -76.970627257741739, 38.894543095187771 ], [ -76.971820707559573, 38.893575600933275 ] ] ], [ [ [ -76.989370241643314, 38.897475848231863 ], [ -76.989370249737192, 38.897423266670501 ], [ -76.9897748484305, 38.897423301744027 ], [ -76.989426873751199, 38.897562696661169 ], [ -76.989370241643314, 38.897475848231863 ] ] ], [ [ [ -77.009287478434317, 38.897435028004168 ], [ -77.009690707460152, 38.897434994729281 ], [ -77.009690715554029, 38.897491420892436 ], [ -77.009634996258058, 38.897576384342699 ], [ -77.009287478434317, 38.897435028004168 ] ] ], [ [ [ -77.05484149274065, 38.897436809561157 ], [ -77.054794111958643, 38.897561423221134 ], [ -77.054478574026916, 38.897873101262689 ], [ -77.054799003371272, 38.897454984859735 ], [ -77.05484149274065, 38.897436809561157 ] ] ], [ [ [ -76.942760911586788, 38.897106045207863 ], [ -76.942764061911873, 38.893178988219802 ], [ -76.945860060793109, 38.89389414080199 ], [ -76.945754012737439, 38.894182369021166 ], [ -76.948190880504683, 38.89523457131844 ], [ -76.946669902993563, 38.896726489935588 ], [ -76.943196580957419, 38.897001703166097 ], [ -76.943195580911265, 38.898258545295676 ], [ -76.942759987083718, 38.898258333055651 ], [ -76.942760911586788, 38.897106045207863 ] ] ], [ [ [ -77.051531938148401, 38.898116245568303 ], [ -77.051781142985305, 38.898249686973543 ], [ -77.051784483067422, 38.898259686535368 ], [ -77.051518762181104, 38.898264658886944 ], [ -77.051531938148401, 38.898116245568303 ] ] ], [ [ [ -77.034976191797796, 38.896811004624226 ], [ -77.033827707182922, 38.896521290725047 ], [ -77.033825669319128, 38.892224613275346 ], [ -77.039328411377028, 38.892222891073629 ], [ -77.039330687561119, 38.896350051713569 ], [ -77.038182491628675, 38.896332098547589 ], [ -77.037708970692393, 38.895601163762763 ], [ -77.037470784349182, 38.89560124020511 ], [ -77.038073374186808, 38.896485655088952 ], [ -77.03807447585632, 38.898550347420667 ], [ -77.034977045254379, 38.898551315990517 ], [ -77.034976191797796, 38.896811004624226 ] ] ], [ [ [ -77.052911468489413, 38.898507488429914 ], [ -77.053145560219377, 38.898503587170865 ], [ -77.053089490187801, 38.898598784006708 ], [ -77.052911468489413, 38.898507488429914 ] ] ], [ [ [ -77.011716849453023, 38.898430192599335 ], [ -77.012091763324179, 38.89843015392853 ], [ -77.012157746582716, 38.898608748495008 ], [ -77.01171787378081, 38.89843060718681 ], [ -77.011716849453023, 38.898430192599335 ] ] ], [ [ [ -77.011522292819507, 38.898856340847487 ], [ -77.011522255947341, 38.898628113596601 ], [ -77.012062024542786, 38.898852096946769 ], [ -77.012056756314223, 38.89885628598887 ], [ -77.011522292819507, 38.898856340847487 ] ] ], [ [ [ -76.986874570804787, 38.898875887612178 ], [ -76.987190736463276, 38.898747069621606 ], [ -76.987249318301338, 38.898834056546548 ], [ -76.98724931110678, 38.898875929880319 ], [ -76.986874570804787, 38.898875887612178 ] ] ], [ [ [ -77.053438172633548, 38.898533874538714 ], [ -77.053698082100766, 38.898599811032511 ], [ -77.053818297176633, 38.89898603297911 ], [ -77.053229912130689, 38.898672460066052 ], [ -77.053438172633548, 38.898533874538714 ] ] ], [ [ [ -76.942759029305705, 38.898745145971759 ], [ -76.943180853613455, 38.89852569250678 ], [ -76.943285882737257, 38.899006068974984 ], [ -76.942758820663016, 38.899005812668179 ], [ -76.942759029305705, 38.898745145971759 ] ] ], [ [ [ -76.985607959339802, 38.89909848780502 ], [ -76.985607979124893, 38.899000190106733 ], [ -76.985853941006553, 38.899000219784341 ], [ -76.985607959339802, 38.89909848780502 ] ] ], [ [ [ -77.053373903482793, 38.89922657015012 ], [ -77.053258705724659, 38.899021864667361 ], [ -77.053701987856414, 38.899251515545075 ], [ -77.05348946906372, 38.89929186812526 ], [ -77.053373903482793, 38.89922657015012 ] ] ], [ [ [ -76.94276417792446, 38.899625039064347 ], [ -76.94276456463291, 38.899144532194441 ], [ -76.94329162670715, 38.899144789400566 ], [ -76.943396659428231, 38.89962534663249 ], [ -76.94276417792446, 38.899625039064347 ] ] ], [ [ [ -77.012301674082948, 38.899018216117838 ], [ -77.012338569669225, 38.89901821162124 ], [ -77.012564794129901, 38.899651328945708 ], [ -77.012446134881202, 38.899677182655921 ], [ -77.012301674082948, 38.899018216117838 ] ] ], [ [ [ -77.062840266265255, 38.899911395794334 ], [ -77.060608189416371, 38.898789389019157 ], [ -77.05987286863791, 38.897291645493112 ], [ -77.059401604100685, 38.892840616501303 ], [ -77.059883357430977, 38.892675943440111 ], [ -77.059917696244668, 38.892067338037293 ], [ -77.058963481379521, 38.891868619341381 ], [ -77.059182436620119, 38.890187822410155 ], [ -77.060739868150335, 38.890940022564052 ], [ -77.060680841147871, 38.891808447501887 ], [ -77.061458810475699, 38.890875723735689 ], [ -77.062148330580953, 38.891241573339983 ], [ -77.064216464618085, 38.895023279201041 ], [ -77.066321456470007, 38.897484585145548 ], [ -77.066650230623623, 38.899771119541583 ], [ -77.062840266265255, 38.899911395794334 ] ] ], [ [ [ -77.042859797241817, 38.89965779686986 ], [ -77.043365606537463, 38.899657609810902 ], [ -77.043365823274087, 38.90001472340083 ], [ -77.042353987046852, 38.899657981230916 ], [ -77.042859797241817, 38.89965779686986 ] ] ], [ [ [ -77.029788573084147, 38.899963507010284 ], [ -77.029958844425096, 38.899963483627914 ], [ -77.029968647035389, 38.899971999308377 ], [ -77.029788604560395, 38.900039290181155 ], [ -77.029788573084147, 38.899963507010284 ] ] ], [ [ [ -77.035278266878493, 38.89894675508873 ], [ -77.037817653761692, 38.898945960088042 ], [ -77.037818265300643, 38.900099342410783 ], [ -77.035278837048679, 38.900100137411471 ], [ -77.035278266878493, 38.89894675508873 ] ] ], [ [ [ -77.052738825636254, 38.899726528456597 ], [ -77.052824321485218, 38.899670079810392 ], [ -77.052381435954487, 38.900097867522618 ], [ -77.052623550536396, 38.899838539916743 ], [ -77.052738825636254, 38.899726528456597 ] ] ], [ [ [ -77.030646148600852, 38.900116564427947 ], [ -77.030576560859572, 38.900058083313922 ], [ -77.030881498482358, 38.89995186078977 ], [ -77.030893791315407, 38.900146574804637 ], [ -77.030646148600852, 38.900116564427947 ] ] ], [ [ [ -77.04182081677726, 38.900147484019215 ], [ -77.041820617127712, 38.899807038464132 ], [ -77.042791857058546, 38.900147132384291 ], [ -77.042306337367563, 38.900147308651412 ], [ -77.04182081677726, 38.900147484019215 ] ] ], [ [ [ -77.030180498531138, 38.900203877806746 ], [ -77.030348097986291, 38.900143634021561 ], [ -77.030411222300017, 38.900251246897597 ], [ -77.030179348298248, 38.90025176041047 ], [ -77.030180498531138, 38.900203877806746 ] ] ], [ [ [ -76.942757584994524, 38.900168035326601 ], [ -76.942757821516238, 38.899872866139901 ], [ -76.942933510373166, 38.899872951575503 ], [ -76.942933038229114, 38.900463288150263 ], [ -76.942757584994524, 38.900168035326601 ] ] ], [ [ [ -76.943283637130094, 38.900463291747542 ], [ -76.943461284710509, 38.899870369621908 ], [ -76.944015361519689, 38.900189068670613 ], [ -76.943674352988978, 38.900463480605197 ], [ -76.943283637130094, 38.900463291747542 ] ] ], [ [ [ -77.051927644345255, 38.900588350571979 ], [ -77.052295726066859, 38.900191707281522 ], [ -77.052324171623184, 38.900207825830535 ], [ -77.051955338068353, 38.900605225450875 ], [ -77.051927644345255, 38.900588350571979 ] ] ], [ [ [ -77.067663835817314, 38.899674525159242 ], [ -77.067232559634874, 38.897235501717091 ], [ -77.0640442858151, 38.890709244835818 ], [ -77.064474970243623, 38.889550387440465 ], [ -77.064248598294114, 38.888694984685856 ], [ -77.059319550856571, 38.880880548798359 ], [ -77.057051270899422, 38.880353178256598 ], [ -77.057351919655332, 38.877511172202901 ], [ -77.057380030663865, 38.878028887623145 ], [ -77.059788302687991, 38.880506677241442 ], [ -77.058305510390937, 38.87818138026654 ], [ -77.06024420140875, 38.880070939522284 ], [ -77.063101864659302, 38.883589849991608 ], [ -77.064656671967782, 38.88304934215347 ], [ -77.065057337026417, 38.883752111071146 ], [ -77.065941344517398, 38.883444215578152 ], [ -77.066032364002353, 38.882645977330014 ], [ -77.067962157127795, 38.881900143476912 ], [ -77.068983875105687, 38.882744826312717 ], [ -77.068844769770294, 38.883448124931078 ], [ -77.063833055750877, 38.88501016458747 ], [ -77.064533097924084, 38.885924544881902 ], [ -77.06535111676061, 38.887708289905731 ], [ -77.064251954563986, 38.88572488009919 ], [ -77.061950794493555, 38.88251001332651 ], [ -77.061699311673863, 38.882508610384093 ], [ -77.066089601354008, 38.889034129821312 ], [ -77.06565918762135, 38.891675927901815 ], [ -77.068629804821569, 38.89908258779127 ], [ -77.068868422839387, 38.899420013422912 ], [ -77.071234111964657, 38.899208000948533 ], [ -77.069254714933095, 38.900661577869585 ], [ -77.067663835817314, 38.899674525159242 ] ], [ [ -77.061804517964106, 38.882418199740187 ], [ -77.061769592792416, 38.882280266221358 ], [ -77.060425589269471, 38.880918818548707 ], [ -77.061553014460003, 38.882416778811319 ], [ -77.061804517964106, 38.882418199740187 ] ] ], [ [ [ -77.018668662828475, 38.900959856012605 ], [ -77.018828543402492, 38.900959830831596 ], [ -77.018828557791664, 38.901015294720139 ], [ -77.018668662828475, 38.900959856012605 ] ] ], [ [ [ -77.046090650363169, 38.90077965525694 ], [ -77.046559572166473, 38.900779469996621 ], [ -77.04655979969499, 38.901128180321336 ], [ -77.045621742049718, 38.900802245327384 ], [ -77.046090650363169, 38.90077965525694 ] ] ], [ [ [ -76.942762587023708, 38.90114420534087 ], [ -76.942762803760331, 38.900874764858543 ], [ -76.943169601296006, 38.900874963608715 ], [ -76.942824571896438, 38.901152900885734 ], [ -76.942762587023708, 38.90114420534087 ] ] ], [ [ [ -77.027579720327765, 38.901103050565382 ], [ -77.027974980460954, 38.90096742021035 ], [ -77.027975091976884, 38.901251491762991 ], [ -77.027203095946106, 38.901251674325351 ], [ -77.027579720327765, 38.901103050565382 ] ] ], [ [ [ -77.045025474446049, 38.901265469925534 ], [ -77.045025262206025, 38.900927605424727 ], [ -77.04586817607543, 38.901237913798752 ], [ -77.045835676375305, 38.901265131780463 ], [ -77.045025474446049, 38.901265469925534 ] ] ], [ [ [ -77.018182473142588, 38.90111534519707 ], [ -77.01823236752972, 38.901015260545876 ], [ -77.018838198524008, 38.901266339569986 ], [ -77.01818251181345, 38.901266443891302 ], [ -77.018182473142588, 38.90111534519707 ] ] ], [ [ [ -77.019406213026286, 38.900986653111602 ], [ -77.019767506665062, 38.90098659195769 ], [ -77.019767592100663, 38.901292946012688 ], [ -77.019044933776627, 38.901043736679185 ], [ -77.019406213026286, 38.900986653111602 ] ] ], [ [ [ -77.013509584999326, 38.901126840331472 ], [ -77.013593566389943, 38.901126830438898 ], [ -77.013593603262166, 38.901322602955815 ], [ -77.013427749391099, 38.901322621841587 ], [ -77.013509584999326, 38.901126840331472 ] ] ], [ [ [ -76.987389705170699, 38.901478219844023 ], [ -76.987258089389286, 38.901422216362221 ], [ -76.987398117429166, 38.901422231650713 ], [ -76.987389705170699, 38.901478219844023 ] ] ], [ [ [ -76.998992308548168, 38.901539400722811 ], [ -76.998992184441704, 38.90142300416835 ], [ -76.999407762058524, 38.901424310883272 ], [ -76.999407761159205, 38.901496028219185 ], [ -76.998992308548168, 38.901539400722811 ] ] ], [ [ [ -77.013568177629281, 38.901760501745798 ], [ -77.013567910530583, 38.901760612362409 ], [ -77.013423053131362, 38.901359559695948 ], [ -77.013609532953524, 38.901359538112274 ], [ -77.013568177629281, 38.901760501745798 ] ] ], [ [ [ -77.021478451569237, 38.902263354070612 ], [ -77.02175913627508, 38.902239468077028 ], [ -77.021759191133754, 38.902422006170696 ], [ -77.021478499233297, 38.902422059230673 ], [ -77.021478451569237, 38.902263354070612 ] ] ], [ [ [ -77.024131788850923, 38.90230519323012 ], [ -77.024388047969978, 38.902205456616571 ], [ -77.024404828420074, 38.902435834146502 ], [ -77.024131833817023, 38.902435890803758 ], [ -77.024131788850923, 38.90230519323012 ] ] ], [ [ [ -77.033747075766883, 38.901456681081015 ], [ -77.034466611644746, 38.901456471539007 ], [ -77.034462428897939, 38.902435827851207 ], [ -77.033752194707972, 38.902436035594633 ], [ -77.033747075766883, 38.901456681081015 ] ] ], [ [ [ -77.038647909673273, 38.901458882621398 ], [ -77.039322327463424, 38.901458657790897 ], [ -77.039325150435332, 38.902436776635966 ], [ -77.038646155095932, 38.902437003265163 ], [ -77.038647909673273, 38.901458882621398 ] ] ], [ [ [ -77.031382889408803, 38.901449726623639 ], [ -77.031772353411327, 38.901449621402946 ], [ -77.03177279947505, 38.902453084042634 ], [ -77.029793092177442, 38.902453605649441 ], [ -77.029792672194048, 38.901450143009754 ], [ -77.031382889408803, 38.901449726623639 ] ] ], [ [ [ -77.024140640877818, 38.902639672682824 ], [ -77.024415782162578, 38.902639615126191 ], [ -77.024362183467929, 38.902900050696815 ], [ -77.024140702931049, 38.902823033656148 ], [ -77.024140640877818, 38.902639672682824 ] ] ], [ [ [ -77.021482126199146, 38.902639682575341 ], [ -77.021763787568716, 38.902639669984808 ], [ -77.021763843326653, 38.902822757564252 ], [ -77.021517973175889, 38.902908081642693 ], [ -77.021482126199146, 38.902639682575341 ] ] ], [ [ [ -77.056176150508918, 38.902737308480027 ], [ -77.056235887975788, 38.902737279701739 ], [ -77.056236050753114, 38.902943210960473 ], [ -77.056176313286187, 38.902943239738761 ], [ -77.056176150508918, 38.902737308480027 ] ] ], [ [ [ -77.050086380482014, 38.902065481636726 ], [ -77.05071753728447, 38.90249512195237 ], [ -77.050193882741439, 38.903017802529632 ], [ -77.049498734678821, 38.902592569791295 ], [ -77.050086380482014, 38.902065481636726 ] ] ], [ [ [ -77.063549910499944, 38.902640820217755 ], [ -77.061202240191221, 38.902491098385553 ], [ -77.061186849193689, 38.901541563592332 ], [ -77.06646729682825, 38.902932508128799 ], [ -77.065952199334504, 38.903352138990101 ], [ -77.063549910499944, 38.902640820217755 ] ] ], [ [ [ -76.964313654551461, 38.902137843786534 ], [ -76.965351403844181, 38.901640132885859 ], [ -76.964217184275583, 38.903457673532841 ], [ -76.963564015666748, 38.90346252447597 ], [ -76.964313654551461, 38.902137843786534 ] ] ], [ [ [ -77.052340633713243, 38.903516666361099 ], [ -77.052362023188778, 38.903492225485877 ], [ -77.052885416029085, 38.903674026135434 ], [ -77.052340748826452, 38.903674271650345 ], [ -77.052340633713243, 38.903516666361099 ] ] ], [ [ [ -76.993139503585212, 38.903914448193291 ], [ -76.992928528928417, 38.903817847515711 ], [ -76.99328709582278, 38.903820299067604 ], [ -76.993139503585212, 38.903914448193291 ] ] ], [ [ [ -77.054326922249629, 38.903827441483315 ], [ -77.054651791546917, 38.903827290397203 ], [ -77.054651885975716, 38.903951261041925 ], [ -77.054326931242827, 38.903838973489883 ], [ -77.054326922249629, 38.903827441483315 ] ] ], [ [ [ -77.018241467769485, 38.903793380560103 ], [ -77.018828057768587, 38.903793287030624 ], [ -77.018828064963202, 38.903821293717783 ], [ -77.018279885907987, 38.904010234085092 ], [ -77.018241467769485, 38.903793380560103 ] ] ], [ [ [ -77.019013843314156, 38.904025482989709 ], [ -77.019081401285575, 38.904001608687338 ], [ -77.019117529750133, 38.904112781080016 ], [ -77.019013866696525, 38.904112797267828 ], [ -77.019013843314156, 38.904025482989709 ] ] ], [ [ [ -77.026084234100097, 38.904119624920781 ], [ -77.026084103698395, 38.903761717229543 ], [ -77.026878368741677, 38.904039098725491 ], [ -77.026878399318662, 38.904119445056381 ], [ -77.026084234100097, 38.904119624920781 ] ] ], [ [ [ -77.018842930756591, 38.904007948907747 ], [ -77.018830975169351, 38.904138752601398 ], [ -77.018532144842595, 38.90412925126401 ], [ -77.01853202613205, 38.904118080784826 ], [ -77.018842930756591, 38.904007948907747 ] ] ], [ [ [ -77.02717756239457, 38.904079831718889 ], [ -77.027310112571627, 38.904125251079506 ], [ -77.027315173056763, 38.904135068078972 ], [ -77.027172989341921, 38.904139821895342 ], [ -77.02717756239457, 38.904079831718889 ] ] ], [ [ [ -77.065109917688517, 38.904031322287722 ], [ -77.065226490510099, 38.904031257536531 ], [ -77.065110018412554, 38.904142552237033 ], [ -77.065109917688517, 38.904031322287722 ] ] ], [ [ [ -77.011934610393894, 38.904142820234995 ], [ -77.011395912891032, 38.904132797290799 ], [ -77.011395871522211, 38.903875163108353 ], [ -77.011979791434214, 38.90387510555172 ], [ -77.011934610393894, 38.904142820234995 ] ] ], [ [ [ -77.02758944649571, 38.90382479387921 ], [ -77.027975002044684, 38.903824702148313 ], [ -77.027975135144345, 38.90416393361869 ], [ -77.027203918825762, 38.903895636174695 ], [ -77.02758944649571, 38.90382479387921 ] ] ], [ [ [ -77.058165081253435, 38.904130345738906 ], [ -77.058163505641232, 38.903928217713144 ], [ -77.059013816434458, 38.903938961913639 ], [ -77.059017892161933, 38.904195067248622 ], [ -77.058165081253435, 38.904130345738906 ] ] ], [ [ [ -77.060623466199957, 38.904306861972145 ], [ -77.060250207081367, 38.9041003209731 ], [ -77.061057623810257, 38.904133594090126 ], [ -77.061061319124519, 38.904301059546299 ], [ -77.060623466199957, 38.904306861972145 ] ] ], [ [ [ -77.061272640919583, 38.904277723038547 ], [ -77.061275695916606, 38.904123099001879 ], [ -77.062649854607059, 38.904179313824329 ], [ -77.062649338396227, 38.904311867598665 ], [ -77.061272640919583, 38.904277723038547 ] ] ], [ [ [ -77.062945302583614, 38.904388665204806 ], [ -77.062940454338445, 38.904182769019599 ], [ -77.064983242782375, 38.904191372833623 ], [ -77.064760903392937, 38.904397671015772 ], [ -77.062945302583614, 38.904388665204806 ] ] ], [ [ [ -77.059455818830941, 38.904622462856423 ], [ -77.059244977273863, 38.904076529408371 ], [ -77.060042328790416, 38.90409216142416 ], [ -77.059674167029129, 38.904728063949051 ], [ -77.059252483015655, 38.904728278887035 ], [ -77.059455818830941, 38.904622462856423 ] ] ], [ [ [ -77.032131756675199, 38.904838450334296 ], [ -77.032160783193547, 38.904838443139681 ], [ -77.032256221947023, 38.904855366581955 ], [ -77.032168859105525, 38.904921628630291 ], [ -77.032131756675199, 38.904838450334296 ] ] ], [ [ [ -77.056735801316165, 38.905004455291419 ], [ -77.056891055777555, 38.905040843660061 ], [ -77.05689115470301, 38.905164868264137 ], [ -77.056641838350117, 38.905164990571905 ], [ -77.056735801316165, 38.905004455291419 ] ] ], [ [ [ -77.057280009864542, 38.905204285549416 ], [ -77.057407007627262, 38.905212380347109 ], [ -77.057485137129333, 38.905243905182147 ], [ -77.057126840930948, 38.905243713626533 ], [ -77.057280009864542, 38.905204285549416 ] ] ], [ [ [ -76.970773873315579, 38.905521804687567 ], [ -76.971704466587823, 38.90513110951315 ], [ -76.97177552292203, 38.905171473784549 ], [ -76.971775384426394, 38.905522051101855 ], [ -76.970773873315579, 38.905521804687567 ] ] ], [ [ [ -77.031058367249784, 38.905588368008807 ], [ -77.030884842161697, 38.905588237607105 ], [ -77.030884821477287, 38.905541559195626 ], [ -77.03113853461565, 38.905549631510326 ], [ -77.031058367249784, 38.905588368008807 ] ] ], [ [ [ -76.962853661866973, 38.904618216257745 ], [ -76.963210949925383, 38.904656227003329 ], [ -76.962967913538364, 38.905659205807751 ], [ -76.962418528492265, 38.905041279831266 ], [ -76.962853661866973, 38.904618216257745 ] ] ], [ [ [ -76.997569361636693, 38.905801023498498 ], [ -76.997428021485973, 38.905740888531227 ], [ -76.997579127374763, 38.905740891229186 ], [ -76.997569361636693, 38.905801023498498 ] ] ], [ [ [ -77.032814305235945, 38.905754332496485 ], [ -77.033019154610258, 38.905754274040589 ], [ -77.03301917169739, 38.905790792810876 ], [ -77.032992159660409, 38.905852494397152 ], [ -77.032814305235945, 38.905754332496485 ] ] ], [ [ [ -77.040123073920711, 38.905764218743741 ], [ -77.040339785352785, 38.905764144999353 ], [ -77.040377082036684, 38.905792404395982 ], [ -77.040158940682545, 38.90587002038518 ], [ -77.040123073920711, 38.905764218743741 ] ] ], [ [ [ -77.031694305747578, 38.905432092816909 ], [ -77.031640662986149, 38.905619931514707 ], [ -77.031677673685635, 38.905882875294537 ], [ -77.031561705208503, 38.905657247084321 ], [ -77.031694305747578, 38.905432092816909 ] ] ], [ [ [ -77.032234104020631, 38.905447349815404 ], [ -77.032354345176827, 38.905685226791832 ], [ -77.032216899090599, 38.905899033413732 ], [ -77.032275828066986, 38.905677952175779 ], [ -77.032234104020631, 38.905447349815404 ] ] ], [ [ [ -77.031932461513861, 38.905356448141617 ], [ -77.03214345865365, 38.905644116982444 ], [ -77.031962023128813, 38.905973601600465 ], [ -77.031772238298117, 38.905682864272819 ], [ -77.031932461513861, 38.905356448141617 ] ] ], [ [ [ -77.06017714615831, 38.905336808746767 ], [ -77.060413906176791, 38.905336686439 ], [ -77.060414533004234, 38.90607803897035 ], [ -77.06017777118717, 38.906078161278174 ], [ -77.06017714615831, 38.905336808746767 ] ] ], [ [ [ -77.01226096627056, 38.905721589080144 ], [ -77.013388924759056, 38.905721487456731 ], [ -77.01226103371971, 38.906116977816339 ], [ -77.01226096627056, 38.905721589080144 ] ] ], [ [ [ -77.041383891952989, 38.905778158235478 ], [ -77.041585577512365, 38.905806419430746 ], [ -77.04158538865471, 38.906165132914623 ], [ -77.041357942914715, 38.905798674469281 ], [ -77.041383891952989, 38.905778158235478 ] ] ], [ [ [ -77.031742206337697, 38.906349859958141 ], [ -77.03178492863151, 38.906371146011622 ], [ -77.031788833487838, 38.906433385392461 ], [ -77.031676785155469, 38.906415329703748 ], [ -77.031742206337697, 38.906349859958141 ] ] ], [ [ [ -76.96210939193486, 38.905665247453271 ], [ -76.962262774907117, 38.906065761425793 ], [ -76.960817121013292, 38.907134407826732 ], [ -76.960809099060612, 38.906373525617767 ], [ -76.96210939193486, 38.905665247453271 ] ] ], [ [ [ -77.035805200349671, 38.907002874782904 ], [ -77.036118419829165, 38.907068969557372 ], [ -77.036129821434088, 38.907083869525025 ], [ -77.036040946832202, 38.90717092210042 ], [ -77.035805200349671, 38.907002874782904 ] ] ], [ [ [ -77.037389824680645, 38.906952922839196 ], [ -77.037022939956671, 38.907176419656082 ], [ -77.036928967997426, 38.907083431555179 ], [ -77.036928091158416, 38.90707120976856 ], [ -77.037389824680645, 38.906952922839196 ] ] ], [ [ [ -77.041747756753523, 38.907068585546824 ], [ -77.041773410814244, 38.907068575654307 ], [ -77.041851434196303, 38.907203830992046 ], [ -77.041747835893887, 38.907203867864268 ], [ -77.041747756753523, 38.907068585546824 ] ] ], [ [ [ -77.009832894772217, 38.907220070949563 ], [ -77.010104541291525, 38.907123008919768 ], [ -77.010142135650995, 38.90718654692165 ], [ -77.010142140147593, 38.907220044869234 ], [ -77.009832894772217, 38.907220070949563 ] ] ], [ [ [ -76.962473522934715, 38.897326078735603 ], [ -76.965680365056755, 38.897546619480977 ], [ -76.965636577066334, 38.900099463819231 ], [ -76.964428489882891, 38.901315050449284 ], [ -76.962798687209613, 38.901985070554588 ], [ -76.961790351143748, 38.904142391258404 ], [ -76.960273782109311, 38.905270319169972 ], [ -76.959577284164311, 38.906726999651369 ], [ -76.958540809210945, 38.907242393022045 ], [ -76.958086887200068, 38.906903722728657 ], [ -76.958879161144353, 38.905211854243703 ], [ -76.962650347635417, 38.900011787114352 ], [ -76.962473522934715, 38.897326078735603 ] ] ], [ [ [ -77.001149423307197, 38.907323141349934 ], [ -77.001277339277749, 38.907323140450615 ], [ -77.001277340177069, 38.907361580172847 ], [ -77.00126937847898, 38.907373818147221 ], [ -77.001149423307197, 38.907323141349934 ] ] ], [ [ [ -77.008530149446813, 38.907299130350623 ], [ -77.008827798963694, 38.907299107867573 ], [ -77.008827799863013, 38.907308993215509 ], [ -77.008568814898865, 38.907399068412303 ], [ -77.008530149446813, 38.907299130350623 ] ] ], [ [ [ -77.036514839188442, 38.907096130881769 ], [ -77.036796266734257, 38.90715840533619 ], [ -77.036841953193573, 38.907307511132785 ], [ -77.036241793324052, 38.907325662149617 ], [ -77.036514839188442, 38.907096130881769 ] ] ], [ [ [ -77.035806000746277, 38.907499429155393 ], [ -77.036033530123291, 38.90734960120318 ], [ -77.036134475425683, 38.907443454451936 ], [ -77.035815717021705, 38.907509131041593 ], [ -77.035806000746277, 38.907499429155393 ] ] ], [ [ [ -77.037559504267676, 38.907011776272498 ], [ -77.037581352397467, 38.907028234765278 ], [ -77.037560230919894, 38.907513615061362 ], [ -77.037156992900861, 38.907261830968764 ], [ -77.037559504267676, 38.907011776272498 ] ] ], [ [ [ -77.035497426265181, 38.907012218738942 ], [ -77.03590166702827, 38.907262022524378 ], [ -77.035498685316043, 38.907514058427125 ], [ -77.035477301236426, 38.907497592739787 ], [ -77.035497426265181, 38.907012218738942 ] ] ], [ [ [ -77.036923504616027, 38.907434657283659 ], [ -77.03702271512617, 38.90734731962317 ], [ -77.037348974775341, 38.907539932821692 ], [ -77.037198148575669, 38.907496509956047 ], [ -77.036923504616027, 38.907434657283659 ] ] ], [ [ [ -77.030726770124318, 38.908147470729261 ], [ -77.030762099091589, 38.908085046088047 ], [ -77.031214740467874, 38.908252706697112 ], [ -77.031182447611855, 38.908312764322659 ], [ -77.030726770124318, 38.908147470729261 ] ] ], [ [ [ -77.016017936278672, 38.908057102353439 ], [ -77.016061335762004, 38.908057096058201 ], [ -77.016061426593524, 38.908458524641276 ], [ -77.015882365278912, 38.908088629886436 ], [ -77.016017936278672, 38.908057102353439 ] ] ], [ [ [ -77.048941256633668, 38.908489580929484 ], [ -77.049426577574479, 38.907722133669608 ], [ -77.049909253609144, 38.907664249705419 ], [ -77.049266652034305, 38.908489444232544 ], [ -77.048941256633668, 38.908489580929484 ] ] ], [ [ [ -77.006102500629879, 38.908503114826942 ], [ -77.006449102044371, 38.908382433902261 ], [ -77.006489586824955, 38.908453259110672 ], [ -77.006489591321554, 38.908503094142532 ], [ -77.006102500629879, 38.908503114826942 ] ] ], [ [ [ -77.029797072576798, 38.90866687057968 ], [ -77.030062766483468, 38.90866680223121 ], [ -77.029883625129173, 38.90893847842807 ], [ -77.029799034897508, 38.908904419303553 ], [ -77.029797072576798, 38.90866687057968 ] ] ], [ [ [ -77.00678948104968, 38.909722399469217 ], [ -77.006951137784768, 38.90972239047602 ], [ -77.006951142281366, 38.909773077165823 ], [ -77.006941556407639, 38.909786663223997 ], [ -77.00678948104968, 38.909722399469217 ] ] ], [ [ [ -77.044504036731894, 38.90971104822637 ], [ -77.044809936629235, 38.909714782211495 ], [ -77.044816294836096, 38.909986053713453 ], [ -77.044504158140342, 38.909880060516457 ], [ -77.044504036731894, 38.90971104822637 ] ] ], [ [ [ -77.028187670124851, 38.909733191333771 ], [ -77.028698388819578, 38.909733680564955 ], [ -77.028767215734376, 38.909802650471988 ], [ -77.028187779842142, 38.910009802110721 ], [ -77.028187670124851, 38.909733191333771 ] ] ], [ [ [ -77.043428580664454, 38.909162469872115 ], [ -77.044073046533811, 38.909601190642491 ], [ -77.043538265578434, 38.910134842948708 ], [ -77.042828452271237, 38.909700618788577 ], [ -77.043428580664454, 38.909162469872115 ] ] ], [ [ [ -77.029608864257625, 38.909167256064052 ], [ -77.030261528346841, 38.909617197675573 ], [ -77.029717005935026, 38.910152187273695 ], [ -77.028999804697207, 38.909706566904617 ], [ -77.029608864257625, 38.909167256064052 ] ] ], [ [ [ -77.016272280741134, 38.910368458937285 ], [ -77.016272194406213, 38.90999199013828 ], [ -77.016378562620503, 38.910283462212078 ], [ -77.016272280741134, 38.910368458937285 ] ] ], [ [ [ -77.048888128284432, 38.910043366608136 ], [ -77.049248773512033, 38.909743637858639 ], [ -77.048884564271191, 38.910513096002603 ], [ -77.048884467144433, 38.910371823301034 ], [ -77.048888128284432, 38.910043366608136 ] ] ], [ [ [ -77.050143473042795, 38.910597205096963 ], [ -77.049264678921759, 38.910244356991541 ], [ -77.049354496912486, 38.91001178871312 ], [ -77.050169869044169, 38.910597193405806 ], [ -77.050143473042795, 38.910597205096963 ] ] ], [ [ [ -77.050231620093143, 38.911009028943568 ], [ -77.050231377276191, 38.910664343984365 ], [ -77.050495196096392, 38.911008915628997 ], [ -77.050231620093143, 38.911009028943568 ] ] ], [ [ [ -77.024120286521963, 38.910803012249289 ], [ -77.024542005609021, 38.910802924115728 ], [ -77.02454205597104, 38.910949382308218 ], [ -77.024120359367032, 38.911018113894897 ], [ -77.024120286521963, 38.910803012249289 ] ] ], [ [ [ -77.046737601958739, 38.911068390493881 ], [ -77.046737504831924, 38.910920120167475 ], [ -77.047163715133308, 38.911068219622678 ], [ -77.046737601958739, 38.911068390493881 ] ] ], [ [ [ -77.010262688871933, 38.911214738969079 ], [ -77.010409166849513, 38.911214725479226 ], [ -77.010409173144808, 38.911261403890705 ], [ -77.010400791463326, 38.911273464698695 ], [ -77.010262688871933, 38.911214738969079 ] ] ], [ [ [ -77.048280759449426, 38.911213309946334 ], [ -77.048667689162471, 38.911213149867024 ], [ -77.048667780893311, 38.911347368286442 ], [ -77.048280759449426, 38.911213309946334 ] ] ], [ [ [ -77.044570406698881, 38.911215154455874 ], [ -77.044801366989475, 38.911215066322313 ], [ -77.044801617000985, 38.911611527050411 ], [ -77.044570406698881, 38.911215154455874 ] ] ], [ [ [ -77.028184452350558, 38.911619977979626 ], [ -77.028333174136662, 38.91165401102387 ], [ -77.028269262916126, 38.911764021492445 ], [ -77.028184452350558, 38.911619977979626 ] ] ], [ [ [ -77.028118627372692, 38.911971956440709 ], [ -77.028118546433745, 38.911766026081295 ], [ -77.028183400143746, 38.911863169949413 ], [ -77.028118627372692, 38.911971956440709 ] ] ], [ [ [ -76.9953422598374, 38.909927821711676 ], [ -76.995711724716273, 38.909827313479809 ], [ -76.996650091728327, 38.911475853527861 ], [ -76.994793019582175, 38.912126919521768 ], [ -76.993727099925707, 38.910408682914465 ], [ -76.9953422598374, 38.909927821711676 ] ] ], [ [ [ -77.050652035163239, 38.911931258520838 ], [ -77.050960465752837, 38.912147648894916 ], [ -77.050703841509062, 38.912395648640313 ], [ -77.050364576763741, 38.912181355485245 ], [ -77.050652035163239, 38.911931258520838 ] ] ], [ [ [ -77.012251568355168, 38.912262879927994 ], [ -77.012849809970703, 38.91251079243915 ], [ -77.012859243858998, 38.912530146748907 ], [ -77.012238131584468, 38.912539361202619 ], [ -77.012251568355168, 38.912262879927994 ] ] ], [ [ [ -77.013725460061892, 38.912702651106542 ], [ -77.013896717959142, 38.912702631321451 ], [ -77.013896727851659, 38.912752054463795 ], [ -77.013884173315887, 38.912770162313166 ], [ -77.013725460061892, 38.912702651106542 ] ] ], [ [ [ -77.044980527229484, 38.912693154265696 ], [ -77.045001156777914, 38.912693147071138 ], [ -77.045075178176887, 38.912821030666066 ], [ -77.044980615363045, 38.912832226326259 ], [ -77.044980527229484, 38.912693154265696 ] ] ], [ [ [ -77.027186629359392, 38.913322141903393 ], [ -77.027230549550211, 38.913322131111499 ], [ -77.027262914351979, 38.913333555199472 ], [ -77.027186654540458, 38.91338819440972 ], [ -77.027186629359392, 38.913322141903393 ] ] ], [ [ [ -77.046731418220361, 38.913681489409271 ], [ -77.046784168854288, 38.91368146782554 ], [ -77.046806344337256, 38.913684638835093 ], [ -77.046788868711303, 38.913714625829357 ], [ -77.046731418220361, 38.913681489409271 ] ] ], [ [ [ -77.027211468634334, 38.913535415227273 ], [ -77.027479917164385, 38.91332447564406 ], [ -77.027175492155209, 38.913760521830682 ], [ -77.027211468634334, 38.913535415227273 ] ] ], [ [ [ -77.05268151813749, 38.914031737574703 ], [ -77.052681349964303, 38.913805214539082 ], [ -77.052984818094842, 38.914031599978387 ], [ -77.05268151813749, 38.914031737574703 ] ] ], [ [ [ -77.026869509520225, 38.914501489452221 ], [ -77.026912442255366, 38.914618032596195 ], [ -77.026638113058425, 38.914801843230521 ], [ -77.0267053679583, 38.914680173950899 ], [ -77.026869509520225, 38.914501489452221 ] ] ], [ [ [ -77.043288281928653, 38.892223946877721 ], [ -77.032083008024358, 38.891976011883514 ], [ -77.032137573490161, 38.887722510885226 ], [ -77.033495567766181, 38.887913809274949 ], [ -77.033494988602797, 38.884738786965499 ], [ -77.03142120952117, 38.88345380594842 ], [ -77.032538737672553, 38.882275569961621 ], [ -77.031651398193446, 38.880708893400765 ], [ -77.026229772286115, 38.87664168516568 ], [ -77.02374194623377, 38.873380545575742 ], [ -77.022140510875829, 38.868684236388447 ], [ -77.021962976610041, 38.856827297541827 ], [ -77.022625485577635, 38.856945271507129 ], [ -77.028705633757966, 38.868221937192686 ], [ -77.03110653763656, 38.871826937962851 ], [ -77.035488407863681, 38.876235302217481 ], [ -77.040330162606892, 38.879368741674114 ], [ -77.040090672246663, 38.879997476602341 ], [ -77.041539079864606, 38.879963199841825 ], [ -77.044499333277543, 38.881916367246617 ], [ -77.052536690415877, 38.888335128163703 ], [ -77.05842187636847, 38.886198620469997 ], [ -77.052628396083549, 38.88848238315552 ], [ -77.052685720669444, 38.889992075973566 ], [ -77.055439880945698, 38.891880307829979 ], [ -77.05669092154875, 38.89506937575112 ], [ -77.056673193213271, 38.898631581382404 ], [ -77.057238789438543, 38.899573184155201 ], [ -77.058966820562262, 38.900711566685516 ], [ -77.058115630232123, 38.902174361657501 ], [ -77.058985797156765, 38.902467096379439 ], [ -77.058074089647505, 38.902460813715606 ], [ -77.05703134192288, 38.903467870945519 ], [ -77.057972396109164, 38.904069832157063 ], [ -77.057104843513685, 38.90409024586819 ], [ -77.057043940525375, 38.904831106470454 ], [ -77.056581443478819, 38.904665974755005 ], [ -77.056138565142646, 38.905165232489537 ], [ -77.055718186045397, 38.907395063731258 ], [ -77.055121546122393, 38.907377123155754 ], [ -77.053823257837053, 38.909286402745352 ], [ -77.050611883131864, 38.909538074422642 ], [ -77.051254463122916, 38.909747042691947 ], [ -77.051705595436829, 38.910775875206525 ], [ -77.053465021893203, 38.91139949928754 ], [ -77.053548553622818, 38.912092022229103 ], [ -77.054376726704561, 38.912208824377785 ], [ -77.056975033570893, 38.91417297340405 ], [ -77.056451684797366, 38.915067386051078 ], [ -77.052342053742734, 38.912885882577484 ], [ -77.0494031727182, 38.909738953290116 ], [ -77.049422110641842, 38.908412158294539 ], [ -77.050144781556412, 38.907675859053711 ], [ -77.05306273086029, 38.908071052637013 ], [ -77.05306222993795, 38.907398344458102 ], [ -77.054617832247118, 38.905708801619937 ], [ -77.054845025277643, 38.904348475401889 ], [ -77.055604176291638, 38.904563128285815 ], [ -77.05563862572194, 38.903870806792327 ], [ -77.056862886313127, 38.902379493418948 ], [ -77.05690013353427, 38.900584065302439 ], [ -77.055678936933361, 38.897484919693341 ], [ -77.056283718418854, 38.897991461936499 ], [ -77.056191787920625, 38.894273530599037 ], [ -77.055612992345687, 38.893462703640921 ], [ -77.054629132228627, 38.894535206334751 ], [ -77.055539994375181, 38.89321144385309 ], [ -77.055298365427177, 38.892846401840018 ], [ -77.052711774928412, 38.891555251473733 ], [ -77.052294182830224, 38.891704587496747 ], [ -77.052522718548573, 38.892338715659264 ], [ -77.050248537240179, 38.891976956171618 ], [ -77.049924538486607, 38.893432821867293 ], [ -77.049923935940853, 38.892571155334622 ], [ -77.049019472470661, 38.892571538445793 ], [ -77.049019265626555, 38.892221683284106 ], [ -77.043288281928653, 38.892223946877721 ] ], [ [ -77.058219371526718, 38.900694631552085 ], [ -77.058292952257887, 38.900764661759808 ], [ -77.058472273476582, 38.90064961418841 ], [ -77.058398691846094, 38.900579583980686 ], [ -77.058219371526718, 38.900694631552085 ] ], [ [ -77.036287374562676, 38.87831629026465 ], [ -77.036758783890718, 38.877927307399375 ], [ -77.03676827353695, 38.877490918571084 ], [ -77.03549427054412, 38.878515496393106 ], [ -77.036287374562676, 38.87831629026465 ] ] ], [ [ [ -77.026058830050943, 38.915184326695396 ], [ -77.026225038254893, 38.915218514422975 ], [ -77.026058946063472, 38.915503245178684 ], [ -77.026058830050943, 38.915184326695396 ] ] ], [ [ [ -77.020821239608495, 38.915662681487618 ], [ -77.020836453439529, 38.915662678789658 ], [ -77.020821551673237, 38.91572229754604 ], [ -77.020785401624948, 38.915690348231067 ], [ -77.020821239608495, 38.915662681487618 ] ] ], [ [ [ -77.043510963060442, 38.915643416210742 ], [ -77.043723812803705, 38.915643341567034 ], [ -77.043733986834013, 38.915651854549481 ], [ -77.043520856502312, 38.915764744647277 ], [ -77.043510963060442, 38.915643416210742 ] ] ], [ [ [ -76.943071844090298, 38.916588275428637 ], [ -76.93929730492664, 38.916475329572847 ], [ -76.935396732972833, 38.913418266839585 ], [ -76.937451946450153, 38.913466159335826 ], [ -76.940708409565389, 38.912141083844006 ], [ -76.94198909901769, 38.910514936914865 ], [ -76.942167359935695, 38.909046291852917 ], [ -76.943154891085328, 38.907125119628631 ], [ -76.94646127826536, 38.906729488075484 ], [ -76.946462496846721, 38.905106035515189 ], [ -76.945195997797043, 38.90365362681348 ], [ -76.944590678516988, 38.903653341728386 ], [ -76.945022074309236, 38.90176026612346 ], [ -76.948915561404021, 38.905642400176703 ], [ -76.949777171279379, 38.907192995960031 ], [ -76.95186543664056, 38.907599322250974 ], [ -76.952933313221763, 38.906801983324897 ], [ -76.952972607299955, 38.905607778975877 ], [ -76.949900543874946, 38.90270825857931 ], [ -76.951055448749912, 38.901792769420808 ], [ -76.951821828514539, 38.902440533104198 ], [ -76.954231572728872, 38.900334787620409 ], [ -76.955783838553259, 38.900335385669564 ], [ -76.955782987794635, 38.901708261926785 ], [ -76.95789131972856, 38.901709040739718 ], [ -76.957891914180436, 38.900701348588427 ], [ -76.960176464672088, 38.899917588525966 ], [ -76.960497992088619, 38.897349050118635 ], [ -76.961167556237683, 38.897150214510816 ], [ -76.961971560039444, 38.89916088096993 ], [ -76.960459575748757, 38.901272725655815 ], [ -76.958763751146137, 38.901325493376874 ], [ -76.958811852285123, 38.901870684884273 ], [ -76.959428679290056, 38.902166769580788 ], [ -76.957627422667372, 38.904956605063319 ], [ -76.957626510754835, 38.905650127151716 ], [ -76.956966028859085, 38.90570236517209 ], [ -76.957301561417864, 38.906185736382668 ], [ -76.956332160600709, 38.90798936092034 ], [ -76.953833790896681, 38.911089061411133 ], [ -76.953364438318147, 38.914093321349753 ], [ -76.951101690990185, 38.914564701899508 ], [ -76.950791898827049, 38.912041191647745 ], [ -76.948497429712575, 38.910446333031871 ], [ -76.948124049185481, 38.910904619452651 ], [ -76.949285811391064, 38.911869375271522 ], [ -76.946719041950189, 38.912257470505892 ], [ -76.945108262636154, 38.911949459000368 ], [ -76.946276508054382, 38.912828372731269 ], [ -76.945871551430912, 38.913400025890553 ], [ -76.944676768817772, 38.913588670380875 ], [ -76.945167384067474, 38.914236846853044 ], [ -76.944682733121624, 38.914620310578925 ], [ -76.947389873243992, 38.913856547841476 ], [ -76.949210623571389, 38.913893563037561 ], [ -76.949780527549251, 38.913395206423672 ], [ -76.950282943702859, 38.913736036888622 ], [ -76.949672916471854, 38.914015324048023 ], [ -76.950736669661524, 38.914030760011599 ], [ -76.950867091143323, 38.914569787565711 ], [ -76.946020243539351, 38.914830990258054 ], [ -76.94415786988975, 38.916298846614552 ], [ -76.943071844090298, 38.916588275428637 ] ] ], [ [ [ -77.036655283614436, 38.916464034087937 ], [ -77.036865153903705, 38.916495442011069 ], [ -77.036655418512737, 38.916726624434204 ], [ -77.036655283614436, 38.916464034087937 ] ] ], [ [ [ -77.046377958575874, 38.916424139262688 ], [ -77.046428036424686, 38.916435937468577 ], [ -77.046622678493804, 38.916759879564836 ], [ -77.046349002204636, 38.916760242890973 ], [ -77.046377958575874, 38.916424139262688 ] ] ], [ [ [ -77.025618591224941, 38.916853530466085 ], [ -77.025798756007759, 38.916644188078862 ], [ -77.026080994742074, 38.916160737727921 ], [ -77.026081261840716, 38.916892286749714 ], [ -77.025618591224941, 38.916853530466085 ] ] ], [ [ [ -76.944907303729053, 38.916470599138904 ], [ -76.947115635777948, 38.915319587429053 ], [ -76.951254019956991, 38.91533880594119 ], [ -76.953799339667739, 38.914655822108557 ], [ -76.954961086584831, 38.911024817441444 ], [ -76.957818446763895, 38.907507187606654 ], [ -76.959195376265541, 38.90804785552416 ], [ -76.961546285932286, 38.907509694017222 ], [ -76.963223410032299, 38.905750565236474 ], [ -76.963697699888883, 38.904409688656244 ], [ -76.965315974152873, 38.90338353252406 ], [ -76.966299182261423, 38.900614557715699 ], [ -76.96615523407678, 38.897791538149022 ], [ -76.96571736046775, 38.897546633870093 ], [ -76.970240098701538, 38.897987188358115 ], [ -76.970120196589789, 38.900093314255116 ], [ -76.968792547238252, 38.900096996978903 ], [ -76.968801915475979, 38.901889861128268 ], [ -76.970131860796698, 38.901914009723839 ], [ -76.970151342810198, 38.903497506304916 ], [ -76.971630813910906, 38.903564724332625 ], [ -76.972324112967385, 38.904513391280034 ], [ -76.969923404241683, 38.9054731108954 ], [ -76.965155866050338, 38.905631494997522 ], [ -76.964079424325917, 38.906545356383162 ], [ -76.963451587820487, 38.90858167780226 ], [ -76.962087742555241, 38.909577055536715 ], [ -76.958596381917459, 38.908687770824031 ], [ -76.95769561466085, 38.908849497706228 ], [ -76.954622844368714, 38.912326530345126 ], [ -76.953136266825197, 38.917051084539992 ], [ -76.952098019308096, 38.91634377224733 ], [ -76.949257113125213, 38.917216595769332 ], [ -76.944308936208415, 38.916967447589684 ], [ -76.944907303729053, 38.916470599138904 ] ], [ [ -76.958759959604436, 38.908653565110001 ], [ -76.958447319288325, 38.908481872840184 ], [ -76.958630290855183, 38.908584829925985 ], [ -76.958759959604436, 38.908653565110001 ] ] ], [ [ [ -77.036203547855393, 38.917557883089898 ], [ -77.036367995186765, 38.917383252734965 ], [ -77.036368097709499, 38.917583498479701 ], [ -77.036203547855393, 38.917557883089898 ] ] ], [ [ [ -77.039095796333868, 38.918210320549917 ], [ -77.039315781298228, 38.918210246805472 ], [ -77.039111611811393, 38.918273820780257 ], [ -77.039095796333868, 38.918210320549917 ] ] ], [ [ [ -76.944047477209267, 38.917212002931649 ], [ -76.944093109709229, 38.917185985544847 ], [ -76.948848197686118, 38.917420433406335 ], [ -76.947376935597049, 38.917764537403514 ], [ -76.947187097706376, 38.918464236935051 ], [ -76.94325295585918, 38.917900787391488 ], [ -76.944047477209267, 38.917212002931649 ] ] ], [ [ [ -77.048491426538078, 38.918536585595007 ], [ -77.04846150069767, 38.918624676887362 ], [ -77.04848984732854, 38.918708708640054 ], [ -77.048263119247508, 38.918629421710477 ], [ -77.048491426538078, 38.918536585595007 ] ] ], [ [ [ -77.047480982461309, 38.918638495869914 ], [ -77.047590014467573, 38.918555188071537 ], [ -77.047717034713344, 38.918649002649431 ], [ -77.047524756062614, 38.918725209400918 ], [ -77.047480982461309, 38.918638495869914 ] ] ], [ [ [ -77.048648359134404, 38.918496627817149 ], [ -77.048818490181134, 38.918612038714684 ], [ -77.048677290324633, 38.918753380664043 ], [ -77.048489934562781, 38.918639155072981 ], [ -77.048648359134404, 38.918496627817149 ] ] ], [ [ [ -77.034676610537133, 38.918630883108847 ], [ -77.034772174296393, 38.918630854330502 ], [ -77.034834161867025, 38.918665340633027 ], [ -77.034736558445388, 38.918761846881807 ], [ -77.034676610537133, 38.918630883108847 ] ] ], [ [ [ -77.047949292725662, 38.918740773967613 ], [ -77.048165533812323, 38.91879334203918 ], [ -77.04798391392643, 38.919081539681372 ], [ -77.047912961913596, 38.918743916198821 ], [ -77.047949292725662, 38.918740773967613 ] ] ], [ [ [ -77.025844343541564, 38.920247124005641 ], [ -77.025895413342596, 38.920247112314428 ], [ -77.02589544661754, 38.920338958276375 ], [ -77.025824439746032, 38.920257707227449 ], [ -77.025844343541564, 38.920247124005641 ] ] ], [ [ [ -76.942519358181812, 38.918598284483267 ], [ -76.942964873330197, 38.918182910113273 ], [ -76.947125666816021, 38.918727321009101 ], [ -76.944308901134832, 38.918588476477055 ], [ -76.946163548708739, 38.921854062315163 ], [ -76.942247881634387, 38.918851147762325 ], [ -76.942519358181812, 38.918598284483267 ] ] ], [ [ [ -77.034816132258641, 38.91931853802015 ], [ -77.036372007961745, 38.919318064077459 ], [ -77.036400324915007, 38.923211560165441 ], [ -77.035419557566513, 38.923261137991176 ], [ -77.034816132258641, 38.91931853802015 ] ] ], [ [ [ -77.048443962119109, 38.924128288589714 ], [ -77.047203832091157, 38.924192913871934 ], [ -77.047741427025187, 38.923175500049354 ], [ -77.047205112725749, 38.92245404951484 ], [ -77.048195795099844, 38.921695783433734 ], [ -77.04819389213435, 38.920589155964819 ], [ -77.049045399925205, 38.919533583008501 ], [ -77.054384683905994, 38.918706895606817 ], [ -77.051973612292329, 38.923399121872023 ], [ -77.051144709860409, 38.922621601305934 ], [ -77.050537991235274, 38.923308865012189 ], [ -77.049844420583497, 38.923260334896611 ], [ -77.050481405892128, 38.922058587034201 ], [ -77.049626675830382, 38.923090521310542 ], [ -77.049682358254188, 38.924491397959684 ], [ -77.048656800171159, 38.924683424800264 ], [ -77.048443962119109, 38.924128288589714 ] ] ], [ [ [ -76.928735694696513, 38.924556064610726 ], [ -76.930981396274376, 38.921760622754562 ], [ -76.937123469072787, 38.917487348362499 ], [ -76.937302948572153, 38.916866041834396 ], [ -76.942984994761673, 38.917023900732488 ], [ -76.934418746328049, 38.922551699701216 ], [ -76.93355741524249, 38.924536215673868 ], [ -76.931009326519188, 38.924553184981562 ], [ -76.929936982106028, 38.925861801980602 ], [ -76.928735694696513, 38.924556064610726 ] ] ], [ [ [ -77.036879386574412, 38.926392053050847 ], [ -77.037331961400866, 38.926840247279642 ], [ -77.037340989694883, 38.926917427996955 ], [ -77.036805197002195, 38.927014224726747 ], [ -77.036879386574412, 38.926392053050847 ] ] ], [ [ [ -77.042664316105288, 38.927032979188709 ], [ -77.042996504984671, 38.926997662811914 ], [ -77.043149630750804, 38.92685948377823 ], [ -77.042663240516106, 38.927352484029939 ], [ -77.042664316105288, 38.927032979188709 ] ] ], [ [ [ -77.04301188698895, 38.92726406448503 ], [ -77.043529475604771, 38.927116845466117 ], [ -77.0435127230337, 38.927702845509941 ], [ -77.042840837734445, 38.927410034345655 ], [ -77.04301188698895, 38.92726406448503 ] ] ], [ [ [ -77.036614381548418, 38.927987900021606 ], [ -77.036613977752836, 38.92720360666118 ], [ -77.036912595839567, 38.927947801050209 ], [ -77.036614381548418, 38.927987900021606 ] ] ], [ [ [ -77.036191105734929, 38.928491741600624 ], [ -77.036331713837512, 38.928491697533843 ], [ -77.036331764199531, 38.928590544717906 ], [ -77.036231580622882, 38.928590575294891 ], [ -77.036191105734929, 38.928491741600624 ] ] ], [ [ [ -77.036609337251093, 38.930445077178604 ], [ -77.036609109722576, 38.930000898422804 ], [ -77.036868498482363, 38.930395509245386 ], [ -77.036609337251093, 38.930445077178604 ] ] ], [ [ [ -77.036908083041567, 38.930546097124761 ], [ -77.036961357080941, 38.93041644546264 ], [ -77.037014780407731, 38.930576607524472 ], [ -77.036908083041567, 38.930546097124761 ] ] ], [ [ [ -77.000690341885729, 38.931238690213434 ], [ -77.00069331504443, 38.930992787687046 ], [ -77.000834906105979, 38.931177807909535 ], [ -77.000690341885729, 38.931238690213434 ] ] ], [ [ [ -76.957958044028487, 38.930757871278786 ], [ -76.958395592982185, 38.930467235574497 ], [ -76.95887727796395, 38.931449106391199 ], [ -76.958570865453055, 38.931218695586381 ], [ -76.957958044028487, 38.930757871278786 ] ] ], [ [ [ -77.036036633683636, 38.931455182210925 ], [ -77.036320576633273, 38.930994473016597 ], [ -77.03632586374755, 38.931566297946347 ], [ -77.036036633683636, 38.931455182210925 ] ] ], [ [ [ -76.971989566964908, 38.931232599105215 ], [ -76.972071262278916, 38.931229062071623 ], [ -76.972071095004992, 38.931655473821138 ], [ -76.971745545820227, 38.9313467338647 ], [ -76.971989566964908, 38.931232599105215 ] ] ], [ [ [ -77.047516440930963, 38.933010328563853 ], [ -77.047491772527223, 38.932723496092535 ], [ -77.047750986818528, 38.932726227333603 ], [ -77.047532541493581, 38.933197537736248 ], [ -77.047516440930963, 38.933010328563853 ] ] ], [ [ [ -76.959377963821908, 38.931904138165521 ], [ -76.959874100009642, 38.931545526305058 ], [ -76.962025271149287, 38.933178296741062 ], [ -76.961430391199542, 38.933513942614411 ], [ -76.959377963821908, 38.931904138165521 ] ] ], [ [ [ -76.961865111785414, 38.933428084338686 ], [ -76.962193189863797, 38.933254500794646 ], [ -76.962475625549644, 38.933514001969684 ], [ -76.961850108395765, 38.933849640648475 ], [ -76.961537031009129, 38.933601668782046 ], [ -76.961865111785414, 38.933428084338686 ] ] ], [ [ [ -77.046980779539297, 38.93367174395587 ], [ -77.047314288623511, 38.93366842545754 ], [ -77.047130986106083, 38.934063902327296 ], [ -77.046980779539297, 38.93367174395587 ] ] ], [ [ [ -76.962201006771011, 38.934147169656228 ], [ -76.962696958597746, 38.934143388006987 ], [ -76.962704326743221, 38.934524835452862 ], [ -76.962201006771011, 38.934147169656228 ] ] ], [ [ [ -76.963162041195233, 38.934589726934405 ], [ -76.963353076083536, 38.934578246189176 ], [ -76.9637266598574, 38.934936865244197 ], [ -76.963383453383642, 38.935081734334631 ], [ -76.962864659676256, 38.934639319149312 ], [ -76.963162041195233, 38.934589726934405 ] ] ], [ [ [ -77.045393851145263, 38.935120212727668 ], [ -77.045465963283561, 38.935248592748394 ], [ -77.045354571456244, 38.935292128928666 ], [ -77.045319765894419, 38.935248600842328 ], [ -77.045393851145263, 38.935120212727668 ] ] ], [ [ [ -76.917072253981303, 38.935010812898724 ], [ -76.916150377837653, 38.934505735651214 ], [ -76.916342989237535, 38.933932576127518 ], [ -76.921650836516847, 38.93182529010511 ], [ -76.922432958014554, 38.930091389106394 ], [ -76.923947275146588, 38.930131196697403 ], [ -76.924969421201808, 38.929081768808658 ], [ -76.925841210503449, 38.929150735118355 ], [ -76.928662655357243, 38.924780053356812 ], [ -76.930807738985948, 38.927127343252323 ], [ -76.929762322972806, 38.92624381060341 ], [ -76.928880544001856, 38.92707354400892 ], [ -76.926837571196927, 38.930359749502884 ], [ -76.92569933615539, 38.931189584531751 ], [ -76.925728919354128, 38.932500216911535 ], [ -76.924542575979046, 38.932304018115985 ], [ -76.924241983880393, 38.933197225671506 ], [ -76.922670095748288, 38.933056637353957 ], [ -76.920184761717337, 38.934162938368956 ], [ -76.919566212510688, 38.933901645744413 ], [ -76.917595503829375, 38.935297485290789 ], [ -76.917072253981303, 38.935010812898724 ] ] ], [ [ [ -76.964024267106197, 38.935154281744758 ], [ -76.964360196266, 38.935146642903305 ], [ -76.964359861718208, 38.93581424383234 ], [ -76.963909849060258, 38.935470804434146 ], [ -76.964024267106197, 38.935154281744758 ] ] ], [ [ [ -76.986651347381724, 38.934829892685457 ], [ -76.988742450103928, 38.934725865406392 ], [ -76.988560565817409, 38.936055001337309 ], [ -76.986502810855995, 38.936063470252975 ], [ -76.986651347381724, 38.934829892685457 ] ] ], [ [ [ -76.964512714090461, 38.935760803418418 ], [ -76.965206916066279, 38.935760729673973 ], [ -76.965222190151906, 38.936218608701893 ], [ -76.964642316289826, 38.936073599317183 ], [ -76.964512714090461, 38.935760803418418 ] ] ], [ [ [ -76.965420673225424, 38.936466538300181 ], [ -76.965420418717315, 38.936245270902589 ], [ -76.965931519623894, 38.936249080430741 ], [ -76.965908708320171, 38.9364665391995 ], [ -76.965420673225424, 38.936466538300181 ] ] ], [ [ [ -76.966000316861084, 38.93710362253421 ], [ -76.966313291724987, 38.936870904068996 ], [ -76.966443017131496, 38.936947231329725 ], [ -76.966114898583669, 38.93718754636825 ], [ -76.966000316861084, 38.93710362253421 ] ] ], [ [ [ -76.966236672184607, 38.937305674117624 ], [ -76.966572370218671, 38.93704255946659 ], [ -76.966931235687923, 38.937336275348855 ], [ -76.96650402893772, 38.9375040744535 ], [ -76.966236672184607, 38.937305674117624 ] ] ], [ [ [ -76.915296235932487, 38.939324866149718 ], [ -76.913007292252701, 38.938760229501042 ], [ -76.913929150409899, 38.938686982418346 ], [ -76.912099382580379, 38.938637311962452 ], [ -76.912345216758297, 38.937412299538039 ], [ -76.914799859625759, 38.936777317918938 ], [ -76.916259214690967, 38.934705055993618 ], [ -76.918324757781306, 38.935817435526303 ], [ -76.917893215399545, 38.935656053084415 ], [ -76.91637718775695, 38.938111480160728 ], [ -76.916717430065319, 38.93822273349241 ], [ -76.916124191378287, 38.939354059941991 ], [ -76.915296235932487, 38.939324866149718 ] ] ], [ [ [ -77.039941364102617, 38.938416539191962 ], [ -77.037841281649776, 38.93962986402704 ], [ -77.037656381037095, 38.938941465376388 ], [ -77.036726813891335, 38.938941761253318 ], [ -77.036725749993309, 38.936877821654207 ], [ -77.039029985745231, 38.936408464579017 ], [ -77.03903102536151, 38.935508077735676 ], [ -77.04535597529798, 38.935465895035065 ], [ -77.045668174946286, 38.935295330515146 ], [ -77.045725638927081, 38.933732183793325 ], [ -77.046477009906027, 38.934459488015023 ], [ -77.0470755204189, 38.934183568816707 ], [ -77.045353632564058, 38.937483195792879 ], [ -77.041555828838398, 38.938039774516028 ], [ -77.041505975820087, 38.939698319521881 ], [ -77.039941364102617, 38.938416539191962 ] ] ], [ [ [ -77.034447447091964, 38.940698666910009 ], [ -77.03413415746536, 38.937881519916289 ], [ -77.036166172031187, 38.937870155183589 ], [ -77.03616461170742, 38.939021762244579 ], [ -77.034447447091964, 38.940698666910009 ] ] ], [ [ [ -77.01879442492276, 38.942171320250281 ], [ -77.019121366257991, 38.942171267190304 ], [ -77.019121458888151, 38.942514484455955 ], [ -77.018991082372509, 38.942534079784025 ], [ -77.01879442492276, 38.942171320250281 ] ] ], [ [ [ -76.967320262619978, 38.937889410567891 ], [ -76.97075353694612, 38.937862732179383 ], [ -76.972118994695791, 38.938575988091429 ], [ -76.972111334270608, 38.939724262264917 ], [ -76.972660668055369, 38.939735653078003 ], [ -76.97262258266602, 38.941288308308856 ], [ -76.973698570232784, 38.941292073770228 ], [ -76.974003654445085, 38.942909552134154 ], [ -76.973690674185207, 38.943149890555048 ], [ -76.967320262619978, 38.937889410567891 ] ] ], [ [ [ -77.019229145508632, 38.942698614349638 ], [ -77.019810067080869, 38.943106921847004 ], [ -77.019327306509922, 38.943572689727887 ], [ -77.018687727556539, 38.94316839680414 ], [ -77.019229145508632, 38.942698614349638 ] ] ], [ [ [ -77.019380890815398, 38.943775095644185 ], [ -77.019495016581686, 38.943750129564876 ], [ -77.019732502353065, 38.944129033727961 ], [ -77.019400770329241, 38.944129089485955 ], [ -77.019380890815398, 38.943775095644185 ] ] ], [ [ [ -76.973835909299737, 38.943252815265282 ], [ -76.974003587895254, 38.943092674787181 ], [ -76.977924944080883, 38.946194020137966 ], [ -76.977673301181881, 38.946258860358171 ], [ -76.973835909299737, 38.943252815265282 ] ] ], [ [ [ -77.021411926918859, 38.946356035702536 ], [ -77.021746167151832, 38.946355973649304 ], [ -77.021759682163577, 38.946719861832207 ], [ -77.021640426664305, 38.94673333727377 ], [ -77.021411926918859, 38.946356035702536 ] ] ], [ [ [ -77.021934445618115, 38.946714337296896 ], [ -77.021934334102184, 38.946350335799423 ], [ -77.02247795179602, 38.946327268188952 ], [ -77.022171138187446, 38.94674529465965 ], [ -77.021934445618115, 38.946714337296896 ] ] ], [ [ [ -76.978016475280072, 38.946300869489562 ], [ -76.978085330973215, 38.946296941250864 ], [ -76.97876434070173, 38.946811946114451 ], [ -76.978482018330453, 38.946998956536675 ], [ -76.978016475280072, 38.946300869489562 ] ] ], [ [ [ -77.021858422328307, 38.946876664026888 ], [ -77.022475702591578, 38.947310476297503 ], [ -77.021962757175459, 38.947805366024852 ], [ -77.021284971424279, 38.947392051102327 ], [ -77.021858422328307, 38.946876664026888 ] ] ], [ [ [ -77.022012273847338, 38.947976149080091 ], [ -77.022128561583827, 38.947955692201504 ], [ -77.022362826882897, 38.948330936123853 ], [ -77.022028421174639, 38.948339986001599 ], [ -77.022012273847338, 38.947976149080091 ] ] ], [ [ [ -77.021288901461617, 38.948360026494072 ], [ -77.021602584991285, 38.947945117073573 ], [ -77.021832829421498, 38.947982576534741 ], [ -77.021832940937429, 38.948346584327453 ], [ -77.021288901461617, 38.948360026494072 ] ] ], [ [ [ -77.004383408767239, 38.946031223961882 ], [ -77.004988326050352, 38.945974512713633 ], [ -77.005839319429015, 38.946846817326787 ], [ -77.006117813386368, 38.949489027296806 ], [ -77.007642292857497, 38.952360128217379 ], [ -77.003728322803795, 38.951149718085048 ], [ -77.003903705891275, 38.949684376233051 ], [ -77.0028026218435, 38.947895631877941 ], [ -77.003556705177743, 38.946472146272583 ], [ -77.004383408767239, 38.946031223961882 ] ] ], [ [ [ -76.985084201374775, 38.952307127571942 ], [ -76.984751772376342, 38.952047304439589 ], [ -76.985654382343853, 38.952558603197019 ], [ -76.985416631272471, 38.952566948905599 ], [ -76.985084201374775, 38.952307127571942 ] ] ], [ [ [ -77.001293768992184, 38.950874630759643 ], [ -77.001408407372082, 38.950588476377163 ], [ -77.002102105727545, 38.952165647126947 ], [ -76.99709858992793, 38.952593149754136 ], [ -76.996392345130573, 38.952061484050319 ], [ -76.999185970356223, 38.951828695437996 ], [ -77.001293768992184, 38.950874630759643 ] ] ], [ [ [ -76.978424703637131, 38.947143091780333 ], [ -76.97881011619387, 38.946834898611712 ], [ -76.9836395160508, 38.950512178794042 ], [ -76.989056253243461, 38.952511098308605 ], [ -76.988369713491466, 38.953167229284247 ], [ -76.98573764517613, 38.952553108339316 ], [ -76.978424703637131, 38.947143091780333 ] ] ], [ [ [ -76.989094438457528, 38.952709565194311 ], [ -76.995835539778284, 38.952102099232548 ], [ -76.996464340356965, 38.952588897759483 ], [ -76.991650434020301, 38.953545282688708 ], [ -76.988560421026591, 38.953235935689918 ], [ -76.989094438457528, 38.952709565194311 ] ] ], [ [ [ -77.005162363752049, 38.954631013510493 ], [ -77.004097044842695, 38.952944441133127 ], [ -77.002438439582306, 38.952087633637461 ], [ -77.002064128256848, 38.951120129490448 ], [ -77.003495228422025, 38.951141260860538 ], [ -77.006753265350881, 38.952389812140154 ], [ -77.006778943693234, 38.953615868677446 ], [ -77.005871454004364, 38.953614865933389 ], [ -77.005996277206407, 38.955296153894437 ], [ -77.005198726040362, 38.955478947395534 ], [ -77.005162363752049, 38.954631013510493 ] ] ], [ [ [ -77.040104552383127, 38.949526932821755 ], [ -77.040247327851887, 38.949405382252621 ], [ -77.037610737745297, 38.956881402354895 ], [ -77.036684651875134, 38.956498889212412 ], [ -77.036674474247548, 38.952446927183985 ], [ -77.040104552383127, 38.949526932821755 ] ] ], [ [ [ -77.01821611408235, 38.958636075894219 ], [ -77.01898683757247, 38.95822860926296 ], [ -77.019762480354132, 38.958643164350633 ], [ -77.018989297218241, 38.958639622820385 ], [ -77.01821611408235, 38.958636075894219 ] ] ], [ [ [ -77.017209720552103, 38.958419201684876 ], [ -77.017938198389118, 38.958419091967585 ], [ -77.01793825954303, 38.958660995208788 ], [ -77.017209779008056, 38.958661162482713 ], [ -77.017209720552103, 38.958419201684876 ] ] ], [ [ [ -77.016301464640833, 38.958419108155397 ], [ -77.017031887711425, 38.958419003834024 ], [ -77.017031945268002, 38.958660440327094 ], [ -77.016301519499507, 38.95866168678748 ], [ -77.016301464640833, 38.958419108155397 ] ] ], [ [ [ -77.020013463150747, 38.958731903154842 ], [ -77.02001340649349, 38.958530258065025 ], [ -77.02062983419944, 38.95873179613551 ], [ -77.020013463150747, 38.958731903154842 ] ] ], [ [ [ -77.021111229599512, 38.958618791823824 ], [ -77.022321906830484, 38.958607335360284 ], [ -77.022322039930145, 38.959029875528358 ], [ -77.021111229599512, 38.958618791823824 ] ] ], [ [ [ -77.020500469421108, 38.958848544324894 ], [ -77.021045693304075, 38.958848447198136 ], [ -77.021055173957052, 38.959120007382467 ], [ -77.020497075379694, 38.959114421693243 ], [ -77.020500469421108, 38.958848544324894 ] ] ], [ [ [ -77.021267592025708, 38.959152569135824 ], [ -77.021257203956736, 38.958852077761208 ], [ -77.022352553027872, 38.959490412052901 ], [ -77.021629245393342, 38.959265185839683 ], [ -77.021267592025708, 38.959152569135824 ] ] ], [ [ [ -77.023206279446185, 38.959306792974189 ], [ -77.02411855352841, 38.959306608613133 ], [ -77.024127364186484, 38.95958674023592 ], [ -77.023206279446185, 38.959306792974189 ] ] ], [ [ [ -77.024310278196765, 38.96009488686957 ], [ -77.024310201754361, 38.959870671494343 ], [ -77.024995589474827, 38.960094742078752 ], [ -77.024310278196765, 38.96009488686957 ] ] ], [ [ [ -77.023342806425319, 38.959820051354313 ], [ -77.02255475299944, 38.959772945764882 ], [ -77.022559316159459, 38.959339913206463 ], [ -77.024105951328579, 38.960095576649621 ], [ -77.023342806425319, 38.959820051354313 ] ] ], [ [ [ -77.005077631427525, 38.958695522880134 ], [ -77.00405986866798, 38.956079859997601 ], [ -77.005640894811393, 38.955725722264333 ], [ -77.005725110925084, 38.958103243769756 ], [ -77.006724447475221, 38.959599077135749 ], [ -77.006155932949923, 38.960402241870042 ], [ -77.005077631427525, 38.958695522880134 ] ] ], [ [ [ -77.006565191930008, 38.960499669923877 ], [ -77.007127591964775, 38.959904298944309 ], [ -77.007715511161848, 38.960309876999304 ], [ -77.008875893807442, 38.960038957132213 ], [ -77.009347201512128, 38.961026128553044 ], [ -77.006715499220888, 38.961088528013192 ], [ -77.006565191930008, 38.960499669923877 ] ] ], [ [ [ -77.013380753518902, 38.959134593486738 ], [ -77.015997679948953, 38.9588896145641 ], [ -77.015979398530362, 38.961205237531715 ], [ -77.01184777905172, 38.961209398694848 ], [ -77.013380753518902, 38.959134593486738 ] ] ], [ [ [ -77.023760707890347, 38.960256775629716 ], [ -77.024060974434406, 38.960256714475861 ], [ -77.02406511940967, 38.961204902084603 ], [ -77.023776325516963, 38.96120943916435 ], [ -77.023760707890347, 38.960256775629716 ] ] ], [ [ [ -77.011532706968808, 38.960291990383098 ], [ -77.012026237820578, 38.960288270787146 ], [ -77.011344840392042, 38.961209449056867 ], [ -77.009882984312242, 38.960904991672066 ], [ -77.011532706968808, 38.960291990383098 ] ] ], [ [ [ -77.032697209908292, 38.961670916379717 ], [ -77.033253237346969, 38.961670758998366 ], [ -77.033250767808624, 38.961871811435003 ], [ -77.032335941450526, 38.961715028126093 ], [ -77.032697209908292, 38.961670916379717 ] ] ], [ [ [ -77.033631452629379, 38.961933442874169 ], [ -77.033627602631725, 38.96173126988225 ], [ -77.035012653910826, 38.962164511982678 ], [ -77.034044309797025, 38.962003644852359 ], [ -77.033631452629379, 38.961933442874169 ] ] ], [ [ [ -77.023762635137473, 38.961435380338571 ], [ -77.024046286706721, 38.961435322781995 ], [ -77.024053218681047, 38.962578383585594 ], [ -77.023706079471935, 38.961960076296521 ], [ -77.023762635137473, 38.961435380338571 ] ] ], [ [ [ -77.030557757834231, 38.962199995633341 ], [ -77.031093313105885, 38.961850551461851 ], [ -77.032179409951766, 38.96201931553901 ], [ -77.031297563531666, 38.962748741261464 ], [ -77.030557757834231, 38.962199995633341 ] ] ], [ [ [ -77.035714075644023, 38.962888943769769 ], [ -77.035220336149564, 38.96253523141587 ], [ -77.036054659694742, 38.962665987445405 ], [ -77.035714075644023, 38.962888943769769 ] ] ], [ [ [ -77.033624198697794, 38.962469644758357 ], [ -77.033635361982306, 38.962267468169159 ], [ -77.034969980180392, 38.962520895323109 ], [ -77.035898414180451, 38.963234871592078 ], [ -77.033624198697794, 38.962469644758357 ] ] ], [ [ [ -77.024688947636776, 38.963414174824379 ], [ -77.024370902395219, 38.962829429334761 ], [ -77.025828142254909, 38.962830567876438 ], [ -77.025824726629764, 38.963662075644322 ], [ -77.024688947636776, 38.963414174824379 ] ] ], [ [ [ -77.026145637111426, 38.963665717898607 ], [ -77.026140051422203, 38.963443677983378 ], [ -77.02768870466997, 38.963481998995121 ], [ -77.027675934296894, 38.963671094945141 ], [ -77.026145637111426, 38.963665717898607 ] ] ], [ [ [ -77.027988843510286, 38.963669393427836 ], [ -77.028011198857712, 38.963463978379934 ], [ -77.02950212642196, 38.963469982253912 ], [ -77.029502210058922, 38.963672206507169 ], [ -77.027988843510286, 38.963669393427836 ] ] ], [ [ [ -77.030510190892585, 38.963188139221302 ], [ -77.031205294888423, 38.963005896105301 ], [ -77.030264219118351, 38.964180941297457 ], [ -77.029894326162207, 38.963475127275331 ], [ -77.030510190892585, 38.963188139221302 ] ] ], [ [ [ -77.02877782683521, 38.963878490300146 ], [ -77.029749379730049, 38.964118933941677 ], [ -77.029652110856205, 38.96489123394332 ], [ -77.028580836636252, 38.964889769847048 ], [ -77.02877782683521, 38.963878490300146 ] ] ], [ [ [ -77.026286658002846, 38.97101123108348 ], [ -77.026344242492769, 38.970435426653694 ], [ -77.027088346050277, 38.970482159024471 ], [ -77.02703108261835, 38.971060593071968 ], [ -77.026286658002846, 38.97101123108348 ] ] ], [ [ [ -77.018515993018639, 38.978182972766035 ], [ -77.018849920287551, 38.977719337177746 ], [ -77.018987628076559, 38.977949788452008 ], [ -77.018515993018639, 38.978182972766035 ] ] ], [ [ [ -77.018842590812881, 38.978367107156316 ], [ -77.019148879217369, 38.97821286443218 ], [ -77.019888293709755, 38.979502684701174 ], [ -77.018823253590256, 38.978444917399088 ], [ -77.018842590812881, 38.978367107156316 ] ] ], [ [ [ -76.766595751192938, 39.121056236456184 ], [ -76.767398691995993, 39.121027960871743 ], [ -76.783908501875828, 39.109265800676212 ], [ -76.789965066234799, 39.104376605795778 ], [ -76.7894387748795, 39.104054581054129 ], [ -76.7898326626472, 39.103606969586053 ], [ -76.795884042414571, 39.099419544476461 ], [ -76.796004437354839, 39.098657029098661 ], [ -76.796775731914465, 39.098713021788569 ], [ -76.802833137139544, 39.094302024319006 ], [ -76.803668985035586, 39.092723013556281 ], [ -76.805793218781957, 39.092039347138211 ], [ -76.811444838208672, 39.086741800693574 ], [ -76.823919142754221, 39.076696239439968 ], [ -76.831003355220616, 39.068680948966687 ], [ -76.831089578621118, 39.066115348644473 ], [ -76.833171476782184, 39.065402044169048 ], [ -76.834368731631628, 39.063217059419799 ], [ -76.833847905456423, 39.06293034475965 ], [ -76.834320892195365, 39.062757562511536 ], [ -76.838107519146661, 39.055123437996315 ], [ -76.838557272799846, 39.055278960455723 ], [ -76.845821892866013, 39.04276168720213 ], [ -76.846447766151471, 39.042689554379479 ], [ -76.850404669839577, 39.035368410124079 ], [ -76.849940594482803, 39.033601057043199 ], [ -76.852685601459314, 39.030628223913482 ], [ -76.856930930318129, 39.021512119189026 ], [ -76.857716657197955, 39.019660246922911 ], [ -76.856950191098406, 39.019181593555743 ], [ -76.857866070562693, 39.018853571235354 ], [ -76.859964455095508, 39.012351154482246 ], [ -76.860383537370296, 39.012255285852802 ], [ -76.86289716407282, 39.005047190875189 ], [ -76.863981807614266, 39.003140892538227 ], [ -76.867983592868484, 38.999158363567688 ], [ -76.870876418711703, 38.997461477765057 ], [ -76.877451558242797, 38.995134035907085 ], [ -76.875009317925617, 38.994103720410408 ], [ -76.879699483844092, 38.994174316291719 ], [ -76.88157483021422, 38.99371330222715 ], [ -76.884369679417148, 38.9920307534166 ], [ -76.883974270895862, 38.988742870686963 ], [ -76.881972451967044, 38.988620720270092 ], [ -76.883678737483706, 38.981901178396697 ], [ -76.891514629396568, 38.97245709631801 ], [ -76.897931349751957, 38.97212975028782 ], [ -76.901122082318182, 38.966452596410249 ], [ -76.901377541040631, 38.966946111973527 ], [ -76.903629435350126, 38.96379189727827 ], [ -76.903703730142979, 38.961047034193314 ], [ -76.904042983197087, 38.961129144994118 ], [ -76.904642099852992, 38.957629937771458 ], [ -76.906219849766217, 38.955339108213309 ], [ -76.906607507030799, 38.953797546119915 ], [ -76.90753765603796, 38.953942944911034 ], [ -76.908280923225959, 38.950667306451066 ], [ -76.908365039514933, 38.944842083695278 ], [ -76.910505879242919, 38.941465753541763 ], [ -76.912910264397169, 38.938860687370891 ], [ -76.915831541192631, 38.939597693478845 ], [ -76.915046496898299, 38.940790060512938 ], [ -76.913707743617408, 38.940859344283353 ], [ -76.913726341597339, 38.942088665359677 ], [ -76.912411106487355, 38.94208150675621 ], [ -76.91113495591344, 38.94401755286782 ], [ -76.910460893355491, 38.947016978051124 ], [ -76.910613011880969, 38.951277540526121 ], [ -76.908772321785193, 38.95496091091735 ], [ -76.909476206761497, 38.955377219682987 ], [ -76.907652215277494, 38.955822122393101 ], [ -76.906383339319632, 38.957046533171024 ], [ -76.906623791954416, 38.958427847767041 ], [ -76.906029362564993, 38.958824458681875 ], [ -76.906058014965367, 38.962503197564558 ], [ -76.905546579510997, 38.964095264684772 ], [ -76.90106726234427, 38.970719002679857 ], [ -76.901638624123166, 38.97211153541906 ], [ -76.903444101264199, 38.971959157888875 ], [ -76.902487591329248, 38.974345429797779 ], [ -76.903893197513014, 38.974314136987857 ], [ -76.904847968159174, 38.971931669211244 ], [ -76.914467721108394, 38.97220933129563 ], [ -76.912126687796388, 38.975965550369892 ], [ -76.911171151827148, 38.980379836660177 ], [ -76.908938555170153, 38.983196357725774 ], [ -76.906438734859705, 38.988909676040748 ], [ -76.905272922107656, 38.989992438200488 ], [ -76.90465865996913, 38.989820053452775 ], [ -76.90561103572071, 38.988570266504667 ], [ -76.905543169281771, 38.987921748290091 ], [ -76.904767151482815, 38.987614426564562 ], [ -76.904593858419787, 38.985958230587926 ], [ -76.903231569881029, 38.986082450344838 ], [ -76.903500195577521, 38.987739314517796 ], [ -76.9018864053333, 38.990700807196561 ], [ -76.897012204849318, 38.992627642451794 ], [ -76.897926488916312, 38.993232206301343 ], [ -76.90153292590378, 38.993206824735239 ], [ -76.898748177886034, 38.996098671216771 ], [ -76.880693065632443, 38.995543490040063 ], [ -76.879620711326709, 38.996554951250062 ], [ -76.879393427464663, 38.996183239864706 ], [ -76.877935581461884, 38.996175583936122 ], [ -76.871641058288162, 38.998374359788897 ], [ -76.866657544310158, 39.001909383411373 ], [ -76.864011353041462, 39.006036718519795 ], [ -76.859570290336592, 39.018771424461704 ], [ -76.860325839565803, 39.018771812968851 ], [ -76.859202524277009, 39.021516799260951 ], [ -76.858425989367902, 39.021514061724645 ], [ -76.853755926894451, 39.031537838700331 ], [ -76.854999582264895, 39.033016005784077 ], [ -76.851784294609445, 39.035633645376492 ], [ -76.850662245566127, 39.0378269794316 ], [ -76.850983227993538, 39.038793321654509 ], [ -76.850227310941591, 39.038637818080872 ], [ -76.846762797764882, 39.044926991187765 ], [ -76.846946265757538, 39.046214049638706 ], [ -76.845605328922773, 39.046515873808573 ], [ -76.840617058430439, 39.055436959648034 ], [ -76.839929212862842, 39.057751076251236 ], [ -76.840471543626791, 39.058641843046644 ], [ -76.839195520756618, 39.060979842046152 ], [ -76.839384538465652, 39.062679107454869 ], [ -76.838812629898939, 39.062284332955642 ], [ -76.837141015045745, 39.062659299886832 ], [ -76.831081988343044, 39.071314243957261 ], [ -76.831061575531237, 39.070698192167868 ], [ -76.827788124222536, 39.074539461027371 ], [ -76.82879459599377, 39.073952293663467 ], [ -76.824781480181116, 39.078241732470019 ], [ -76.825123173995223, 39.077276550372574 ], [ -76.812535160968878, 39.087456828270035 ], [ -76.807306395573676, 39.092350687933958 ], [ -76.807715309214132, 39.09243506502628 ], [ -76.805421531678292, 39.094876479765787 ], [ -76.804199190240411, 39.095494010040568 ], [ -76.803155626830687, 39.097530781120724 ], [ -76.791475045936579, 39.105300964967626 ], [ -76.791190079558476, 39.105126373283554 ], [ -76.770816950341953, 39.120178918122633 ], [ -76.766255941458496, 39.12506650861252 ], [ -76.760585060352241, 39.132987833421851 ], [ -76.758056620016987, 39.138480390657548 ], [ -76.757379867586792, 39.141051506521876 ], [ -76.754617700646349, 39.138937129345095 ], [ -76.757875849990455, 39.133529811651556 ], [ -76.758523896960241, 39.131232924260075 ], [ -76.759454190758277, 39.130998842422684 ], [ -76.766595751192938, 39.121056236456184 ] ], [ [ -76.88808060053924, 38.995595907924837 ], [ -76.888556207902639, 38.995622348892311 ], [ -76.887687269451874, 38.994559877236611 ], [ -76.885595815994066, 38.993848877723565 ], [ -76.884977216425341, 38.993185255395247 ], [ -76.883336835026853, 38.994792645164523 ], [ -76.883297820637893, 38.995192277801436 ], [ -76.88808060053924, 38.995595907924837 ] ] ] ] } }
]
}
