{
"type": "FeatureCollection",
"crs": { "type": "name", "properties": { "name": "urn:ogc:def:crs:OGC:1.3:CRS84" } },
                                                                                                                                  
"features": [
{ "type": "Feature", "properties": { "OBJECTID": 1, "MapClass": "Forest", "Shape_Leng": 20.955118, "Shape_Area": 0.019684 }, "geometry": { "type": "MultiPolygon", "coordinates": [ [ [ [ -77.38966375, 38.54031711 ], [ -77.38966582, 38.54031454 ], [ -77.38961096, 38.54045208 ], [ -77.3896314, 38.5403743 ], [ -77.38966375, 38.54031711 ] ] ], [ [ [ -77.42091052, 38.5484743 ], [ -77.42181131, 38.54872151 ], [ -77.42177173, 38.54887546 ], [ -77.4205216, 38.54868478 ], [ -77.42091052, 38.5484743 ] ] ], [ [ [ -77.38940244, 38.54939109 ], [ -77.38939631, 38.54941488 ], [ -77.38939013, 38.54938921 ], [ -77.38940244, 38.54939109 ] ] ], [ [ [ -77.42218348, 38.55002965 ], [ -77.4221794, 38.54866759 ], [ -77.42276043, 38.54859868 ], [ -77.42248586, 38.55007577 ], [ -77.42218348, 38.55002965 ] ] ], [ [ [ -77.42232186, 38.5508693 ], [ -77.4224959, 38.55019232 ], [ -77.4225797, 38.55090862 ], [ -77.42232186, 38.5508693 ] ] ], [ [ [ -77.42246024, 38.55170894 ], [ -77.42260688, 38.55113855 ], [ -77.4227072, 38.55174661 ], [ -77.42246024, 38.55170894 ] ] ], [ [ [ -77.34676211, 38.55221833 ], [ -77.34481758, 38.55184192 ], [ -77.34468334, 38.5513923 ], [ -77.34538096, 38.55111593 ], [ -77.34778718, 38.55187593 ], [ -77.34676211, 38.55221833 ] ] ], [ [ [ -77.42259863, 38.55254859 ], [ -77.42275135, 38.55195452 ], [ -77.42286899, 38.55258982 ], [ -77.42259863, 38.55254859 ] ] ], [ [ [ -77.35608303, 38.55357103 ], [ -77.3559577, 38.55338659 ], [ -77.35598535, 38.5533968 ], [ -77.35608303, 38.55357103 ] ] ], [ [ [ -77.42273702, 38.55338823 ], [ -77.42290171, 38.55274762 ], [ -77.42309854, 38.55370696 ], [ -77.42273702, 38.55338823 ] ] ], [ [ [ -77.39002486, 38.55385204 ], [ -77.39000796, 38.55384945 ], [ -77.39002298, 38.55381993 ], [ -77.39002486, 38.55385204 ] ] ], [ [ [ -77.4230813, 38.55480497 ], [ -77.42311664, 38.55380497 ], [ -77.42329277, 38.55483722 ], [ -77.4230813, 38.55480497 ] ] ], [ [ [ -77.4232872, 38.55538206 ], [ -77.42335399, 38.55512228 ], [ -77.42340318, 38.55539975 ], [ -77.4232872, 38.55538206 ] ] ], [ [ [ -77.34947494, 38.55447179 ], [ -77.34981375, 38.55315923 ], [ -77.34947292, 38.55310704 ], [ -77.34978738, 38.55228838 ], [ -77.35018429, 38.55565298 ], [ -77.34947494, 38.55447179 ] ] ], [ [ [ -77.34279944, 38.55699703 ], [ -77.3419766, 38.55684154 ], [ -77.34356957, 38.55331999 ], [ -77.34356524, 38.55367994 ], [ -77.34540101, 38.55383162 ], [ -77.34586919, 38.55573537 ], [ -77.34279944, 38.55699703 ] ] ], [ [ [ -77.3446412, 38.55809779 ], [ -77.34417016, 38.55693701 ], [ -77.34666885, 38.55656964 ], [ -77.34624214, 38.55784222 ], [ -77.34563505, 38.55748116 ], [ -77.34532292, 38.5582022 ], [ -77.3446412, 38.55809779 ] ] ], [ [ [ -77.34797803, 38.55615279 ], [ -77.34877115, 38.55614326 ], [ -77.34857743, 38.5556022 ], [ -77.34797803, 38.55615279 ], [ -77.34619797, 38.55467534 ], [ -77.3467175, 38.55422632 ], [ -77.34732224, 38.55438006 ], [ -77.34711695, 38.55475169 ], [ -77.34826524, 38.55432071 ], [ -77.34811934, 38.55286399 ], [ -77.34862166, 38.55261745 ], [ -77.34947292, 38.55310704 ], [ -77.34930335, 38.55630803 ], [ -77.3500909, 38.55620343 ], [ -77.34968432, 38.5577785 ], [ -77.34811757, 38.55835727 ], [ -77.3467336, 38.55806438 ], [ -77.34793608, 38.5571168 ], [ -77.34797803, 38.55615279 ] ] ], [ [ [ -77.34879929, 38.55846166 ], [ -77.34886706, 38.55819915 ], [ -77.34920792, 38.55825134 ], [ -77.34914015, 38.55851385 ], [ -77.34879929, 38.55846166 ] ] ], [ [ [ -77.34532292, 38.5582022 ], [ -77.34566378, 38.5582544 ], [ -77.34559599, 38.55851691 ], [ -77.34525514, 38.55846471 ], [ -77.34532292, 38.5582022 ] ] ], [ [ [ -77.35302518, 38.55856287 ], [ -77.35098, 38.55824977 ], [ -77.35023021, 38.55749753 ], [ -77.35021008, 38.55574173 ], [ -77.35037884, 38.5563225 ], [ -77.35185646, 38.55719982 ], [ -77.35364543, 38.557112 ], [ -77.35436392, 38.55821739 ], [ -77.35302518, 38.55856287 ] ] ], [ [ [ -77.34811757, 38.55835727 ], [ -77.34879929, 38.55846166 ], [ -77.34798202, 38.55888229 ], [ -77.34811757, 38.55835727 ] ] ], [ [ [ -77.34580129, 38.55909413 ], [ -77.34559599, 38.55851691 ], [ -77.34661858, 38.55867351 ], [ -77.34648302, 38.55919853 ], [ -77.34580129, 38.55909413 ] ] ], [ [ [ -77.34798202, 38.55888229 ], [ -77.3476081, 38.55948221 ], [ -77.34681576, 38.55872196 ], [ -77.34715565, 38.55858493 ], [ -77.34798202, 38.55888229 ] ] ], [ [ [ -77.38594799, 38.56005078 ], [ -77.38592731, 38.56004762 ], [ -77.38595485, 38.56002415 ], [ -77.38594799, 38.56005078 ] ] ], [ [ [ -77.38547181, 38.56052375 ], [ -77.38526234, 38.56062298 ], [ -77.38497905, 38.56078123 ], [ -77.38551005, 38.56037534 ], [ -77.38547181, 38.56052375 ] ] ], [ [ [ -77.37941684, 38.56219314 ], [ -77.37871705, 38.56090694 ], [ -77.38086062, 38.56114143 ], [ -77.37941684, 38.56219314 ] ] ], [ [ [ -77.42548825, 38.56335735 ], [ -77.42587116, 38.56354538 ], [ -77.4258698, 38.56355814 ], [ -77.42542075, 38.56361991 ], [ -77.42548825, 38.56335735 ] ] ], [ [ [ -77.39093183, 38.56408659 ], [ -77.39024142, 38.56490165 ], [ -77.39163709, 38.56468689 ], [ -77.39093183, 38.56408659 ], [ -77.39120832, 38.56370567 ], [ -77.3924459, 38.56391499 ], [ -77.39091966, 38.56765508 ], [ -77.38736784, 38.56649024 ], [ -77.3889415, 38.56338454 ], [ -77.38904605, 38.56444631 ], [ -77.39004123, 38.56377734 ], [ -77.39093183, 38.56408659 ] ] ], [ [ [ -77.38099344, 38.57102702 ], [ -77.37792241, 38.56919331 ], [ -77.37628291, 38.56730546 ], [ -77.37641827, 38.5667804 ], [ -77.37587179, 38.56615111 ], [ -77.3761425, 38.56510101 ], [ -77.37580159, 38.56504889 ], [ -77.37613998, 38.56373626 ], [ -77.37579908, 38.56368414 ], [ -77.37627648, 38.56183222 ], [ -77.37876917, 38.56243251 ], [ -77.37941684, 38.56219314 ], [ -77.3798111, 38.56377405 ], [ -77.38216508, 38.56511341 ], [ -77.38285868, 38.57071169 ], [ -77.38185525, 38.57131595 ], [ -77.38099344, 38.57102702 ] ] ], [ [ [ -77.34372987, 38.57522357 ], [ -77.34362667, 38.57476609 ], [ -77.34410495, 38.57471866 ], [ -77.34423371, 38.57507408 ], [ -77.34372987, 38.57522357 ] ] ], [ [ [ -77.39126995, 38.56277391 ], [ -77.39117052, 38.56241232 ], [ -77.39051332, 38.56254775 ], [ -77.39126995, 38.56277391 ], [ -77.39097199, 38.56297422 ], [ -77.38707857, 38.56177352 ], [ -77.3855358, 38.56117386 ], [ -77.38547181, 38.56052375 ], [ -77.38628888, 38.56010287 ], [ -77.38859912, 38.55715348 ], [ -77.38890888, 38.55749699 ], [ -77.38957825, 38.55716504 ], [ -77.38897645, 38.55689683 ], [ -77.3892793, 38.55543422 ], [ -77.39002486, 38.55385204 ], [ -77.39053414, 38.55372106 ], [ -77.38974329, 38.54944317 ], [ -77.38940244, 38.54939109 ], [ -77.38924352, 38.54790256 ], [ -77.38836634, 38.54732272 ], [ -77.38764289, 38.54421063 ], [ -77.38956031, 38.54066685 ], [ -77.3900215, 38.54054149 ], [ -77.39054708, 38.53744654 ], [ -77.39116082, 38.5368671 ], [ -77.39133085, 38.53756716 ], [ -77.39234224, 38.53833778 ], [ -77.39178048, 38.53912485 ], [ -77.39204192, 38.54013095 ], [ -77.39128714, 38.54078812 ], [ -77.39250763, 38.54015639 ], [ -77.39362944, 38.5410668 ], [ -77.39477299, 38.54112474 ], [ -77.39557308, 38.54306129 ], [ -77.39369758, 38.54324863 ], [ -77.39328841, 38.5441208 ], [ -77.39387336, 38.54425322 ], [ -77.39403023, 38.54514967 ], [ -77.39467332, 38.54563594 ], [ -77.39434136, 38.54625425 ], [ -77.3949469, 38.54584281 ], [ -77.39686466, 38.54775482 ], [ -77.3999552, 38.54809694 ], [ -77.40108796, 38.54727058 ], [ -77.40078678, 38.54827335 ], [ -77.40154547, 38.54919395 ], [ -77.40483054, 38.54862634 ], [ -77.40870627, 38.5493376 ], [ -77.41171537, 38.55086254 ], [ -77.41708805, 38.54943629 ], [ -77.4175378, 38.54941317 ], [ -77.41811075, 38.55033834 ], [ -77.41878237, 38.54944634 ], [ -77.42006359, 38.5493703 ], [ -77.42039382, 38.54893813 ], [ -77.4220451, 38.54919001 ], [ -77.4218426, 38.54997766 ], [ -77.42218348, 38.55002965 ], [ -77.42198098, 38.55081731 ], [ -77.42232186, 38.5508693 ], [ -77.42211936, 38.55165695 ], [ -77.42246024, 38.55170894 ], [ -77.42225774, 38.5524966 ], [ -77.42259863, 38.55254859 ], [ -77.4229463, 38.55533007 ], [ -77.42604146, 38.56120545 ], [ -77.42548825, 38.56335735 ], [ -77.42501784, 38.56342205 ], [ -77.42591779, 38.56481625 ], [ -77.4260988, 38.56629707 ], [ -77.42526808, 38.56670624 ], [ -77.42583733, 38.56704921 ], [ -77.42604889, 38.56808271 ], [ -77.42534956, 38.56993738 ], [ -77.4251976, 38.56952866 ], [ -77.42483939, 38.56971332 ], [ -77.42523201, 38.56986657 ], [ -77.42495971, 38.5709173 ], [ -77.42447752, 38.57102784 ], [ -77.42458797, 38.57177249 ], [ -77.42494002, 38.57096702 ], [ -77.42402748, 38.57432303 ], [ -77.42421356, 38.57534362 ], [ -77.42334749, 38.57448982 ], [ -77.40576399, 38.56469135 ], [ -77.40502874, 38.5649576 ], [ -77.39230654, 38.56353061 ], [ -77.39243349, 38.56308541 ], [ -77.39126995, 38.56277391 ] ] ], [ [ [ -77.33682667, 38.57600338 ], [ -77.33713097, 38.57589683 ], [ -77.3371676, 38.5760556 ], [ -77.33682667, 38.57600338 ] ] ], [ [ [ -77.37895809, 38.57617339 ], [ -77.37889041, 38.57643592 ], [ -77.37848755, 38.57623792 ], [ -77.37895809, 38.57617339 ] ] ], [ [ [ -77.33682667, 38.57600338 ], [ -77.33669101, 38.57652839 ], [ -77.33573719, 38.57638227 ], [ -77.33682192, 38.57600438 ], [ -77.33682667, 38.57600338 ] ] ], [ [ [ -77.33328339, 38.57737083 ], [ -77.33306928, 38.57728707 ], [ -77.33326824, 38.57722023 ], [ -77.33328339, 38.57737083 ] ] ], [ [ [ -77.33362432, 38.57742307 ], [ -77.33371558, 38.57706996 ], [ -77.33444188, 38.57700253 ], [ -77.3343062, 38.57752753 ], [ -77.33362432, 38.57742307 ] ] ], [ [ [ -77.33464714, 38.57757977 ], [ -77.33471202, 38.57673521 ], [ -77.3356845, 38.57640078 ], [ -77.33618829, 38.57688257 ], [ -77.33566997, 38.57773646 ], [ -77.33464714, 38.57757977 ] ] ], [ [ [ -77.37016567, 38.57728522 ], [ -77.37009555, 38.57618299 ], [ -77.36804506, 38.57314067 ], [ -77.36776947, 38.57146126 ], [ -77.36660888, 38.57046512 ], [ -77.36681203, 38.56967756 ], [ -77.36531056, 38.56862927 ], [ -77.36526331, 38.56797062 ], [ -77.3642855, 38.56710807 ], [ -77.36448867, 38.56632051 ], [ -77.36509939, 38.56618929 ], [ -77.36601758, 38.56360228 ], [ -77.365369, 38.56290774 ], [ -77.36189235, 38.56264875 ], [ -77.3603911, 38.5616004 ], [ -77.35922196, 38.56003351 ], [ -77.35581954, 38.55833386 ], [ -77.35966264, 38.55666504 ], [ -77.36026696, 38.5580095 ], [ -77.3651063, 38.55614431 ], [ -77.36547774, 38.55754115 ], [ -77.36590053, 38.55713748 ], [ -77.36545928, 38.55601217 ], [ -77.36678414, 38.55530654 ], [ -77.3688014, 38.55737268 ], [ -77.37183166, 38.55883129 ], [ -77.3708278, 38.55989936 ], [ -77.37113721, 38.56052074 ], [ -77.37594405, 38.56174724 ], [ -77.37545817, 38.56363202 ], [ -77.37579908, 38.56368414 ], [ -77.37546068, 38.56499677 ], [ -77.37580159, 38.56504889 ], [ -77.37553087, 38.566099 ], [ -77.37607735, 38.56672829 ], [ -77.37594199, 38.56725334 ], [ -77.3780619, 38.56957783 ], [ -77.38171424, 38.57181003 ], [ -77.37864207, 38.5754593 ], [ -77.37375099, 38.57548727 ], [ -77.37275684, 38.57599589 ], [ -77.37227917, 38.57733547 ], [ -77.37118278, 38.5780599 ], [ -77.37016567, 38.57728522 ] ], [ [ -77.37254262, 38.57219112 ], [ -77.37302716, 38.57208027 ], [ -77.37291724, 38.57133557 ], [ -77.37254262, 38.57219112 ], [ -77.37163324, 38.57245167 ], [ -77.37208868, 38.57331728 ], [ -77.37254262, 38.57219112 ] ], [ [ -77.36641849, 38.56619626 ], [ -77.36880194, 38.56526769 ], [ -77.36803083, 38.56495216 ], [ -77.36665374, 38.56561693 ], [ -77.36641849, 38.56619626 ] ], [ [ -77.36931833, 38.56485341 ], [ -77.3704062, 38.56571462 ], [ -77.37141696, 38.56425005 ], [ -77.37007386, 38.56390023 ], [ -77.36931833, 38.56485341 ] ] ], [ [ [ -77.33307985, 38.57815834 ], [ -77.33280676, 38.5778436 ], [ -77.33362432, 38.57742307 ], [ -77.33376174, 38.57826281 ], [ -77.33307985, 38.57815834 ] ] ], [ [ [ -77.33376174, 38.57826281 ], [ -77.33410268, 38.57831505 ], [ -77.3343062, 38.57752753 ], [ -77.33492025, 38.5778945 ], [ -77.33437579, 38.57862978 ], [ -77.33376347, 38.5787577 ], [ -77.33376174, 38.57826281 ] ] ], [ [ [ -77.33205703, 38.57800163 ], [ -77.33280676, 38.5778436 ], [ -77.33294416, 38.57868335 ], [ -77.33185348, 38.57878914 ], [ -77.33205703, 38.57800163 ] ] ], [ [ [ -77.33294416, 38.57868335 ], [ -77.33333664, 38.57883689 ], [ -77.33297814, 38.57902128 ], [ -77.33294416, 38.57868335 ] ] ], [ [ [ -77.42415526, 38.57543217 ], [ -77.42426083, 38.5754258 ], [ -77.4279512, 38.57916126 ], [ -77.425181, 38.57783232 ], [ -77.42415526, 38.57543217 ] ] ], [ [ [ -77.33205703, 38.57800163 ], [ -77.33171609, 38.57794939 ], [ -77.33151254, 38.5787369 ], [ -77.33185348, 38.57878914 ], [ -77.33137684, 38.5792619 ], [ -77.33078316, 38.57905349 ], [ -77.33047748, 38.57815772 ], [ -77.3320403, 38.57763273 ], [ -77.33205703, 38.57800163 ] ] ], [ [ [ -77.33615013, 38.57999318 ], [ -77.33575765, 38.57983965 ], [ -77.33611614, 38.57965525 ], [ -77.33615013, 38.57999318 ] ] ], [ [ [ -77.3469911, 38.58056173 ], [ -77.34698465, 38.58056908 ], [ -77.34698231, 38.58055643 ], [ -77.3469911, 38.58056173 ] ] ], [ [ [ -77.3724921, 38.58200691 ], [ -77.37269522, 38.58121933 ], [ -77.3730362, 38.58127146 ], [ -77.37283309, 38.58205903 ], [ -77.3724921, 38.58200691 ] ] ], [ [ [ -77.4292485, 38.58600378 ], [ -77.42906503, 38.58348226 ], [ -77.42946051, 38.58480193 ], [ -77.4292485, 38.58600378 ] ] ], [ [ [ -77.33491609, 38.59247385 ], [ -77.33490176, 38.5920233 ], [ -77.33758853, 38.59210206 ], [ -77.33784614, 38.59253217 ], [ -77.33491609, 38.59247385 ] ] ], [ [ [ -77.33569119, 38.59411348 ], [ -77.33586882, 38.59398082 ], [ -77.33938409, 38.59417754 ], [ -77.33869254, 38.59484601 ], [ -77.33760163, 38.59495185 ], [ -77.33569119, 38.59411348 ] ] ], [ [ [ -77.33855686, 38.59537102 ], [ -77.33869254, 38.59484601 ], [ -77.34007011, 38.59538197 ], [ -77.34004922, 38.59626058 ], [ -77.33855686, 38.59537102 ] ] ], [ [ [ -77.37278999, 38.59596908 ], [ -77.37053324, 38.59234962 ], [ -77.36952576, 38.58854254 ], [ -77.3678656, 38.58757575 ], [ -77.36649922, 38.58600243 ], [ -77.36554162, 38.58421872 ], [ -77.36526604, 38.58253931 ], [ -77.36383207, 38.58122848 ], [ -77.36417075, 38.57991588 ], [ -77.36382978, 38.57986373 ], [ -77.36444169, 38.5788658 ], [ -77.36537471, 38.57849258 ], [ -77.36716238, 38.57518871 ], [ -77.36825195, 38.57435256 ], [ -77.36975459, 38.57613085 ], [ -77.37146201, 38.58162652 ], [ -77.3724921, 38.58200691 ], [ -77.37283076, 38.58270756 ], [ -77.3734496, 38.58156689 ], [ -77.37278967, 38.5808531 ], [ -77.37214947, 38.58131498 ], [ -77.37139899, 38.58074829 ], [ -77.37057677, 38.57843958 ], [ -77.37243563, 38.57777897 ], [ -77.37227917, 38.57733547 ], [ -77.3733673, 38.57586458 ], [ -77.37663903, 38.57554608 ], [ -77.37791491, 38.57588765 ], [ -77.38043256, 38.58487584 ], [ -77.37879753, 38.58944668 ], [ -77.37405225, 38.59637757 ], [ -77.37278999, 38.59596908 ] ] ], [ [ [ -77.34033169, 38.59673436 ], [ -77.34053112, 38.59643217 ], [ -77.34077071, 38.59670817 ], [ -77.34033169, 38.59673436 ] ] ], [ [ [ -77.33896755, 38.59652549 ], [ -77.33936543, 38.59620705 ], [ -77.33974686, 38.59668772 ], [ -77.33924075, 38.59684022 ], [ -77.33896755, 38.59652549 ] ] ], [ [ [ -77.40075205, 38.59751075 ], [ -77.38963475, 38.59663231 ], [ -77.37484008, 38.59640417 ], [ -77.37957538, 38.58941565 ], [ -77.3810761, 38.58460163 ], [ -77.37889041, 38.57643592 ], [ -77.38564219, 38.57774045 ], [ -77.39001008, 38.58004483 ], [ -77.39833512, 38.58349887 ], [ -77.4019541, 38.58596126 ], [ -77.406323, 38.58826507 ], [ -77.40680231, 38.58915676 ], [ -77.40660263, 38.59130914 ], [ -77.40694369, 38.59136118 ], [ -77.40679413, 38.59297536 ], [ -77.40715267, 38.59330305 ], [ -77.40695299, 38.59545543 ], [ -77.40729406, 38.59550746 ], [ -77.40686421, 38.5967145 ], [ -77.40354832, 38.59766457 ], [ -77.40075205, 38.59751075 ] ], [ [ -77.40202682, 38.59157235 ], [ -77.40060191, 38.59121207 ], [ -77.40132032, 38.59232375 ], [ -77.40197735, 38.59234847 ], [ -77.40202682, 38.59157235 ] ] ], [ [ [ -77.42448808, 38.59913584 ], [ -77.42563575, 38.59638995 ], [ -77.42525753, 38.59821673 ], [ -77.42448808, 38.59913584 ] ] ], [ [ [ -77.33569119, 38.59411348 ], [ -77.33565154, 38.59519646 ], [ -77.33760163, 38.59495185 ], [ -77.33855686, 38.59537102 ], [ -77.33889971, 38.596788 ], [ -77.33977489, 38.59833764 ], [ -77.34012818, 38.59752188 ], [ -77.3408618, 38.59772761 ], [ -77.34038558, 38.59721178 ], [ -77.33978714, 38.59746967 ], [ -77.33999065, 38.59668214 ], [ -77.34147259, 38.59785438 ], [ -77.3450299, 38.5949725 ], [ -77.34446824, 38.59433074 ], [ -77.34503034, 38.59381063 ], [ -77.34498183, 38.59301158 ], [ -77.3455809, 38.59282163 ], [ -77.34488066, 38.59208449 ], [ -77.34507956, 38.59135123 ], [ -77.3457141, 38.59108638 ], [ -77.345424, 38.5900598 ], [ -77.34378988, 38.58796879 ], [ -77.33999501, 38.58856403 ], [ -77.33735761, 38.58991515 ], [ -77.33562815, 38.58703376 ], [ -77.3360702, 38.58641594 ], [ -77.33859043, 38.58563111 ], [ -77.33938172, 38.58238036 ], [ -77.33709278, 38.58244213 ], [ -77.33505929, 38.58394579 ], [ -77.3331276, 38.58391395 ], [ -77.33106627, 38.57964042 ], [ -77.33137684, 38.5792619 ], [ -77.33303037, 38.57930471 ], [ -77.33187082, 38.57971976 ], [ -77.33239497, 38.58004551 ], [ -77.33364996, 38.57915606 ], [ -77.3345407, 38.57909797 ], [ -77.33437579, 38.57862978 ], [ -77.33536726, 38.57829437 ], [ -77.33566997, 38.57773646 ], [ -77.33656801, 38.57754889 ], [ -77.3366928, 38.57789314 ], [ -77.33579938, 38.57821413 ], [ -77.33590894, 38.57895886 ], [ -77.33628402, 38.57810342 ], [ -77.33662497, 38.57815564 ], [ -77.33801707, 38.57718389 ], [ -77.33777757, 38.57690789 ], [ -77.33653404, 38.57735488 ], [ -77.3371676, 38.5760556 ], [ -77.33791741, 38.57562315 ], [ -77.34083437, 38.58176162 ], [ -77.34427731, 38.58058766 ], [ -77.34759803, 38.58585621 ], [ -77.34765595, 38.5823044 ], [ -77.34903665, 38.58262566 ], [ -77.34879576, 38.58206365 ], [ -77.34750094, 38.58181228 ], [ -77.34790279, 38.58141163 ], [ -77.34744958, 38.58113817 ], [ -77.34775277, 38.58069881 ], [ -77.3469911, 38.58056173 ], [ -77.3472382, 38.58016517 ], [ -77.34927921, 38.58004613 ], [ -77.34936164, 38.57963719 ], [ -77.34999815, 38.57971625 ], [ -77.34991572, 38.58012519 ], [ -77.35356338, 38.58057815 ], [ -77.35336759, 38.5794022 ], [ -77.34910445, 38.57902731 ], [ -77.34912014, 38.5795086 ], [ -77.34823763, 38.57940412 ], [ -77.34822288, 38.57895156 ], [ -77.34716109, 38.57891079 ], [ -77.34572371, 38.57801363 ], [ -77.34600844, 38.57740955 ], [ -77.34662297, 38.5775917 ], [ -77.34713329, 38.57507751 ], [ -77.34752417, 38.57502541 ], [ -77.34649632, 38.57334752 ], [ -77.34721963, 38.57257767 ], [ -77.34711932, 38.57185033 ], [ -77.34659862, 38.57116329 ], [ -77.34044358, 38.56960492 ], [ -77.33939573, 38.56876186 ], [ -77.33913059, 38.56832644 ], [ -77.34021965, 38.5691199 ], [ -77.34308045, 38.56974998 ], [ -77.34376969, 38.56892283 ], [ -77.3449002, 38.56891735 ], [ -77.34243324, 38.56842072 ], [ -77.34193316, 38.56754493 ], [ -77.34070169, 38.566939 ], [ -77.34182899, 38.56627843 ], [ -77.33986447, 38.56443009 ], [ -77.33936344, 38.56655061 ], [ -77.33781283, 38.56716696 ], [ -77.34161267, 38.55808106 ], [ -77.34219135, 38.55848923 ], [ -77.34181214, 38.55787179 ], [ -77.3423908, 38.55720732 ], [ -77.34279944, 38.55699703 ], [ -77.34436813, 38.55778308 ], [ -77.34504301, 38.55881384 ], [ -77.34817281, 38.56053378 ], [ -77.34823606, 38.55986391 ], [ -77.34988802, 38.55887406 ], [ -77.34920792, 38.55825134 ], [ -77.34968432, 38.5577785 ], [ -77.35122633, 38.55866817 ], [ -77.35166172, 38.55835414 ], [ -77.35302518, 38.55856287 ], [ -77.35310883, 38.55892518 ], [ -77.35588761, 38.55845525 ], [ -77.35957165, 38.56065637 ], [ -77.36005022, 38.56154824 ], [ -77.36182462, 38.56291127 ], [ -77.36530128, 38.56317027 ], [ -77.36491897, 38.56380051 ], [ -77.36525314, 38.56506 ], [ -77.36394459, 38.56705592 ], [ -77.36547326, 38.56907786 ], [ -77.3664711, 38.56962541 ], [ -77.36647344, 38.57099017 ], [ -77.36742853, 38.57140911 ], [ -77.36755507, 38.57284522 ], [ -77.36804506, 38.57314067 ], [ -77.36763877, 38.5747158 ], [ -77.36654752, 38.57532092 ], [ -77.36593868, 38.57718459 ], [ -77.36342004, 38.57961665 ], [ -77.36382978, 38.57986373 ], [ -77.36349109, 38.58117633 ], [ -77.36492506, 38.58248716 ], [ -77.36520063, 38.58416658 ], [ -77.36643149, 38.58626495 ], [ -77.36957306, 38.58920119 ], [ -77.36965058, 38.59115302 ], [ -77.37032765, 38.59177244 ], [ -77.3708767, 38.5937665 ], [ -77.37341584, 38.59701819 ], [ -77.37074621, 38.60029159 ], [ -77.37049102, 38.60153769 ], [ -77.36846177, 38.60249796 ], [ -77.36732237, 38.60368325 ], [ -77.36415455, 38.60370793 ], [ -77.35806161, 38.60149944 ], [ -77.35554314, 38.59960815 ], [ -77.35445006, 38.59834939 ], [ -77.3545031, 38.59688634 ], [ -77.35301179, 38.59430893 ], [ -77.35294191, 38.59320669 ], [ -77.35437169, 38.59178814 ], [ -77.35457503, 38.59100059 ], [ -77.35402856, 38.59037121 ], [ -77.35436745, 38.58905863 ], [ -77.35485214, 38.58894785 ], [ -77.35474237, 38.58820314 ], [ -77.35368754, 38.59031903 ], [ -77.35423401, 38.59094842 ], [ -77.35403067, 38.59173596 ], [ -77.35229527, 38.59387684 ], [ -77.35301179, 38.59430893 ], [ -77.35308167, 38.59541117 ], [ -77.35390143, 38.59635525 ], [ -77.35395421, 38.59726566 ], [ -77.3528674, 38.59799252 ], [ -77.35445006, 38.59834939 ], [ -77.35477051, 38.59932273 ], [ -77.35554314, 38.59960815 ], [ -77.35476937, 38.60196986 ], [ -77.35335345, 38.60366719 ], [ -77.35303131, 38.60488172 ], [ -77.35061653, 38.60435838 ], [ -77.35144524, 38.60373447 ], [ -77.35271242, 38.60408264 ], [ -77.35213818, 38.60357587 ], [ -77.35247424, 38.60285113 ], [ -77.35098095, 38.60244077 ], [ -77.35092, 38.60338588 ], [ -77.35027466, 38.60267376 ], [ -77.35046402, 38.60147408 ], [ -77.34966846, 38.60176713 ], [ -77.34605083, 38.59805565 ], [ -77.34237004, 38.59935887 ], [ -77.34341857, 38.60129337 ], [ -77.34291752, 38.60247998 ], [ -77.34045762, 38.60154971 ], [ -77.33581274, 38.59682385 ], [ -77.33501636, 38.59492676 ], [ -77.33516305, 38.59395983 ], [ -77.33569119, 38.59411348 ] ], [ [ -77.35702777, 38.58973854 ], [ -77.35636871, 38.59058375 ], [ -77.35772098, 38.59044725 ], [ -77.35702777, 38.58973854 ] ], [ [ -77.35107234, 38.581763 ], [ -77.35067394, 38.58139836 ], [ -77.34927837, 38.5822855 ], [ -77.35101395, 38.58238259 ], [ -77.35107234, 38.581763 ] ], [ [ -77.35715029, 38.58102499 ], [ -77.35724007, 38.58169162 ], [ -77.35826139, 38.58148759 ], [ -77.35715029, 38.58102499 ] ], [ [ -77.35796775, 38.5806043 ], [ -77.35840667, 38.58057804 ], [ -77.35776409, 38.58048146 ], [ -77.35755768, 38.57991198 ], [ -77.35680068, 38.58054499 ], [ -77.35764681, 38.58091975 ], [ -77.35796775, 38.5806043 ] ], [ [ -77.35000699, 38.57487408 ], [ -77.34820936, 38.57447178 ], [ -77.34716469, 38.57548748 ], [ -77.3500742, 38.57589597 ], [ -77.35000699, 38.57487408 ] ], [ [ -77.36176591, 38.56863279 ], [ -77.36269916, 38.56832201 ], [ -77.36229489, 38.56778369 ], [ -77.36132707, 38.56865906 ], [ -77.36176591, 38.56863279 ] ], [ [ -77.35746299, 38.56333539 ], [ -77.35759847, 38.56281036 ], [ -77.35840025, 38.5628238 ], [ -77.35787611, 38.56249815 ], [ -77.35705519, 38.5630001 ], [ -77.35746299, 38.56333539 ], [ -77.35738576, 38.5642227 ], [ -77.35787357, 38.56359156 ], [ -77.35746299, 38.56333539 ] ], [ [ -77.34921196, 38.56098084 ], [ -77.34919958, 38.56037001 ], [ -77.34849701, 38.5605192 ], [ -77.34931118, 38.56134247 ], [ -77.34996844, 38.56120726 ], [ -77.34921196, 38.56098084 ] ], [ [ -77.33676421, 38.58036014 ], [ -77.33723865, 38.57978188 ], [ -77.33521142, 38.57921018 ], [ -77.3356039, 38.57936371 ], [ -77.33546817, 38.58053924 ], [ -77.33615013, 38.57999318 ], [ -77.3367982, 38.58069807 ], [ -77.33715669, 38.58051366 ], [ -77.33676421, 38.58036014 ] ] ], [ [ [ -77.42143389, 38.60530334 ], [ -77.41201117, 38.6005926 ], [ -77.40466886, 38.59772588 ], [ -77.40754673, 38.59698795 ], [ -77.40700508, 38.58836913 ], [ -77.39901715, 38.58360298 ], [ -77.38570984, 38.57747792 ], [ -77.37895809, 38.57617339 ], [ -77.38349655, 38.57069258 ], [ -77.38291298, 38.56524862 ], [ -77.38343419, 38.56446694 ], [ -77.38411154, 38.56479453 ], [ -77.38469481, 38.56434348 ], [ -77.38736808, 38.56649742 ], [ -77.39089813, 38.56771361 ], [ -77.39215517, 38.56474834 ], [ -77.39245283, 38.56391616 ], [ -77.40111562, 38.56522445 ], [ -77.40083238, 38.56643408 ], [ -77.40191268, 38.56654089 ], [ -77.40182842, 38.56688279 ], [ -77.4025791, 38.56695132 ], [ -77.40297144, 38.5652849 ], [ -77.4044091, 38.56522372 ], [ -77.40491768, 38.56540561 ], [ -77.40333584, 38.56994473 ], [ -77.40488873, 38.56966775 ], [ -77.4044154, 38.56856196 ], [ -77.40530377, 38.56727188 ], [ -77.40761408, 38.56744367 ], [ -77.40787337, 38.56646269 ], [ -77.40871221, 38.5667627 ], [ -77.42271051, 38.57479825 ], [ -77.42480225, 38.57828444 ], [ -77.42798059, 38.57985691 ], [ -77.42755319, 38.58122442 ], [ -77.42834366, 38.5825581 ], [ -77.42857841, 38.58713811 ], [ -77.42651852, 38.58982581 ], [ -77.42608537, 38.59353187 ], [ -77.4230711, 38.60054521 ], [ -77.42278268, 38.60552808 ], [ -77.42143389, 38.60530334 ] ], [ [ -77.42155353, 38.59841192 ], [ -77.42114349, 38.59816504 ], [ -77.42024433, 38.59848121 ], [ -77.42106722, 38.59906361 ], [ -77.42155353, 38.59841192 ] ], [ [ -77.41644455, 38.58396539 ], [ -77.41531235, 38.58363352 ], [ -77.4154053, 38.5845723 ], [ -77.41644455, 38.58396539 ] ], [ [ -77.4104578, 38.57770885 ], [ -77.41008484, 38.5770327 ], [ -77.40942754, 38.57716823 ], [ -77.41018437, 38.57739428 ], [ -77.41088506, 38.57851292 ], [ -77.41032928, 38.57948104 ], [ -77.4116825, 38.58055347 ], [ -77.41246283, 38.58011946 ], [ -77.41081237, 38.57933398 ], [ -77.41152767, 38.57876936 ], [ -77.41150573, 38.57809547 ], [ -77.4104578, 38.57770885 ] ], [ [ -77.41147761, 38.57650016 ], [ -77.4118378, 38.57612185 ], [ -77.41132459, 38.57583199 ], [ -77.41059716, 38.57666707 ], [ -77.41147761, 38.57650016 ], [ -77.41149051, 38.57711099 ], [ -77.41219311, 38.57696143 ], [ -77.41147761, 38.57650016 ] ], [ [ -77.40287634, 38.57136767 ], [ -77.40284204, 38.57102976 ], [ -77.40248376, 38.57121436 ], [ -77.40287634, 38.57136767 ], [ -77.40212439, 38.57274602 ], [ -77.4035253, 38.57164686 ], [ -77.40287634, 38.57136767 ] ] ], [ [ [ -77.36278688, 38.60862959 ], [ -77.36317958, 38.60878303 ], [ -77.36301643, 38.60886697 ], [ -77.36278688, 38.60862959 ] ] ], [ [ [ -77.42743399, 38.609166 ], [ -77.42641522, 38.60833839 ], [ -77.42695721, 38.60861835 ], [ -77.42743399, 38.609166 ] ] ], [ [ [ -77.43647386, 38.62060151 ], [ -77.43466833, 38.61641479 ], [ -77.43524386, 38.61707919 ], [ -77.43647386, 38.62060151 ] ] ], [ [ [ -77.40276176, 38.62215767 ], [ -77.40284944, 38.62197467 ], [ -77.40352225, 38.62215656 ], [ -77.40342448, 38.62236325 ], [ -77.40276176, 38.62215767 ] ] ], [ [ [ -77.40353891, 38.62290021 ], [ -77.40369816, 38.62265733 ], [ -77.40398508, 38.62273843 ], [ -77.40382023, 38.62308481 ], [ -77.40353891, 38.62290021 ] ] ], [ [ [ -77.4372049, 38.62440888 ], [ -77.4371938, 38.62430012 ], [ -77.43724441, 38.62438853 ], [ -77.4372049, 38.62440888 ] ] ], [ [ [ -77.43642044, 38.62422964 ], [ -77.43622132, 38.62453198 ], [ -77.43598129, 38.62425617 ], [ -77.43642044, 38.62422964 ] ] ], [ [ [ -77.43532923, 38.62433634 ], [ -77.43572216, 38.62448956 ], [ -77.43536371, 38.62467425 ], [ -77.43532923, 38.62433634 ] ] ], [ [ [ -77.43417049, 38.6247056 ], [ -77.43451172, 38.62475755 ], [ -77.43437668, 38.62528267 ], [ -77.43403544, 38.62523072 ], [ -77.43417049, 38.6247056 ] ] ], [ [ [ -77.43294421, 38.6253374 ], [ -77.43322177, 38.62502502 ], [ -77.43374669, 38.62535035 ], [ -77.43294421, 38.6253374 ] ] ], [ [ [ -77.43260298, 38.62528544 ], [ -77.43294421, 38.6253374 ], [ -77.43268711, 38.62564769 ], [ -77.43260298, 38.62528544 ] ] ], [ [ [ -77.43144422, 38.62565467 ], [ -77.43183715, 38.62580789 ], [ -77.43147867, 38.62599257 ], [ -77.43144422, 38.62565467 ] ] ], [ [ [ -77.40032333, 38.61981981 ], [ -77.40118644, 38.61961014 ], [ -77.40065531, 38.61922815 ], [ -77.40032333, 38.61981981 ], [ -77.39871389, 38.62034118 ], [ -77.38951542, 38.61313805 ], [ -77.38732234, 38.61242031 ], [ -77.38588933, 38.61289551 ], [ -77.38374858, 38.61254263 ], [ -77.38504604, 38.6109811 ], [ -77.38238539, 38.61139337 ], [ -77.38197798, 38.61243391 ], [ -77.38006817, 38.61227972 ], [ -77.37921702, 38.61219839 ], [ -77.379, 38.61166591 ], [ -77.37820954, 38.6121021 ], [ -77.36792713, 38.61098965 ], [ -77.36549759, 38.60999508 ], [ -77.36572538, 38.60968608 ], [ -77.3652104, 38.60945235 ], [ -77.36498261, 38.60976135 ], [ -77.36325817, 38.60896903 ], [ -77.36387161, 38.60783515 ], [ -77.3653055, 38.60574009 ], [ -77.36663001, 38.60503054 ], [ -77.3663903, 38.60475459 ], [ -77.36474917, 38.60589941 ], [ -77.36390265, 38.60702539 ], [ -77.36239789, 38.60717946 ], [ -77.36230979, 38.6081693 ], [ -77.36278688, 38.60862959 ], [ -77.36194165, 38.6083815 ], [ -77.36183282, 38.60727333 ], [ -77.36058412, 38.60773312 ], [ -77.35806512, 38.60662113 ], [ -77.35734901, 38.60572914 ], [ -77.35372915, 38.60466191 ], [ -77.35617666, 38.60056515 ], [ -77.35790749, 38.60203403 ], [ -77.35993886, 38.60258242 ], [ -77.36082937, 38.60333818 ], [ -77.36434327, 38.60430346 ], [ -77.36804833, 38.60413039 ], [ -77.36885926, 38.60289436 ], [ -77.37121367, 38.60199363 ], [ -77.37130642, 38.60054643 ], [ -77.37439912, 38.59689639 ], [ -77.37579179, 38.5967007 ], [ -77.40354832, 38.59766457 ], [ -77.40907645, 38.59959931 ], [ -77.4204105, 38.60514736 ], [ -77.42238974, 38.60572186 ], [ -77.43261064, 38.61413907 ], [ -77.42943019, 38.61789468 ], [ -77.43073417, 38.61836795 ], [ -77.43338375, 38.61523917 ], [ -77.43708279, 38.62408952 ], [ -77.43642044, 38.62422964 ], [ -77.43613792, 38.62381201 ], [ -77.43417049, 38.6247056 ], [ -77.432986, 38.62467005 ], [ -77.43260298, 38.62528544 ], [ -77.42625678, 38.62705989 ], [ -77.42404148, 38.62358515 ], [ -77.42015576, 38.62423673 ], [ -77.41702975, 38.62577998 ], [ -77.41631839, 38.6285332 ], [ -77.41087447, 38.62678387 ], [ -77.40762913, 38.62320223 ], [ -77.40666015, 38.62496218 ], [ -77.40471752, 38.62380241 ], [ -77.40653924, 38.62001622 ], [ -77.40802199, 38.62033969 ], [ -77.40814258, 38.61939857 ], [ -77.40490397, 38.61961962 ], [ -77.40470535, 38.61931234 ], [ -77.40424451, 38.62045725 ], [ -77.40346219, 38.62023109 ], [ -77.40389796, 38.61979366 ], [ -77.40219484, 38.61878357 ], [ -77.4001095, 38.62083802 ], [ -77.40032333, 38.61981981 ] ], [ [ -77.41845448, 38.61412608 ], [ -77.41848887, 38.61446399 ], [ -77.41884732, 38.61427935 ], [ -77.41757125, 38.61344456 ], [ -77.41669873, 38.61430278 ], [ -77.41772491, 38.61465224 ], [ -77.41845448, 38.61412608 ] ], [ [ -77.39525311, 38.60922315 ], [ -77.39521883, 38.60888523 ], [ -77.39486034, 38.60906981 ], [ -77.39532468, 38.60988732 ], [ -77.39603985, 38.60953388 ], [ -77.39525311, 38.60922315 ] ], [ [ -77.36539068, 38.6076596 ], [ -77.36479154, 38.6073883 ], [ -77.36401841, 38.60774477 ], [ -77.36504712, 38.60812674 ], [ -77.36539068, 38.6076596 ] ], [ [ -77.36355479, 38.60460768 ], [ -77.36250673, 38.60422066 ], [ -77.36186656, 38.60488585 ], [ -77.36358066, 38.60542162 ], [ -77.36355479, 38.60460768 ] ] ], [ [ [ -77.42747947, 38.63268879 ], [ -77.427614, 38.63181297 ], [ -77.42847193, 38.63193993 ], [ -77.42829653, 38.63286867 ], [ -77.42747947, 38.63268879 ] ] ], [ [ [ -77.43625487, 38.63306031 ], [ -77.43632931, 38.63302705 ], [ -77.43631766, 38.63314677 ], [ -77.43625487, 38.63306031 ] ] ], [ [ [ -77.42912665, 38.62639309 ], [ -77.42981154, 38.62672521 ], [ -77.43740011, 38.62463781 ], [ -77.4376602, 38.62515469 ], [ -77.43663372, 38.6279485 ], [ -77.43613827, 38.63296688 ], [ -77.43629018, 38.63342919 ], [ -77.43484268, 38.63322943 ], [ -77.43222363, 38.6310566 ], [ -77.43134564, 38.63353996 ], [ -77.42969896, 38.63317743 ], [ -77.43055602, 38.62977744 ], [ -77.42753749, 38.62941129 ], [ -77.42618136, 38.62879557 ], [ -77.42623405, 38.62802095 ], [ -77.42912665, 38.62639309 ] ], [ [ -77.43377614, 38.63037521 ], [ -77.43333695, 38.63040173 ], [ -77.43472799, 38.63089422 ], [ -77.43529891, 38.63049554 ], [ -77.43415986, 38.63005674 ], [ -77.43377614, 38.63037521 ] ] ], [ [ [ -77.10444285, 38.6755925 ], [ -77.10405034, 38.67543824 ], [ -77.1042922, 38.67531464 ], [ -77.10444285, 38.6755925 ] ] ], [ [ [ -77.01910878, 38.67599376 ], [ -77.01832242, 38.6759935 ], [ -77.01765421, 38.67631351 ], [ -77.01876093, 38.67512313 ], [ -77.01910878, 38.67599376 ] ] ], [ [ [ -77.01753689, 38.67656833 ], [ -77.01736373, 38.67660977 ], [ -77.01758664, 38.6763794 ], [ -77.01753689, 38.67656833 ] ] ], [ [ [ -77.10444285, 38.6755925 ], [ -77.10508843, 38.67635489 ], [ -77.10442699, 38.67678709 ], [ -77.10444285, 38.6755925 ] ] ], [ [ [ -77.01910878, 38.67599376 ], [ -77.01982171, 38.67589685 ], [ -77.02062062, 38.6762348 ], [ -77.01952771, 38.67699714 ], [ -77.01910878, 38.67599376 ] ] ], [ [ [ -77.06381985, 38.67748315 ], [ -77.06361905, 38.67778489 ], [ -77.06338025, 38.67750835 ], [ -77.06381985, 38.67748315 ] ] ], [ [ [ -77.01896651, 38.67788318 ], [ -77.0191675, 38.67758151 ], [ -77.01940613, 38.67785813 ], [ -77.01896651, 38.67788318 ] ] ], [ [ [ -77.07050961, 38.67770251 ], [ -77.07030883, 38.67800426 ], [ -77.07007001, 38.67772774 ], [ -77.07050961, 38.67770251 ] ] ], [ [ [ -77.06040439, 38.67831806 ], [ -77.06013209, 38.67800272 ], [ -77.06026993, 38.67747801 ], [ -77.06088343, 38.67784634 ], [ -77.06040439, 38.67831806 ] ] ], [ [ [ -77.10300402, 38.67837292 ], [ -77.10308204, 38.67842017 ], [ -77.10296412, 38.67852513 ], [ -77.10300402, 38.67837292 ] ] ], [ [ [ -77.10252524, 38.6788448 ], [ -77.10259391, 38.67885544 ], [ -77.10250022, 38.67894026 ], [ -77.10252524, 38.6788448 ] ] ], [ [ [ -77.06094899, 38.67894874 ], [ -77.0607456, 38.67837105 ], [ -77.06153345, 38.67822421 ], [ -77.06174003, 38.67913238 ], [ -77.06094899, 38.67894874 ] ] ], [ [ [ -77.10204646, 38.67931668 ], [ -77.10207891, 38.67932171 ], [ -77.10199926, 38.67939383 ], [ -77.10204646, 38.67931668 ] ] ], [ [ [ -77.01984781, 38.6799319 ], [ -77.01998593, 38.67940724 ], [ -77.02032712, 38.67946034 ], [ -77.020189, 38.679985 ], [ -77.01984781, 38.6799319 ] ] ], [ [ [ -77.06593276, 38.67890341 ], [ -77.06473624, 38.67911282 ], [ -77.06395105, 38.67968795 ], [ -77.06211809, 38.68006838 ], [ -77.0619954, 38.67945016 ], [ -77.06656008, 38.67778966 ], [ -77.06731568, 38.67827134 ], [ -77.06593276, 38.67890341 ] ] ], [ [ [ -77.09323746, 38.68040878 ], [ -77.09343815, 38.68010699 ], [ -77.09367707, 38.68038347 ], [ -77.09323746, 38.68040878 ] ] ], [ [ [ -77.07227828, 38.68043446 ], [ -77.07188581, 38.68028009 ], [ -77.07224546, 38.68009645 ], [ -77.07227828, 38.68043446 ] ] ], [ [ [ -77.01923035, 38.68092812 ], [ -77.01883799, 38.68077358 ], [ -77.01919777, 38.6805901 ], [ -77.01923035, 38.68092812 ] ] ], [ [ [ -77.10170261, 38.68062856 ], [ -77.10160415, 38.68025265 ], [ -77.10269178, 38.68091912 ], [ -77.10231635, 38.68099669 ], [ -77.10170261, 38.68062856 ] ] ], [ [ [ -77.01670384, 38.68108104 ], [ -77.01631149, 38.68092649 ], [ -77.01667128, 38.68074301 ], [ -77.01670384, 38.68108104 ] ] ], [ [ [ -77.03221952, 38.67475681 ], [ -77.03201248, 38.67554382 ], [ -77.0292791, 38.67648401 ], [ -77.02822932, 38.67779327 ], [ -77.0292712, 38.67921352 ], [ -77.02898505, 38.67949235 ], [ -77.02837007, 38.67913001 ], [ -77.02766196, 38.67982014 ], [ -77.02820915, 38.68064502 ], [ -77.02769534, 38.68115297 ], [ -77.02640726, 38.68064844 ], [ -77.02493944, 38.67835733 ], [ -77.02199659, 38.67600252 ], [ -77.02141326, 38.67474676 ], [ -77.02784912, 38.67555953 ], [ -77.02833017, 38.67470941 ], [ -77.02946699, 38.67433175 ], [ -77.02939837, 38.67339543 ], [ -77.03190293, 38.67400982 ], [ -77.03221952, 38.67475681 ] ] ], [ [ [ -77.01670384, 38.68108104 ], [ -77.01704504, 38.68113414 ], [ -77.01678597, 38.68144357 ], [ -77.01670384, 38.68108104 ] ] ], [ [ [ -77.02195993, 38.68135291 ], [ -77.02209804, 38.68082825 ], [ -77.02148471, 38.68045972 ], [ -77.02087549, 38.67872644 ], [ -77.02142175, 38.67704791 ], [ -77.02277564, 38.677227 ], [ -77.0253847, 38.67991066 ], [ -77.02530693, 38.68078139 ], [ -77.02407619, 38.68140913 ], [ -77.02339379, 38.68130295 ], [ -77.02216302, 38.68193067 ], [ -77.02230113, 38.681406 ], [ -77.02195993, 38.68135291 ] ] ], [ [ [ -77.01704504, 38.68113414 ], [ -77.01736732, 38.68054641 ], [ -77.01827168, 38.68187123 ], [ -77.01766218, 38.68199664 ], [ -77.0175896, 38.68131065 ], [ -77.01704504, 38.68113414 ] ] ], [ [ [ -77.01574514, 38.68202413 ], [ -77.01594615, 38.68172247 ], [ -77.01618478, 38.68199909 ], [ -77.01574514, 38.68202413 ] ] ], [ [ [ -77.06913512, 38.68158493 ], [ -77.06854665, 38.68030739 ], [ -77.06756998, 38.67943062 ], [ -77.06773483, 38.67825735 ], [ -77.06884035, 38.67925624 ], [ -77.06988281, 38.67921806 ], [ -77.07054609, 38.67972858 ], [ -77.07052912, 38.68088628 ], [ -77.07161037, 38.68105316 ], [ -77.07293968, 38.68039404 ], [ -77.07271166, 38.67952738 ], [ -77.0703544, 38.67929099 ], [ -77.07041911, 38.67863174 ], [ -77.07118844, 38.67832677 ], [ -77.07029269, 38.67708101 ], [ -77.07167418, 38.67597192 ], [ -77.07604417, 38.67555789 ], [ -77.07686124, 38.67650382 ], [ -77.07842963, 38.67729325 ], [ -77.07917807, 38.67910616 ], [ -77.0799262, 38.67970978 ], [ -77.07999307, 38.68093846 ], [ -77.07480155, 38.68164516 ], [ -77.07166153, 38.68143094 ], [ -77.07002106, 38.68226854 ], [ -77.06913512, 38.68158493 ] ] ], [ [ [ -77.10300402, 38.67837292 ], [ -77.10075856, 38.6803431 ], [ -77.09961151, 38.67930612 ], [ -77.10051309, 38.68044425 ], [ -77.09789164, 38.68262171 ], [ -77.09566683, 38.68119943 ], [ -77.09674839, 38.68041677 ], [ -77.09621806, 38.67969158 ], [ -77.09456386, 38.68009897 ], [ -77.09106999, 38.67673992 ], [ -77.08964571, 38.6738217 ], [ -77.09229515, 38.67245114 ], [ -77.0910514, 38.6703645 ], [ -77.09360742, 38.66839992 ], [ -77.0953772, 38.66772854 ], [ -77.09823851, 38.67120372 ], [ -77.10377792, 38.67496461 ], [ -77.10163433, 38.6759831 ], [ -77.10158816, 38.67645429 ], [ -77.10287486, 38.67712773 ], [ -77.10300402, 38.67837292 ] ] ], [ [ [ -77.09924242, 38.68188555 ], [ -77.10097679, 38.6805161 ], [ -77.10458931, 38.68238976 ], [ -77.10175456, 38.68477009 ], [ -77.09918139, 38.68320379 ], [ -77.09887316, 38.68251758 ], [ -77.09924242, 38.68188555 ] ] ], [ [ [ -77.03874453, 38.68505586 ], [ -77.03900351, 38.68474638 ], [ -77.03908576, 38.6851089 ], [ -77.03874453, 38.68505586 ] ] ], [ [ [ -77.09780059, 38.68603066 ], [ -77.09813492, 38.68571518 ], [ -77.09895453, 38.68609255 ], [ -77.09780059, 38.68603066 ] ] ], [ [ [ -77.01225128, 38.68584955 ], [ -77.01259249, 38.68590267 ], [ -77.01233339, 38.68621209 ], [ -77.01225128, 38.68584955 ] ] ], [ [ [ -77.03164004, 38.6864088 ], [ -77.03124762, 38.6862543 ], [ -77.0316074, 38.68607078 ], [ -77.03164004, 38.6864088 ] ] ], [ [ [ -77.01429856, 38.68616826 ], [ -77.01401899, 38.6864797 ], [ -77.0134955, 38.68615259 ], [ -77.01429856, 38.68616826 ] ] ], [ [ [ -77.01753689, 38.67656833 ], [ -77.01848114, 38.6765545 ], [ -77.01785018, 38.67756781 ], [ -77.01896651, 38.67788318 ], [ -77.01898941, 38.67962936 ], [ -77.02002028, 38.67876229 ], [ -77.02072872, 38.67724313 ], [ -77.02066831, 38.67951344 ], [ -77.02024498, 38.6790978 ], [ -77.0194409, 38.67959549 ], [ -77.01970968, 38.68045656 ], [ -77.01809469, 38.67947796 ], [ -77.01652758, 38.67932737 ], [ -77.01655246, 38.68024716 ], [ -77.01464268, 38.6816137 ], [ -77.01574514, 38.68202413 ], [ -77.01495485, 38.68336812 ], [ -77.01713338, 38.68241823 ], [ -77.01683362, 38.68328589 ], [ -77.01372635, 38.68581544 ], [ -77.01156885, 38.6857433 ], [ -77.01153631, 38.68540528 ], [ -77.01079082, 38.68682171 ], [ -77.00905959, 38.68738888 ], [ -77.00827309, 38.68702896 ], [ -77.00935609, 38.6866647 ], [ -77.01127837, 38.68175137 ], [ -77.01753689, 38.67656833 ] ] ], [ [ [ -77.03164004, 38.6864088 ], [ -77.03293797, 38.68616904 ], [ -77.03370747, 38.68671164 ], [ -77.03390414, 38.68784157 ], [ -77.03164004, 38.6864088 ] ] ], [ [ [ -77.01135726, 38.68789504 ], [ -77.01096488, 38.68774048 ], [ -77.01132472, 38.68755702 ], [ -77.01135726, 38.68789504 ] ] ], [ [ [ -77.04972593, 38.6892201 ], [ -77.05012852, 38.68941918 ], [ -77.04965697, 38.68948245 ], [ -77.04972593, 38.6892201 ] ] ], [ [ [ -77.03908576, 38.6851089 ], [ -77.04020148, 38.68506448 ], [ -77.03973299, 38.68415672 ], [ -77.03771767, 38.68435754 ], [ -77.0384033, 38.68500281 ], [ -77.03796364, 38.68502792 ], [ -77.03820237, 38.6853045 ], [ -77.03874453, 38.68505586 ], [ -77.03828998, 38.6859308 ], [ -77.0363388, 38.68537464 ], [ -77.03595679, 38.68485163 ], [ -77.03528388, 38.68525314 ], [ -77.03285479, 38.68490381 ], [ -77.02767638, 38.68191365 ], [ -77.02769534, 38.68115297 ], [ -77.02851813, 38.68178338 ], [ -77.02964716, 38.68141152 ], [ -77.02962298, 38.68051814 ], [ -77.03088964, 38.68036262 ], [ -77.02957517, 38.67997882 ], [ -77.02927145, 38.67860887 ], [ -77.02852374, 38.67800495 ], [ -77.02921008, 38.67674634 ], [ -77.03037167, 38.67638089 ], [ -77.03173641, 38.67659317 ], [ -77.03216946, 38.67735761 ], [ -77.03377966, 38.67827632 ], [ -77.03421274, 38.67904075 ], [ -77.035823, 38.67995943 ], [ -77.03612785, 38.68061284 ], [ -77.03648759, 38.68042931 ], [ -77.03173641, 38.67659317 ], [ -77.03201248, 38.67554382 ], [ -77.03235366, 38.67559689 ], [ -77.03242656, 38.6739698 ], [ -77.03379126, 38.67418205 ], [ -77.03590349, 38.67560283 ], [ -77.03692704, 38.67576199 ], [ -77.03738472, 38.6765833 ], [ -77.0398015, 38.67677853 ], [ -77.03940397, 38.67844314 ], [ -77.04096296, 38.67832111 ], [ -77.04119838, 38.67791584 ], [ -77.04083159, 38.67615388 ], [ -77.03986228, 38.67616958 ], [ -77.03815063, 38.67521065 ], [ -77.03692704, 38.67576199 ], [ -77.03510183, 38.67457041 ], [ -77.03252643, 38.67374812 ], [ -77.04116299, 38.67450913 ], [ -77.04204486, 38.67655769 ], [ -77.0425474, 38.67949181 ], [ -77.04404029, 38.68053666 ], [ -77.04434256, 38.68216776 ], [ -77.04574715, 38.68320045 ], [ -77.04610688, 38.68301689 ], [ -77.04568495, 38.68242319 ], [ -77.04428425, 38.6815479 ], [ -77.04456016, 38.68049853 ], [ -77.04667641, 38.68055436 ], [ -77.04783437, 38.6815535 ], [ -77.04789783, 38.68249361 ], [ -77.04854141, 38.68211749 ], [ -77.04674538, 38.68029201 ], [ -77.04353872, 38.67988457 ], [ -77.04258558, 38.67855321 ], [ -77.04315826, 38.67801343 ], [ -77.04412995, 38.67854874 ], [ -77.04415813, 38.67734139 ], [ -77.04238234, 38.67797549 ], [ -77.04255439, 38.6767573 ], [ -77.04204486, 38.67655769 ], [ -77.04192454, 38.67512126 ], [ -77.04120686, 38.67434228 ], [ -77.05082944, 38.67510997 ], [ -77.05339274, 38.67349254 ], [ -77.0538886, 38.67385878 ], [ -77.05647516, 38.67229089 ], [ -77.05645222, 38.67416393 ], [ -77.05761819, 38.67405403 ], [ -77.05747819, 38.67458691 ], [ -77.05781939, 38.6746399 ], [ -77.05747477, 38.67595166 ], [ -77.05648069, 38.67628484 ], [ -77.05446596, 38.67794181 ], [ -77.0533734, 38.67804514 ], [ -77.05269998, 38.67701014 ], [ -77.05199854, 38.67731968 ], [ -77.05310113, 38.67772978 ], [ -77.05357672, 38.67862285 ], [ -77.0525826, 38.67895599 ], [ -77.05053824, 38.68042873 ], [ -77.05077701, 38.68070529 ], [ -77.05156186, 38.68027978 ], [ -77.05747477, 38.67595166 ], [ -77.06013209, 38.67800272 ], [ -77.06198415, 38.68028784 ], [ -77.06142133, 38.68120654 ], [ -77.05526891, 38.6843469 ], [ -77.05083706, 38.68459455 ], [ -77.05165641, 38.68497224 ], [ -77.0530836, 38.68455356 ], [ -77.05444855, 38.68476559 ], [ -77.05424172, 38.68555264 ], [ -77.05377103, 38.68562792 ], [ -77.05394486, 38.68613451 ], [ -77.05526891, 38.6843469 ], [ -77.05636156, 38.68424355 ], [ -77.05574111, 38.68660471 ], [ -77.05539986, 38.68655171 ], [ -77.05450705, 38.68859751 ], [ -77.05327263, 38.68984907 ], [ -77.05194835, 38.68979536 ], [ -77.05068203, 38.68867198 ], [ -77.05100139, 38.68799081 ], [ -77.04926374, 38.68629874 ], [ -77.0483572, 38.687012 ], [ -77.04787689, 38.68596672 ], [ -77.04680212, 38.68520892 ], [ -77.04636723, 38.68613613 ], [ -77.04702663, 38.68755431 ], [ -77.0427358, 38.68664922 ], [ -77.04296955, 38.68615075 ], [ -77.04255737, 38.68603642 ], [ -77.04044906, 38.68653204 ], [ -77.0396709, 38.68617321 ], [ -77.03908576, 38.6851089 ] ] ], [ [ [ -77.04637874, 38.68979228 ], [ -77.04617783, 38.69009399 ], [ -77.04593905, 38.68981742 ], [ -77.04637874, 38.68979228 ] ] ], [ [ [ -77.07546549, 38.6899396 ], [ -77.0752647, 38.69024136 ], [ -77.07502582, 38.68996485 ], [ -77.07546549, 38.6899396 ] ] ], [ [ [ -77.04227998, 38.69052063 ], [ -77.04241797, 38.68999595 ], [ -77.04207671, 38.68994291 ], [ -77.04255595, 38.68947126 ], [ -77.04368617, 38.69030718 ], [ -77.04379585, 38.68919623 ], [ -77.0450143, 38.68950999 ], [ -77.04523471, 38.69069143 ], [ -77.04227998, 38.69052063 ] ] ], [ [ [ -77.00957773, 38.68925648 ], [ -77.0093704, 38.69004346 ], [ -77.00971163, 38.69009659 ], [ -77.00913766, 38.69074281 ], [ -77.00838607, 38.68751435 ], [ -77.0089648, 38.687538 ], [ -77.00957773, 38.68925648 ] ] ], [ [ [ -77.01558172, 38.69073732 ], [ -77.01601934, 38.69042448 ], [ -77.0162642, 38.69084354 ], [ -77.01558172, 38.69073732 ] ] ], [ [ [ -77.05450705, 38.68859751 ], [ -77.05608236, 38.68665771 ], [ -77.05649944, 38.68371885 ], [ -77.06258284, 38.68084078 ], [ -77.06264842, 38.68194318 ], [ -77.06366881, 38.68346688 ], [ -77.06362528, 38.68454634 ], [ -77.06427908, 38.68519995 ], [ -77.06407235, 38.68598702 ], [ -77.0630486, 38.68582808 ], [ -77.06209043, 38.68677153 ], [ -77.06129586, 38.68677922 ], [ -77.06148779, 38.68732074 ], [ -77.06297968, 38.68609043 ], [ -77.06454809, 38.6862754 ], [ -77.06437329, 38.68994702 ], [ -77.06382438, 38.69018406 ], [ -77.06477368, 38.69070394 ], [ -77.0603165, 38.69076313 ], [ -77.05449009, 38.68928766 ], [ -77.05450705, 38.68859751 ] ] ], [ [ [ -77.01524049, 38.6906842 ], [ -77.01558172, 38.69073732 ], [ -77.01532262, 38.69104674 ], [ -77.01524049, 38.6906842 ] ] ], [ [ [ -77.0162642, 38.69084354 ], [ -77.01665661, 38.69099809 ], [ -77.01629677, 38.69118156 ], [ -77.0162642, 38.69084354 ] ] ], [ [ [ -77.07477983, 38.69119846 ], [ -77.07498062, 38.6908967 ], [ -77.07521951, 38.69117322 ], [ -77.07477983, 38.69119846 ] ] ], [ [ [ -77.00934812, 38.69164669 ], [ -77.00933669, 38.69159729 ], [ -77.00943609, 38.6916922 ], [ -77.00936545, 38.6917214 ], [ -77.00934812, 38.69164669 ] ] ], [ [ [ -77.04712299, 38.6923655 ], [ -77.0473239, 38.69206379 ], [ -77.04756268, 38.69234035 ], [ -77.04712299, 38.6923655 ] ] ], [ [ [ -77.03904954, 38.69224665 ], [ -77.03879465, 38.6916173 ], [ -77.03973497, 38.69186693 ], [ -77.03994809, 38.69271246 ], [ -77.03904954, 38.69224665 ] ] ], [ [ [ -77.06475156, 38.68745773 ], [ -77.06557517, 38.68567422 ], [ -77.06698396, 38.68624635 ], [ -77.06837448, 38.68753666 ], [ -77.06895244, 38.68692733 ], [ -77.06811174, 38.68485682 ], [ -77.06523392, 38.68562124 ], [ -77.06516501, 38.6858836 ], [ -77.06400674, 38.68488462 ], [ -77.06380662, 38.68294217 ], [ -77.06258284, 38.68084078 ], [ -77.06283389, 38.68041312 ], [ -77.06375295, 38.68082714 ], [ -77.06395105, 38.67968795 ], [ -77.06593276, 38.67890341 ], [ -77.06736654, 38.67885294 ], [ -77.06722875, 38.67937765 ], [ -77.06859043, 38.68095428 ], [ -77.06845265, 38.681479 ], [ -77.06913512, 38.68158493 ], [ -77.06991063, 38.68300016 ], [ -77.07434549, 38.68547066 ], [ -77.07500438, 38.68533691 ], [ -77.07049688, 38.68316154 ], [ -77.07002106, 38.68226854 ], [ -77.07159266, 38.6816933 ], [ -77.07329885, 38.68195808 ], [ -77.07773805, 38.68128164 ], [ -77.07910301, 38.68149339 ], [ -77.0788276, 38.68254285 ], [ -77.07916885, 38.68259579 ], [ -77.07841143, 38.68548179 ], [ -77.07792569, 38.68559149 ], [ -77.07803277, 38.68633644 ], [ -77.07875269, 38.68553473 ], [ -77.07951009, 38.68264872 ], [ -77.07916885, 38.68259579 ], [ -77.07960461, 38.68138989 ], [ -77.08035675, 38.68123032 ], [ -77.08040825, 38.68000188 ], [ -77.07965382, 38.67939448 ], [ -77.07877086, 38.67734619 ], [ -77.07579902, 38.67513895 ], [ -77.07248187, 38.67545265 ], [ -77.069995, 38.67654724 ], [ -77.06961773, 38.67525328 ], [ -77.06756796, 38.67600703 ], [ -77.06671374, 38.67723354 ], [ -77.0659393, 38.6761739 ], [ -77.06637889, 38.67614868 ], [ -77.06614008, 38.67587215 ], [ -77.06423327, 38.67590902 ], [ -77.06416464, 38.67524466 ], [ -77.06344723, 38.67559617 ], [ -77.06423327, 38.67590902 ], [ -77.06409546, 38.67643373 ], [ -77.0632925, 38.67641838 ], [ -77.06381614, 38.67674527 ], [ -77.06409546, 38.67643373 ], [ -77.06506513, 38.67739371 ], [ -77.06166046, 38.67709571 ], [ -77.06088343, 38.67784634 ], [ -77.06061114, 38.677531 ], [ -77.06109725, 38.67701651 ], [ -77.06033392, 38.67667265 ], [ -77.05969443, 38.67721718 ], [ -77.05888028, 38.67636049 ], [ -77.05936286, 38.67572747 ], [ -77.05804413, 38.67586157 ], [ -77.05798299, 38.67401713 ], [ -77.06374602, 38.67346199 ], [ -77.06627871, 38.6740724 ], [ -77.07136781, 38.67265714 ], [ -77.07015451, 38.67022716 ], [ -77.0730384, 38.66878139 ], [ -77.07425151, 38.66887677 ], [ -77.07407623, 38.66744626 ], [ -77.07505258, 38.66745007 ], [ -77.07990493, 38.67261514 ], [ -77.08241499, 38.67125329 ], [ -77.08458186, 38.67370998 ], [ -77.08016418, 38.67611708 ], [ -77.08134692, 38.67811977 ], [ -77.08861255, 38.67435784 ], [ -77.09020267, 38.67692114 ], [ -77.08906637, 38.6779891 ], [ -77.08953611, 38.67849016 ], [ -77.09108306, 38.67748613 ], [ -77.09294329, 38.67966059 ], [ -77.09196564, 38.68054478 ], [ -77.09323746, 38.68040878 ], [ -77.09333306, 38.68141896 ], [ -77.09480608, 38.68166168 ], [ -77.09733698, 38.68366322 ], [ -77.09638013, 38.68480211 ], [ -77.09780059, 38.68603066 ], [ -77.0882585, 38.68929897 ], [ -77.08550335, 38.68958519 ], [ -77.08498566, 38.68885097 ], [ -77.08386578, 38.68905821 ], [ -77.0843859, 38.68851679 ], [ -77.0834047, 38.68863967 ], [ -77.08309651, 38.68958419 ], [ -77.08386578, 38.68905821 ], [ -77.08411103, 38.68947714 ], [ -77.08454834, 38.68916406 ], [ -77.08550335, 38.68958519 ], [ -77.08296089, 38.6899074 ], [ -77.08109566, 38.68960692 ], [ -77.08035091, 38.68829217 ], [ -77.08171413, 38.68704 ], [ -77.08141373, 38.68548913 ], [ -77.07825337, 38.68825519 ], [ -77.07778783, 38.6900579 ], [ -77.07546549, 38.6899396 ], [ -77.07471608, 38.68891446 ], [ -77.07272348, 38.68893473 ], [ -77.07359213, 38.68979427 ], [ -77.07331565, 38.69053492 ], [ -77.07364769, 38.69133252 ], [ -77.07477983, 38.69119846 ], [ -77.07252234, 38.69303259 ], [ -77.0725524, 38.68960547 ], [ -77.07058793, 38.6892081 ], [ -77.0693164, 38.68983539 ], [ -77.0691564, 38.69020294 ], [ -77.06992694, 38.6906065 ], [ -77.06823634, 38.69105489 ], [ -77.0660469, 38.69092758 ], [ -77.06494968, 38.68978891 ], [ -77.06475156, 38.68745773 ] ], [ [ -77.07079148, 38.67392356 ], [ -77.07075867, 38.67358556 ], [ -77.07039905, 38.67376919 ], [ -77.07086016, 38.67458792 ], [ -77.07157753, 38.67423636 ], [ -77.07079148, 38.67392356 ] ] ], [ [ [ -77.07252234, 38.69303259 ], [ -77.07232153, 38.69333434 ], [ -77.07208264, 38.69305782 ], [ -77.07252234, 38.69303259 ] ] ], [ [ [ -77.05449661, 38.69269178 ], [ -77.05353824, 38.69363517 ], [ -77.05312891, 38.69338706 ], [ -77.05371023, 38.69222192 ], [ -77.05449661, 38.69269178 ] ] ], [ [ [ -77.04712299, 38.6923655 ], [ -77.04714508, 38.69280853 ], [ -77.04790967, 38.69395358 ], [ -77.04690081, 38.69403176 ], [ -77.0462904, 38.69239013 ], [ -77.04712299, 38.6923655 ] ] ], [ [ [ -77.03960766, 38.69392822 ], [ -77.0400452, 38.69361529 ], [ -77.04029021, 38.69403431 ], [ -77.03960766, 38.69392822 ] ] ], [ [ [ -77.06521423, 38.69380978 ], [ -77.06555552, 38.69386276 ], [ -77.06548661, 38.69412511 ], [ -77.06514532, 38.69407214 ], [ -77.06521423, 38.69380978 ] ] ], [ [ [ -77.05353824, 38.69363517 ], [ -77.05394537, 38.69397146 ], [ -77.05340032, 38.69415987 ], [ -77.05353824, 38.69363517 ] ] ], [ [ [ -77.06548661, 38.69412511 ], [ -77.06587914, 38.6942795 ], [ -77.06551941, 38.69446312 ], [ -77.06548661, 38.69412511 ] ] ], [ [ [ -77.04998753, 38.69362974 ], [ -77.04877523, 38.6933154 ], [ -77.04778934, 38.69178504 ], [ -77.04888827, 38.69129019 ], [ -77.04849557, 38.69000586 ], [ -77.04712468, 38.69032992 ], [ -77.04627877, 38.68935782 ], [ -77.04706084, 38.68906148 ], [ -77.04568512, 38.68837757 ], [ -77.04360317, 38.68866069 ], [ -77.04268853, 38.6871884 ], [ -77.04395895, 38.68762492 ], [ -77.04372541, 38.68812262 ], [ -77.04414163, 38.68823811 ], [ -77.04478673, 38.68780836 ], [ -77.04728629, 38.68790972 ], [ -77.04833389, 38.68864836 ], [ -77.04967738, 38.68870283 ], [ -77.04972593, 38.6892201 ], [ -77.04925438, 38.68928337 ], [ -77.04993942, 38.69077058 ], [ -77.04949867, 38.69164422 ], [ -77.05048871, 38.69218576 ], [ -77.05162796, 38.69043624 ], [ -77.05604328, 38.69008648 ], [ -77.05459642, 38.69127199 ], [ -77.05463451, 38.69216708 ], [ -77.05396704, 38.6913161 ], [ -77.0530893, 38.69208867 ], [ -77.05144509, 38.69230046 ], [ -77.05146511, 38.69302862 ], [ -77.0532202, 38.69429349 ], [ -77.05254366, 38.69451626 ], [ -77.0499368, 38.69269121 ], [ -77.04998753, 38.69362974 ] ] ], [ [ [ -77.04998753, 38.69362974 ], [ -77.05050262, 38.69382122 ], [ -77.05148703, 38.69468186 ], [ -77.05025972, 38.69439948 ], [ -77.04998753, 38.69362974 ] ] ], [ [ [ -77.01311546, 38.69335734 ], [ -77.01355518, 38.69333232 ], [ -77.01292973, 38.69319256 ], [ -77.01233327, 38.69171802 ], [ -77.01155172, 38.69120232 ], [ -77.01199142, 38.6911773 ], [ -77.01175277, 38.69090067 ], [ -77.01155172, 38.69120232 ], [ -77.01015111, 38.6908796 ], [ -77.00971163, 38.69009659 ], [ -77.00991896, 38.68930961 ], [ -77.00957773, 38.68925648 ], [ -77.0098592, 38.68883921 ], [ -77.01083455, 38.68909054 ], [ -77.01135726, 38.68789504 ], [ -77.01218587, 38.68818192 ], [ -77.01292067, 38.68735385 ], [ -77.01427733, 38.68770358 ], [ -77.01408282, 38.68968476 ], [ -77.01364313, 38.68970979 ], [ -77.01442405, 38.68973787 ], [ -77.01396937, 38.69047901 ], [ -77.01461865, 38.69304516 ], [ -77.01425276, 38.69473458 ], [ -77.01311546, 38.69335734 ] ] ], [ [ [ -77.05148703, 38.69468186 ], [ -77.0521696, 38.69478789 ], [ -77.05210063, 38.69505023 ], [ -77.05141806, 38.69494421 ], [ -77.05148703, 38.69468186 ] ] ], [ [ [ -77.05210063, 38.69505023 ], [ -77.05249314, 38.69520467 ], [ -77.05213337, 38.69538825 ], [ -77.05210063, 38.69505023 ] ] ], [ [ [ -77.01816517, 38.69441636 ], [ -77.01813259, 38.69407834 ], [ -77.01777274, 38.69426182 ], [ -77.01816517, 38.69441636 ], [ -77.01765788, 38.6952216 ], [ -77.01685013, 38.69523457 ], [ -77.01468352, 38.69414759 ], [ -77.01517883, 38.69131478 ], [ -77.01740388, 38.69190883 ], [ -77.01895575, 38.69114215 ], [ -77.01842656, 38.68996108 ], [ -77.0185612, 38.68862183 ], [ -77.01777285, 38.68951052 ], [ -77.01669707, 38.68967738 ], [ -77.01725763, 38.69019318 ], [ -77.01503709, 38.69056081 ], [ -77.01442405, 38.68973787 ], [ -77.01462064, 38.68825719 ], [ -77.01573952, 38.68806493 ], [ -77.01429856, 38.68616826 ], [ -77.01460131, 38.68566216 ], [ -77.01558604, 38.68558463 ], [ -77.01578676, 38.68677714 ], [ -77.01612452, 38.6854643 ], [ -77.01525451, 38.68507393 ], [ -77.01827168, 38.68187123 ], [ -77.01895408, 38.68197744 ], [ -77.01923035, 38.68092812 ], [ -77.01987403, 38.68092843 ], [ -77.01970968, 38.68045656 ], [ -77.020189, 38.679985 ], [ -77.02075189, 38.67989819 ], [ -77.02175685, 38.68077515 ], [ -77.02073097, 38.68118713 ], [ -77.0205501, 38.68179114 ], [ -77.02195993, 38.68135291 ], [ -77.02182181, 38.68187757 ], [ -77.02216302, 38.68193067 ], [ -77.02181363, 38.68460708 ], [ -77.02147242, 38.68455399 ], [ -77.02105803, 38.68612798 ], [ -77.02143184, 38.68651909 ], [ -77.02179165, 38.6863356 ], [ -77.02139925, 38.68618108 ], [ -77.02181363, 38.68460708 ], [ -77.02208579, 38.68492251 ], [ -77.02351971, 38.68487255 ], [ -77.0234994, 38.68548995 ], [ -77.02392482, 38.68508745 ], [ -77.02351971, 38.68487255 ], [ -77.02406031, 38.68454705 ], [ -77.02369963, 38.6837641 ], [ -77.02292307, 38.68414529 ], [ -77.02358877, 38.68461022 ], [ -77.02215485, 38.68466018 ], [ -77.02291448, 38.68177452 ], [ -77.02400714, 38.68167146 ], [ -77.02588709, 38.68066192 ], [ -77.02683244, 38.68160942 ], [ -77.0264882, 38.68195468 ], [ -77.02732655, 38.6822907 ], [ -77.02721207, 38.68298932 ], [ -77.02674054, 38.6830525 ], [ -77.02714303, 38.68325165 ], [ -77.02699193, 38.68577436 ], [ -77.02755105, 38.68490264 ], [ -77.02713903, 38.68461641 ], [ -77.02721207, 38.68298932 ], [ -77.02860286, 38.68394396 ], [ -77.02986355, 38.68399525 ], [ -77.03106664, 38.68502212 ], [ -77.02991307, 38.6859886 ], [ -77.02924961, 38.68914376 ], [ -77.02981241, 38.69006652 ], [ -77.02961409, 38.69197546 ], [ -77.02996389, 38.69272828 ], [ -77.03157, 38.69279365 ], [ -77.03374521, 38.69400471 ], [ -77.03433499, 38.69295439 ], [ -77.03749687, 38.69266196 ], [ -77.03960766, 38.69392822 ], [ -77.03938275, 38.69528967 ], [ -77.03776203, 38.69538254 ], [ -77.03775721, 38.69467298 ], [ -77.03755625, 38.69497468 ], [ -77.03706092, 38.69457954 ], [ -77.03734365, 38.69409296 ], [ -77.03633334, 38.69374602 ], [ -77.03636953, 38.69507473 ], [ -77.03502929, 38.69512797 ], [ -77.03499664, 38.69478996 ], [ -77.03441118, 38.69551068 ], [ -77.03421814, 38.69481319 ], [ -77.03189966, 38.69369827 ], [ -77.02971302, 38.69454358 ], [ -77.02945261, 38.69360266 ], [ -77.0286936, 38.69407249 ], [ -77.02711287, 38.69369503 ], [ -77.02589484, 38.69532669 ], [ -77.02480045, 38.69376267 ], [ -77.02231635, 38.69316927 ], [ -77.02118466, 38.69512808 ], [ -77.01889755, 38.69495502 ], [ -77.01816517, 38.69441636 ] ], [ [ -77.02670877, 38.69164944 ], [ -77.02611685, 38.6906364 ], [ -77.02544558, 38.69183642 ], [ -77.0271012, 38.69180395 ], [ -77.02670877, 38.69164944 ] ], [ [ -77.02788193, 38.68949798 ], [ -77.02664772, 38.68918226 ], [ -77.02550256, 38.68997002 ], [ -77.02604996, 38.69057359 ], [ -77.02788193, 38.68949798 ] ] ], [ [ [ -77.06049843, 38.69553519 ], [ -77.06069929, 38.69523346 ], [ -77.06093814, 38.69551 ], [ -77.06049843, 38.69553519 ] ] ], [ [ [ -77.05879196, 38.69527023 ], [ -77.06049843, 38.69553519 ], [ -77.05872302, 38.69553259 ], [ -77.05879196, 38.69527023 ] ] ], [ [ [ -77.05879196, 38.69527023 ], [ -77.05787485, 38.69528716 ], [ -77.05638202, 38.69422843 ], [ -77.0562239, 38.69362762 ], [ -77.05449661, 38.69269178 ], [ -77.05463451, 38.69216708 ], [ -77.05662744, 38.69273752 ], [ -77.05834632, 38.692359 ], [ -77.05933816, 38.69087467 ], [ -77.0598475, 38.69236598 ], [ -77.06267194, 38.6925541 ], [ -77.06263919, 38.6913696 ], [ -77.06470973, 38.69128679 ], [ -77.06521423, 38.69380978 ], [ -77.0645799, 38.69384171 ], [ -77.06455994, 38.69437459 ], [ -77.06655589, 38.69537436 ], [ -77.06619793, 38.69599037 ], [ -77.06387533, 38.6952984 ], [ -77.06146762, 38.69535901 ], [ -77.059254, 38.69358711 ], [ -77.05817476, 38.69433856 ], [ -77.05879196, 38.69527023 ] ] ], [ [ [ -77.04758777, 38.69735286 ], [ -77.04798027, 38.69750731 ], [ -77.04762048, 38.69769087 ], [ -77.04758777, 38.69735286 ] ] ], [ [ [ -77.04308939, 38.69419629 ], [ -77.04432726, 38.6941008 ], [ -77.04352038, 38.69358834 ], [ -77.04308939, 38.69419629 ], [ -77.04269298, 38.69363469 ], [ -77.04213978, 38.69434791 ], [ -77.04049601, 38.69444217 ], [ -77.04029021, 38.69403431 ], [ -77.04223783, 38.69404435 ], [ -77.04199265, 38.69359691 ], [ -77.04030069, 38.6933614 ], [ -77.04060979, 38.69204904 ], [ -77.04124558, 38.69173866 ], [ -77.04105486, 38.69046235 ], [ -77.03977495, 38.69059127 ], [ -77.03866292, 38.69009121 ], [ -77.0354601, 38.69061288 ], [ -77.03402088, 38.68972683 ], [ -77.03047975, 38.68883627 ], [ -77.03066575, 38.68804638 ], [ -77.03273079, 38.6883506 ], [ -77.03403412, 38.68937261 ], [ -77.03545096, 38.68798289 ], [ -77.03569687, 38.68963115 ], [ -77.03719394, 38.68956283 ], [ -77.03648013, 38.68707636 ], [ -77.03501453, 38.68644114 ], [ -77.03518131, 38.68573333 ], [ -77.04086197, 38.68712036 ], [ -77.0390467, 38.68764898 ], [ -77.03935277, 38.68903324 ], [ -77.0408153, 38.68897084 ], [ -77.04082357, 38.68752093 ], [ -77.04255595, 38.68947126 ], [ -77.04167414, 38.68974381 ], [ -77.04207671, 38.68994291 ], [ -77.04193872, 38.6904676 ], [ -77.04419407, 38.69210424 ], [ -77.04476687, 38.69119433 ], [ -77.04483259, 38.6921712 ], [ -77.04674525, 38.69497038 ], [ -77.04804401, 38.69494937 ], [ -77.04851579, 38.69572586 ], [ -77.04789517, 38.69614677 ], [ -77.04692116, 38.69528358 ], [ -77.04758777, 38.69735286 ], [ -77.04618266, 38.69743841 ], [ -77.04492254, 38.69837688 ], [ -77.04462785, 38.69703722 ], [ -77.04507076, 38.69602112 ], [ -77.04365941, 38.69668914 ], [ -77.03921569, 38.69616811 ], [ -77.04005612, 38.69495526 ], [ -77.04328642, 38.69509198 ], [ -77.04308939, 38.69419629 ] ] ], [ [ [ -77.04535314, 38.69987191 ], [ -77.04539839, 38.69892414 ], [ -77.04615996, 38.7002266 ], [ -77.04520501, 38.70018782 ], [ -77.04535314, 38.69987191 ] ] ], [ [ [ -77.04641865, 38.70044799 ], [ -77.04621772, 38.7007497 ], [ -77.04597891, 38.70047313 ], [ -77.04641865, 38.70044799 ] ] ], [ [ [ -77.04641865, 38.70044799 ], [ -77.04674146, 38.70013335 ], [ -77.04742202, 38.70043654 ], [ -77.04679345, 38.70104915 ], [ -77.04641865, 38.70044799 ] ] ], [ [ [ -77.02687137, 38.7034312 ], [ -77.02694269, 38.70338373 ], [ -77.0269224, 38.70342741 ], [ -77.02687137, 38.7034312 ] ] ], [ [ [ -77.00304563, 38.70325917 ], [ -77.00392691, 38.7029749 ], [ -77.00375339, 38.70246824 ], [ -77.00345606, 38.70304999 ], [ -77.00254233, 38.70318079 ], [ -77.00462718, 38.69873125 ], [ -77.00517583, 38.69918613 ], [ -77.00783294, 38.69843163 ], [ -77.0140671, 38.70217508 ], [ -77.01791764, 38.70329119 ], [ -77.02044517, 38.70338907 ], [ -77.02258773, 38.7027849 ], [ -77.02362515, 38.70330317 ], [ -77.02139555, 38.70377891 ], [ -77.01978506, 38.70647088 ], [ -77.01613875, 38.70551065 ], [ -77.0162481, 38.70479885 ], [ -77.01531758, 38.7049855 ], [ -77.01490251, 38.70454903 ], [ -77.00962297, 38.70346674 ], [ -77.00948248, 38.70520309 ], [ -77.00323019, 38.70746918 ], [ -77.00340973, 38.70673395 ], [ -77.00131102, 38.70580484 ], [ -77.00156029, 38.70527364 ], [ -77.00160059, 38.70587611 ], [ -77.00224461, 38.70550023 ], [ -77.00166941, 38.7050411 ], [ -77.00242294, 38.70343529 ], [ -77.00304563, 38.70325917 ] ] ], [ [ [ -77.02802607, 38.70823884 ], [ -77.02841859, 38.70839335 ], [ -77.0280587, 38.70857686 ], [ -77.02802607, 38.70823884 ] ] ], [ [ [ -77.06601809, 38.70990043 ], [ -77.06864237, 38.70997772 ], [ -77.06958509, 38.71017992 ], [ -77.06661161, 38.71024825 ], [ -77.06601809, 38.70990043 ] ] ], [ [ [ -77.05821783, 38.71035831 ], [ -77.05705203, 38.71001884 ], [ -77.05857946, 38.71018566 ], [ -77.05821783, 38.71035831 ] ] ], [ [ [ -77.05656846, 38.7104893 ], [ -77.05669501, 38.71000784 ], [ -77.05704813, 38.71001872 ], [ -77.0572124, 38.71048941 ], [ -77.05656846, 38.7104893 ] ] ], [ [ [ -77.06155387, 38.71063022 ], [ -77.06176491, 38.71039495 ], [ -77.0621635, 38.71065526 ], [ -77.0617249, 38.71063358 ], [ -77.06155387, 38.71063022 ] ] ], [ [ [ -77.06034016, 38.710669 ], [ -77.0603097, 38.71066052 ], [ -77.06040726, 38.71066433 ], [ -77.06034016, 38.710669 ] ] ], [ [ [ -77.0543134, 38.71095833 ], [ -77.05469618, 38.71057992 ], [ -77.05419515, 38.71030212 ], [ -77.05363068, 38.71085232 ], [ -77.05219626, 38.71090263 ], [ -77.0527006, 38.7101015 ], [ -77.05564621, 38.71000758 ], [ -77.05656846, 38.7104893 ], [ -77.0543134, 38.71095833 ] ] ], [ [ [ -77.05219626, 38.71090263 ], [ -77.05199532, 38.71120435 ], [ -77.05175645, 38.71092779 ], [ -77.05219626, 38.71090263 ] ] ], [ [ [ -77.08508069, 38.71107933 ], [ -77.08581068, 38.71027598 ], [ -77.08627578, 38.71028579 ], [ -77.0851656, 38.71121458 ], [ -77.08508069, 38.71107933 ] ] ], [ [ [ -77.0535617, 38.71111467 ], [ -77.05363068, 38.71085232 ], [ -77.0543134, 38.71095833 ], [ -77.05424443, 38.71122068 ], [ -77.0535617, 38.71111467 ] ] ], [ [ [ -77.05315137, 38.71132401 ], [ -77.05322034, 38.71106166 ], [ -77.0535617, 38.71111467 ], [ -77.05349273, 38.71137702 ], [ -77.05315137, 38.71132401 ] ] ], [ [ [ -77.02644554, 38.71154304 ], [ -77.026053, 38.71138853 ], [ -77.02641291, 38.71120502 ], [ -77.02644554, 38.71154304 ] ] ], [ [ [ -77.05239967, 38.71148034 ], [ -77.05246864, 38.71121799 ], [ -77.05315137, 38.71132401 ], [ -77.05308239, 38.71158636 ], [ -77.05239967, 38.71148034 ] ] ], [ [ [ -77.05239967, 38.71148034 ], [ -77.05219872, 38.71178206 ], [ -77.05195986, 38.71150551 ], [ -77.05239967, 38.71148034 ] ] ], [ [ [ -77.07384382, 38.71235102 ], [ -77.07280797, 38.71168451 ], [ -77.07366612, 38.71155954 ], [ -77.07384382, 38.71235102 ] ] ], [ [ [ -77.05178239, 38.71247673 ], [ -77.05138979, 38.71232229 ], [ -77.05174965, 38.71213871 ], [ -77.05178239, 38.71247673 ] ] ], [ [ [ -77.03538968, 38.71266054 ], [ -77.0355907, 38.71235884 ], [ -77.03582951, 38.71263543 ], [ -77.03538968, 38.71266054 ] ] ], [ [ [ -77.07384382, 38.71235102 ], [ -77.07422875, 38.71250235 ], [ -77.07422867, 38.71250936 ], [ -77.07387666, 38.71268903 ], [ -77.07384382, 38.71235102 ] ] ], [ [ [ -77.0489308, 38.71247739 ], [ -77.04919584, 38.71248461 ], [ -77.04785598, 38.71319837 ], [ -77.04823794, 38.71283889 ], [ -77.0489308, 38.71247739 ] ] ], [ [ [ -77.07232672, 38.71238716 ], [ -77.07137404, 38.71174834 ], [ -77.0723105, 38.71198745 ], [ -77.07313817, 38.7132075 ], [ -77.07257551, 38.71310601 ], [ -77.07232672, 38.71238716 ] ] ], [ [ [ -77.02644554, 38.71154304 ], [ -77.0272816, 38.71131904 ], [ -77.02582549, 38.7102455 ], [ -77.02596565, 38.70893299 ], [ -77.0271342, 38.70945979 ], [ -77.02740177, 38.71004942 ], [ -77.02985901, 38.70977229 ], [ -77.02837497, 38.70944673 ], [ -77.02915573, 38.70883625 ], [ -77.02994675, 38.70688839 ], [ -77.0288657, 38.70690576 ], [ -77.02802607, 38.70823884 ], [ -77.02600274, 38.70826233 ], [ -77.02766233, 38.70409098 ], [ -77.02808919, 38.704246 ], [ -77.02767715, 38.704061 ], [ -77.02828876, 38.7028012 ], [ -77.02985504, 38.70326466 ], [ -77.03041918, 38.70553315 ], [ -77.03231718, 38.70738162 ], [ -77.03404417, 38.70798617 ], [ -77.03566641, 38.70739627 ], [ -77.03661841, 38.70869676 ], [ -77.03681113, 38.70953476 ], [ -77.03621275, 38.71080924 ], [ -77.03671699, 38.71189349 ], [ -77.03507147, 38.7100533 ], [ -77.03212986, 38.71230794 ], [ -77.02684315, 38.71384828 ], [ -77.02718941, 38.71248501 ], [ -77.02644554, 38.71154304 ] ] ], [ [ [ -77.07411319, 38.71403109 ], [ -77.07372054, 38.71387673 ], [ -77.07408034, 38.71369309 ], [ -77.07411319, 38.71403109 ] ] ], [ [ [ -77.05348573, 38.71410654 ], [ -77.05328478, 38.71440826 ], [ -77.0530459, 38.71413171 ], [ -77.05348573, 38.71410654 ] ] ], [ [ [ -77.07411319, 38.71403109 ], [ -77.07468157, 38.71424231 ], [ -77.0757547, 38.71509736 ], [ -77.07441536, 38.71478565 ], [ -77.07411319, 38.71403109 ] ] ], [ [ [ -77.05048235, 38.71336708 ], [ -77.04967844, 38.71556059 ], [ -77.04892647, 38.71456781 ], [ -77.04981079, 38.71342638 ], [ -77.05048235, 38.71336708 ] ] ], [ [ [ -77.05635123, 38.71537063 ], [ -77.05628226, 38.71563298 ], [ -77.05587952, 38.71543392 ], [ -77.05635123, 38.71537063 ] ] ], [ [ [ -77.04775611, 38.71500176 ], [ -77.04802018, 38.71462304 ], [ -77.04871454, 38.71531035 ], [ -77.04704537, 38.71563935 ], [ -77.04775611, 38.71500176 ] ] ], [ [ [ -77.07793435, 38.7157159 ], [ -77.07786546, 38.71597826 ], [ -77.07746265, 38.71577927 ], [ -77.07793435, 38.7157159 ] ] ], [ [ [ -77.05048235, 38.71336708 ], [ -77.05178239, 38.71247673 ], [ -77.05342025, 38.71300413 ], [ -77.05411637, 38.71373501 ], [ -77.05606695, 38.71337721 ], [ -77.05528756, 38.71481617 ], [ -77.05475951, 38.71496444 ], [ -77.05514914, 38.71424522 ], [ -77.05488745, 38.7137182 ], [ -77.05452759, 38.71390179 ], [ -77.05485123, 38.71431856 ], [ -77.05348573, 38.71410654 ], [ -77.0534091, 38.71342466 ], [ -77.05205194, 38.71354123 ], [ -77.05232288, 38.71430156 ], [ -77.05353766, 38.71479325 ], [ -77.0532289, 38.71555783 ], [ -77.0538262, 38.71612749 ], [ -77.05265292, 38.71627104 ], [ -77.05227503, 38.71490718 ], [ -77.05134959, 38.7147456 ], [ -77.05048235, 38.71336708 ] ] ], [ [ [ -77.07786546, 38.71597826 ], [ -77.07825813, 38.71613261 ], [ -77.07789833, 38.71631626 ], [ -77.07786546, 38.71597826 ] ] ], [ [ [ -77.04507853, 38.71635062 ], [ -77.04594492, 38.71500586 ], [ -77.04664549, 38.71503431 ], [ -77.04530128, 38.71626629 ], [ -77.04507853, 38.71635062 ] ] ], [ [ [ -77.05628226, 38.71563298 ], [ -77.05675398, 38.71556968 ], [ -77.05610891, 38.71436397 ], [ -77.05677233, 38.71395418 ], [ -77.05717556, 38.7145797 ], [ -77.05687749, 38.71664883 ], [ -77.05553098, 38.71596579 ], [ -77.05628226, 38.71563298 ] ] ], [ [ [ -77.07916219, 38.71645238 ], [ -77.0790933, 38.71671474 ], [ -77.07833425, 38.71646052 ], [ -77.07916219, 38.71645238 ] ] ], [ [ [ -77.04459913, 38.71682228 ], [ -77.04490354, 38.71632344 ], [ -77.04507853, 38.71635062 ], [ -77.04494051, 38.71687531 ], [ -77.04459913, 38.71682228 ] ] ], [ [ [ -77.0790933, 38.71671474 ], [ -77.07956501, 38.71665136 ], [ -77.07793435, 38.7157159 ], [ -77.07431297, 38.71279803 ], [ -77.07512839, 38.71293784 ], [ -77.07549585, 38.71366806 ], [ -77.08014089, 38.71673575 ], [ -77.08246475, 38.71669849 ], [ -77.08040896, 38.71697873 ], [ -77.0790933, 38.71671474 ] ] ], [ [ [ -77.04862177, 38.71689221 ], [ -77.04718871, 38.71646996 ], [ -77.04613054, 38.71671444 ], [ -77.04733382, 38.71588175 ], [ -77.04973661, 38.71730716 ], [ -77.04862177, 38.71689221 ] ] ], [ [ [ -77.07820382, 38.71739596 ], [ -77.07723164, 38.71767984 ], [ -77.07594702, 38.71600673 ], [ -77.0760374, 38.71529786 ], [ -77.07820382, 38.71739596 ] ] ], [ [ [ -77.07820382, 38.71739596 ], [ -77.07906694, 38.71727835 ], [ -77.07848318, 38.71783125 ], [ -77.07820382, 38.71739596 ] ] ], [ [ [ -77.0543754, 38.7134255 ], [ -77.0523352, 38.71213992 ], [ -77.05785964, 38.71083402 ], [ -77.0582403, 38.71109141 ], [ -77.05859658, 38.71358717 ], [ -77.05935139, 38.71400687 ], [ -77.05777889, 38.71804979 ], [ -77.05684366, 38.71805727 ], [ -77.05764123, 38.71712471 ], [ -77.05706627, 38.71663294 ], [ -77.05800497, 38.71401821 ], [ -77.05747306, 38.71297074 ], [ -77.05511003, 38.71291838 ], [ -77.0543754, 38.7134255 ] ] ], [ [ [ -77.05736852, 38.71825914 ], [ -77.05770992, 38.71831214 ], [ -77.05781679, 38.71807797 ], [ -77.05756546, 38.71864917 ], [ -77.05736852, 38.71825914 ] ] ], [ [ [ -77.07610312, 38.71876378 ], [ -77.07592849, 38.71849366 ], [ -77.07601446, 38.71851341 ], [ -77.07610312, 38.71876378 ] ] ], [ [ [ -77.08344867, 38.71700443 ], [ -77.08474223, 38.71573788 ], [ -77.08587326, 38.7136342 ], [ -77.08630972, 38.71349042 ], [ -77.08837018, 38.71511164 ], [ -77.08868858, 38.71697126 ], [ -77.08522126, 38.71686974 ], [ -77.08032525, 38.71865543 ], [ -77.07967788, 38.71933904 ], [ -77.07966268, 38.72010851 ], [ -77.07922215, 38.71962037 ], [ -77.08043283, 38.71761799 ], [ -77.08344867, 38.71700443 ] ] ], [ [ [ -77.02677488, 38.7156904 ], [ -77.02680751, 38.71602842 ], [ -77.02706032, 38.71545571 ], [ -77.028516, 38.71531084 ], [ -77.029457, 38.71444912 ], [ -77.03099292, 38.71475658 ], [ -77.03088221, 38.71392882 ], [ -77.03164316, 38.71330337 ], [ -77.03296153, 38.71327125 ], [ -77.03492404, 38.71240469 ], [ -77.03538968, 38.71266054 ], [ -77.03166046, 38.71638173 ], [ -77.02814448, 38.71796156 ], [ -77.02240112, 38.71924145 ], [ -77.02292504, 38.72050574 ], [ -77.02032439, 38.71892788 ], [ -77.02166316, 38.71679336 ], [ -77.0213422, 38.71686913 ], [ -77.02286925, 38.71378033 ], [ -77.0224895, 38.71366509 ], [ -77.02317991, 38.71208662 ], [ -77.02366638, 38.71217581 ], [ -77.02531101, 38.70934106 ], [ -77.02435388, 38.71110681 ], [ -77.02478735, 38.71197625 ], [ -77.02388271, 38.71228864 ], [ -77.02373434, 38.71291599 ], [ -77.02538026, 38.71367599 ], [ -77.02654541, 38.71481962 ], [ -77.02629036, 38.71529011 ], [ -77.02677488, 38.7156904 ] ] ], [ [ [ -77.04459913, 38.71682228 ], [ -77.04381807, 38.71861081 ], [ -77.0435961, 38.72085939 ], [ -77.04299253, 38.72082416 ], [ -77.04334747, 38.71835998 ], [ -77.04459913, 38.71682228 ] ] ], [ [ [ -77.04402511, 38.7216855 ], [ -77.04456307, 38.71875052 ], [ -77.04436444, 38.72149047 ], [ -77.04402511, 38.7216855 ] ] ], [ [ [ -77.04232879, 38.72320451 ], [ -77.04274309, 38.72117607 ], [ -77.04350803, 38.7214237 ], [ -77.0425853, 38.72396143 ], [ -77.04232879, 38.72320451 ] ] ], [ [ [ -77.04361063, 38.72491577 ], [ -77.04369738, 38.72480557 ], [ -77.04365755, 38.72491739 ], [ -77.04361063, 38.72491577 ] ] ], [ [ [ -77.04326939, 38.72863063 ], [ -77.04287672, 38.72847617 ], [ -77.04323668, 38.72829262 ], [ -77.04326939, 38.72863063 ] ] ], [ [ [ -77.04196896, 38.7295209 ], [ -77.04172062, 38.72929264 ], [ -77.04164267, 38.72814649 ], [ -77.04257138, 38.72879314 ], [ -77.04196896, 38.7295209 ] ] ], [ [ [ -77.04326939, 38.72863063 ], [ -77.0435925, 38.72875076 ], [ -77.04442807, 38.72962981 ], [ -77.04366918, 38.72934767 ], [ -77.04326939, 38.72863063 ] ] ], [ [ [ -77.04442807, 38.72962981 ], [ -77.04483683, 38.72993556 ], [ -77.04521019, 38.7301816 ], [ -77.04482943, 38.73034948 ], [ -77.04442807, 38.72962981 ] ] ], [ [ [ -77.04196896, 38.7295209 ], [ -77.04366162, 38.72979982 ], [ -77.04415198, 38.73067919 ], [ -77.04192886, 38.7302332 ], [ -77.04196896, 38.7295209 ] ] ], [ [ [ -77.04415198, 38.73067919 ], [ -77.04449342, 38.73073222 ], [ -77.04444583, 38.73091313 ], [ -77.04414576, 38.73070281 ], [ -77.04415198, 38.73067919 ] ] ], [ [ [ -77.04311919, 38.73114266 ], [ -77.04331255, 38.73110172 ], [ -77.04326256, 38.73126086 ], [ -77.04311919, 38.73114266 ] ] ], [ [ [ -77.0465105, 38.7365732 ], [ -77.04649869, 38.73633808 ], [ -77.04677597, 38.73727647 ], [ -77.04659517, 38.73724783 ], [ -77.0465105, 38.7365732 ] ] ], [ [ [ -77.04724807, 38.74035791 ], [ -77.04686025, 38.73854113 ], [ -77.04706838, 38.73868089 ], [ -77.04724807, 38.74035791 ] ] ], [ [ [ -77.04634216, 38.7410814 ], [ -77.04643504, 38.741027 ], [ -77.04643339, 38.74106162 ], [ -77.04634216, 38.7410814 ] ] ], [ [ [ -77.00639763, 38.74304384 ], [ -77.00658407, 38.74292699 ], [ -77.00656128, 38.74309874 ], [ -77.00639763, 38.74304384 ] ] ], [ [ [ -77.00585163, 38.7438401 ], [ -77.00614911, 38.74325834 ], [ -77.00632274, 38.743765 ], [ -77.00585163, 38.7438401 ] ] ], [ [ [ -77.04861919, 38.74384149 ], [ -77.04839466, 38.74317957 ], [ -77.04862805, 38.74317963 ], [ -77.04861919, 38.74384149 ] ] ], [ [ [ -77.04896541, 38.74480684 ], [ -77.04855989, 38.74459201 ], [ -77.04888089, 38.7442884 ], [ -77.0489686, 38.74470891 ], [ -77.04896541, 38.74480684 ] ] ], [ [ [ -77.04896541, 38.74480684 ], [ -77.04898803, 38.74480205 ], [ -77.0490045, 38.74488101 ], [ -77.04896541, 38.74480684 ] ] ], [ [ [ -77.00516426, 38.74509858 ], [ -77.0058614, 38.74527925 ], [ -77.00578882, 38.74556161 ], [ -77.00538257, 38.74570833 ], [ -77.00516426, 38.74509858 ] ] ], [ [ [ -77.00168024, 38.74482943 ], [ -77.00212027, 38.74480445 ], [ -77.00110934, 38.74486098 ], [ -77.00107187, 38.74539986 ], [ -77.000539, 38.74474759 ], [ -77.00330985, 38.74359045 ], [ -77.00344281, 38.74410021 ], [ -77.00366715, 38.74379143 ], [ -77.00447751, 38.74424728 ], [ -77.00547167, 38.74362419 ], [ -77.00585163, 38.7438401 ], [ -77.00510441, 38.74441587 ], [ -77.00549394, 38.74472651 ], [ -77.00516426, 38.74509858 ], [ -77.00365704, 38.74487148 ], [ -77.00461524, 38.7458324 ], [ -77.00201502, 38.74559774 ], [ -77.00168024, 38.74482943 ] ] ], [ [ [ -77.04929976, 38.74758938 ], [ -77.04889423, 38.74737456 ], [ -77.04931987, 38.74697198 ], [ -77.04929976, 38.74758938 ] ] ], [ [ [ -77.04929976, 38.74758938 ], [ -77.04933386, 38.7476196 ], [ -77.04939573, 38.74879269 ], [ -77.04925599, 38.74866884 ], [ -77.04929976, 38.74758938 ] ] ], [ [ [ -77.00461524, 38.7458324 ], [ -77.00616108, 38.74657007 ], [ -77.00533049, 38.74919949 ], [ -77.00328642, 38.74905052 ], [ -77.00334855, 38.74853109 ], [ -77.00248822, 38.74850537 ], [ -77.00246821, 38.74899129 ], [ -77.00081155, 38.74887134 ], [ -77.00100039, 38.74579789 ], [ -77.00398907, 38.74720948 ], [ -77.00504177, 38.74710461 ], [ -77.00535017, 38.74660989 ], [ -77.00461524, 38.7458324 ] ] ], [ [ [ -77.05011016, 38.75126501 ], [ -77.04979187, 38.75103654 ], [ -77.04959724, 38.749574 ], [ -77.05012819, 38.75086089 ], [ -77.05011016, 38.75126501 ] ] ], [ [ [ -77.05011016, 38.75126501 ], [ -77.05035816, 38.75149328 ], [ -77.05014291, 38.75160302 ], [ -77.05011016, 38.75126501 ] ] ], [ [ [ -77.04819174, 38.75315171 ], [ -77.04825964, 38.7516904 ], [ -77.04962948, 38.75226798 ], [ -77.04887134, 38.75404894 ], [ -77.04819174, 38.75315171 ] ] ], [ [ [ -77.04819174, 38.75315171 ], [ -77.04767381, 38.7542829 ], [ -77.04690475, 38.75335298 ], [ -77.04586967, 38.75320908 ], [ -77.04618109, 38.75188717 ], [ -77.0472381, 38.75203407 ], [ -77.04751481, 38.75285863 ], [ -77.04819174, 38.75315171 ] ] ], [ [ [ -77.05030654, 38.75457225 ], [ -77.05031155, 38.75457422 ], [ -77.05030763, 38.75458353 ], [ -77.05030654, 38.75457225 ] ] ], [ [ [ -77.05030654, 38.75457225 ], [ -77.0500886, 38.75466229 ], [ -77.04892502, 38.75775844 ], [ -77.04874037, 38.75673365 ], [ -77.05018913, 38.75279178 ], [ -77.05030654, 38.75457225 ] ] ], [ [ [ -77.04813727, 38.75548431 ], [ -77.04859873, 38.75430715 ], [ -77.04899311, 38.75464437 ], [ -77.04797176, 38.7566674 ], [ -77.0479072, 38.7583819 ], [ -77.04699055, 38.75836161 ], [ -77.04663734, 38.75629731 ], [ -77.04813727, 38.75548431 ] ] ], [ [ [ -77.04927111, 38.75850748 ], [ -77.04935884, 38.75837585 ], [ -77.04937898, 38.75850132 ], [ -77.04927111, 38.75850748 ] ] ], [ [ [ -77.04927111, 38.75850748 ], [ -77.04872035, 38.75882386 ], [ -77.04868988, 38.75778714 ], [ -77.04912321, 38.75835573 ], [ -77.04927111, 38.75850748 ] ] ], [ [ [ -77.05253833, 38.76365663 ], [ -77.05182613, 38.76314545 ], [ -77.05218722, 38.76314636 ], [ -77.05253833, 38.76365663 ] ] ], [ [ [ -77.05253833, 38.76365663 ], [ -77.05280636, 38.76375358 ], [ -77.05364519, 38.76450893 ], [ -77.052899, 38.76430299 ], [ -77.05253833, 38.76365663 ] ] ], [ [ [ -77.05748385, 38.76974612 ], [ -77.05675193, 38.76893718 ], [ -77.05755039, 38.76965963 ], [ -77.05748385, 38.76974612 ] ] ], [ [ [ -77.04732308, 38.77005996 ], [ -77.04780688, 38.76947585 ], [ -77.04928697, 38.76985743 ], [ -77.04732308, 38.77005996 ] ] ], [ [ [ -77.05749118, 38.77092833 ], [ -77.05759322, 38.77007386 ], [ -77.0576945, 38.77007975 ], [ -77.05759525, 38.77091218 ], [ -77.05749118, 38.77092833 ] ] ], [ [ [ -77.05476467, 38.77135154 ], [ -77.05472019, 38.76885577 ], [ -77.0562712, 38.76899272 ], [ -77.05724194, 38.77096702 ], [ -77.05476467, 38.77135154 ] ], [ [ -77.05614001, 38.76925003 ], [ -77.05505372, 38.76896204 ], [ -77.05627764, 38.76979471 ], [ -77.05614001, 38.76925003 ] ] ], [ [ [ -77.05436348, 38.77158556 ], [ -77.05389224, 38.77166084 ], [ -77.05406627, 38.77216743 ], [ -77.05436348, 38.77158556 ], [ -77.05496906, 38.77202014 ], [ -77.05459899, 38.77288103 ], [ -77.05331804, 38.77234054 ], [ -77.05401472, 38.77088119 ], [ -77.05436348, 38.77158556 ] ] ], [ [ [ -77.02670737, 38.770807 ], [ -77.02666674, 38.7696542 ], [ -77.02485104, 38.76818634 ], [ -77.02548575, 38.76772253 ], [ -77.02542655, 38.76720671 ], [ -77.02722595, 38.76704315 ], [ -77.02793112, 38.76583561 ], [ -77.02732401, 38.7650782 ], [ -77.0281701, 38.76487994 ], [ -77.02961195, 38.76601178 ], [ -77.03001365, 38.76799244 ], [ -77.02980291, 38.7709278 ], [ -77.0305806, 38.77228992 ], [ -77.02970557, 38.77394344 ], [ -77.02825625, 38.77496022 ], [ -77.02843862, 38.77110982 ], [ -77.02670737, 38.770807 ] ], [ [ -77.02866842, 38.76923455 ], [ -77.0286887, 38.76861715 ], [ -77.02826283, 38.76901966 ], [ -77.02893807, 38.76989954 ], [ -77.02943759, 38.76949233 ], [ -77.02866842, 38.76923455 ] ] ], [ [ [ -77.05222007, 38.77792582 ], [ -77.05238473, 38.77787489 ], [ -77.05243158, 38.77801994 ], [ -77.05222007, 38.77792582 ] ] ], [ [ [ -77.05163387, 38.76979671 ], [ -77.05166664, 38.77013473 ], [ -77.05202678, 38.76995115 ], [ -77.05163387, 38.76979671 ], [ -77.05137432, 38.76826392 ], [ -77.05248443, 38.76840125 ], [ -77.05305942, 38.76901446 ], [ -77.05321977, 38.77117651 ], [ -77.05272173, 38.77175349 ], [ -77.05226964, 38.77118455 ], [ -77.05096089, 38.77742138 ], [ -77.0504378, 38.77766648 ], [ -77.05140551, 38.77877236 ], [ -77.04954334, 38.77866474 ], [ -77.04926285, 38.77804015 ], [ -77.05027733, 38.77436175 ], [ -77.05031043, 38.77240904 ], [ -77.05087225, 38.77049385 ], [ -77.05163387, 38.76979671 ] ], [ [ -77.05176841, 38.77063678 ], [ -77.05155373, 38.77206558 ], [ -77.05218188, 38.770944 ], [ -77.05176841, 38.77063678 ] ] ], [ [ [ -77.02337943, 38.77833651 ], [ -77.0253357, 38.77807966 ], [ -77.02344264, 38.77814636 ], [ -77.02369878, 38.77735068 ], [ -77.02618603, 38.77702832 ], [ -77.02511033, 38.77865263 ], [ -77.02320603, 38.77881835 ], [ -77.02337943, 38.77833651 ] ] ], [ [ [ -77.05140551, 38.77877236 ], [ -77.05179846, 38.77892679 ], [ -77.05143828, 38.77911037 ], [ -77.05140551, 38.77877236 ] ] ], [ [ [ -77.05315836, 38.78832843 ], [ -77.0536581, 38.78694891 ], [ -77.05401788, 38.78754544 ], [ -77.05315836, 38.78832843 ] ] ], [ [ [ -77.05315836, 38.78832843 ], [ -77.05262044, 38.78940073 ], [ -77.05148185, 38.78964046 ], [ -77.05259368, 38.78835976 ], [ -77.05315836, 38.78832843 ] ] ], [ [ [ -77.0424159, 38.79130367 ], [ -77.04270081, 38.79141565 ], [ -77.04272741, 38.79149965 ], [ -77.04244863, 38.79164169 ], [ -77.0424159, 38.79130367 ] ] ], [ [ [ -77.0424159, 38.79130367 ], [ -77.04154718, 38.7908795 ], [ -77.04144366, 38.79192811 ], [ -77.04035283, 38.79164759 ], [ -77.03966312, 38.79209014 ], [ -77.03964493, 38.79041969 ], [ -77.04207447, 38.79021081 ], [ -77.0424159, 38.79130367 ] ] ], [ [ [ -77.0440012, 38.79390319 ], [ -77.04391361, 38.79372067 ], [ -77.04537903, 38.79407407 ], [ -77.04501358, 38.79435643 ], [ -77.0440012, 38.79390319 ] ] ], [ [ [ -77.03976449, 38.79538018 ], [ -77.03987847, 38.79372292 ], [ -77.04327406, 38.79403608 ], [ -77.04200854, 38.79600155 ], [ -77.03976449, 38.79538018 ] ] ], [ [ [ -77.02444014, 38.79516133 ], [ -77.02608759, 38.79508753 ], [ -77.02617505, 38.79600571 ], [ -77.02444014, 38.79516133 ] ] ], [ [ [ -77.02461432, 38.7994625 ], [ -77.02481562, 38.79916082 ], [ -77.02505467, 38.79943743 ], [ -77.02461432, 38.7994625 ] ] ], [ [ [ -77.57092248, 38.80010377 ], [ -77.5691569, 38.79959027 ], [ -77.56918774, 38.79909 ], [ -77.57011453, 38.79935518 ], [ -77.57092248, 38.80010377 ] ] ], [ [ [ -77.56381072, 38.80012253 ], [ -77.56420487, 38.80027533 ], [ -77.56384588, 38.8004604 ], [ -77.56381072, 38.80012253 ] ] ], [ [ [ -77.57092248, 38.80010377 ], [ -77.57160289, 38.80022213 ], [ -77.57153959, 38.80046956 ], [ -77.57085529, 38.80036641 ], [ -77.57092248, 38.80010377 ] ] ], [ [ [ -77.54124714, 38.80080922 ], [ -77.5414463, 38.80050671 ], [ -77.54168732, 38.80078232 ], [ -77.54124714, 38.80080922 ] ] ], [ [ [ -77.57153959, 38.80046956 ], [ -77.57220222, 38.80056945 ], [ -77.5721567, 38.80083536 ], [ -77.57147239, 38.8007322 ], [ -77.57153959, 38.80046956 ] ] ], [ [ [ -77.57208951, 38.80109799 ], [ -77.5721567, 38.80083536 ], [ -77.57249885, 38.80088693 ], [ -77.57243166, 38.80114957 ], [ -77.57208951, 38.80109799 ] ] ], [ [ [ -77.5407704, 38.8012828 ], [ -77.54056288, 38.8007059 ], [ -77.54124714, 38.80080922 ], [ -77.54111254, 38.80133447 ], [ -77.5407704, 38.8012828 ] ] ], [ [ [ -77.57208951, 38.80109799 ], [ -77.57189047, 38.80140056 ], [ -77.57164934, 38.80112501 ], [ -77.57208951, 38.80109799 ] ] ], [ [ [ -77.57243166, 38.80114957 ], [ -77.57311597, 38.80125272 ], [ -77.57304879, 38.80151535 ], [ -77.57236447, 38.80141221 ], [ -77.57243166, 38.80114957 ] ] ], [ [ [ -77.57304879, 38.80151535 ], [ -77.57339094, 38.80156693 ], [ -77.57332376, 38.80182957 ], [ -77.5729816, 38.80177799 ], [ -77.57304879, 38.80151535 ] ] ], [ [ [ -77.01968318, 38.80197337 ], [ -77.01997798, 38.80207216 ], [ -77.02005198, 38.80223161 ], [ -77.019614, 38.80223571 ], [ -77.01968318, 38.80197337 ] ] ], [ [ [ -77.54234648, 38.80206635 ], [ -77.54206872, 38.80237897 ], [ -77.54154203, 38.8020541 ], [ -77.54234648, 38.80206635 ] ] ], [ [ [ -77.00338147, 38.80238183 ], [ -77.00339569, 38.80235178 ], [ -77.00339173, 38.8024108 ], [ -77.00338147, 38.80238183 ] ] ], [ [ [ -77.02338157, 38.80009024 ], [ -77.02294121, 38.8001153 ], [ -77.02372332, 38.80014333 ], [ -77.02393081, 38.79935632 ], [ -77.02461432, 38.7994625 ], [ -77.02544052, 38.80146212 ], [ -77.02455055, 38.80261007 ], [ -77.02291632, 38.80066482 ], [ -77.021388, 38.80067608 ], [ -77.01967511, 38.79687376 ], [ -77.02004475, 38.79660171 ], [ -77.02010028, 38.79719351 ], [ -77.02338157, 38.80009024 ] ] ], [ [ [ -77.57332376, 38.80182957 ], [ -77.57378459, 38.80197921 ], [ -77.5736657, 38.80278233 ], [ -77.57332376, 38.80182957 ] ] ], [ [ [ -77.00299333, 38.80320222 ], [ -77.0031349, 38.802903 ], [ -77.00311558, 38.80322124 ], [ -77.00299333, 38.80320222 ] ] ], [ [ [ -77.5733362, 38.80455909 ], [ -77.57364719, 38.80290736 ], [ -77.57339371, 38.80461969 ], [ -77.5733362, 38.80455909 ] ] ], [ [ [ -77.54908637, 38.80483146 ], [ -77.54908642, 38.80482826 ], [ -77.54915858, 38.80491077 ], [ -77.5490879, 38.80491509 ], [ -77.54908637, 38.80483146 ] ] ], [ [ [ -77.56506307, 38.80494847 ], [ -77.56526214, 38.80464592 ], [ -77.56550326, 38.80492148 ], [ -77.56506307, 38.80494847 ] ] ], [ [ [ -77.00031955, 38.80524422 ], [ -77.00000736, 38.80519567 ], [ -77.00025694, 38.80496805 ], [ -77.00031955, 38.80524422 ] ] ], [ [ [ -77.01174072, 38.80510841 ], [ -77.01208249, 38.80516153 ], [ -77.01201328, 38.80542386 ], [ -77.01167151, 38.80537074 ], [ -77.01174072, 38.80510841 ] ] ], [ [ [ -76.99973464, 38.8054444 ], [ -76.99992386, 38.80527183 ], [ -76.99977637, 38.80549271 ], [ -76.99973464, 38.8054444 ] ] ], [ [ [ -77.01201328, 38.80542386 ], [ -77.01240629, 38.80557842 ], [ -77.01204588, 38.80576189 ], [ -77.01201328, 38.80542386 ] ] ], [ [ [ -77.00031955, 38.80524422 ], [ -77.00092153, 38.80511716 ], [ -77.00237655, 38.80283388 ], [ -77.00299333, 38.80320222 ], [ -77.0029398, 38.80611794 ], [ -76.99994501, 38.80588244 ], [ -77.00031955, 38.80524422 ] ] ], [ [ [ -77.50831347, 38.80612677 ], [ -77.509317, 38.80591212 ], [ -77.50953468, 38.80675212 ], [ -77.50831347, 38.80612677 ] ] ], [ [ [ -77.55666126, 38.80722732 ], [ -77.55626709, 38.80707449 ], [ -77.55662613, 38.80688945 ], [ -77.55666126, 38.80722732 ] ] ], [ [ [ -77.55310503, 38.80723634 ], [ -77.55286422, 38.80626527 ], [ -77.55362862, 38.80704443 ], [ -77.55310503, 38.80723634 ] ] ], [ [ [ -77.55023314, 38.80734853 ], [ -77.55043228, 38.807046 ], [ -77.55067335, 38.8073216 ], [ -77.55023314, 38.80734853 ] ] ], [ [ [ -77.55235342, 38.80739571 ], [ -77.55242069, 38.80713308 ], [ -77.55310503, 38.80723634 ], [ -77.55303776, 38.80749897 ], [ -77.55235342, 38.80739571 ] ] ], [ [ [ -77.00817588, 38.80783132 ], [ -77.00928913, 38.80812305 ], [ -77.00831845, 38.80820484 ], [ -77.00817588, 38.80783132 ] ] ], [ [ [ -77.57058224, 38.80786122 ], [ -77.57075175, 38.8077155 ], [ -77.57187354, 38.80801484 ], [ -77.5714084, 38.80862825 ], [ -77.57059121, 38.80871457 ], [ -77.56949858, 38.80796558 ], [ -77.57058224, 38.80786122 ] ] ], [ [ [ -77.52507002, 38.80845868 ], [ -77.52546413, 38.80861161 ], [ -77.52510499, 38.80879656 ], [ -77.52507002, 38.80845868 ] ] ], [ [ [ -77.49689433, 38.80883509 ], [ -77.4970937, 38.80853265 ], [ -77.49733457, 38.80880835 ], [ -77.49689433, 38.80883509 ] ] ], [ [ [ -77.01309502, 38.8094152 ], [ -77.01368237, 38.80889911 ], [ -77.0149424, 38.80915613 ], [ -77.01400913, 38.80944579 ], [ -77.01309502, 38.8094152 ] ] ], [ [ [ -77.01268402, 38.80962441 ], [ -77.01275323, 38.80936208 ], [ -77.01309502, 38.8094152 ], [ -77.01302581, 38.80967753 ], [ -77.01268402, 38.80962441 ] ] ], [ [ [ -77.0149424, 38.80915613 ], [ -77.01525176, 38.80918697 ], [ -77.01550148, 38.80972961 ], [ -77.0152497, 38.80959485 ], [ -77.0149424, 38.80915613 ] ] ], [ [ [ -77.49600764, 38.80951931 ], [ -77.49630467, 38.80916305 ], [ -77.49636906, 38.80813498 ], [ -77.49700691, 38.80925482 ], [ -77.49662445, 38.80988548 ], [ -77.49600764, 38.80951931 ] ] ], [ [ [ -77.01227301, 38.80983362 ], [ -77.01234223, 38.80957129 ], [ -77.01268402, 38.80962441 ], [ -77.01261481, 38.80988674 ], [ -77.01227301, 38.80983362 ] ] ], [ [ [ -77.52304358, 38.80980167 ], [ -77.52308688, 38.80973593 ], [ -77.52332786, 38.81001157 ], [ -77.52312748, 38.81002379 ], [ -77.52304358, 38.80980167 ] ] ], [ [ [ -77.01227301, 38.80983362 ], [ -77.01207163, 38.81013528 ], [ -77.01183259, 38.80985864 ], [ -77.01227301, 38.80983362 ] ] ], [ [ [ -77.01958916, 38.81042432 ], [ -77.01960954, 38.80980691 ], [ -77.01912838, 38.81070902 ], [ -77.01678369, 38.80992775 ], [ -77.01598442, 38.81080736 ], [ -77.01544571, 38.81046603 ], [ -77.01625402, 38.8101324 ], [ -77.01567646, 38.80982327 ], [ -77.01625233, 38.80937256 ], [ -77.02099798, 38.80987111 ], [ -77.02080192, 38.81043845 ], [ -77.01958916, 38.81042432 ] ] ], [ [ [ -77.01124334, 38.81103902 ], [ -77.01053097, 38.8105276 ], [ -77.01138831, 38.80986866 ], [ -77.01124334, 38.81103902 ] ] ], [ [ [ -77.52336405, 38.81065005 ], [ -77.52330256, 38.81048727 ], [ -77.52355363, 38.81105719 ], [ -77.52336405, 38.81065005 ] ] ], [ [ [ -77.54963341, 38.81107693 ], [ -77.54923924, 38.81092408 ], [ -77.54959832, 38.81073905 ], [ -77.54963341, 38.81107693 ] ] ], [ [ [ -77.54797388, 38.81117358 ], [ -77.54797595, 38.8110931 ], [ -77.54803608, 38.81111417 ], [ -77.54797388, 38.81117358 ] ] ], [ [ [ -77.01968318, 38.80197337 ], [ -77.01853545, 38.80181664 ], [ -77.01879428, 38.80250036 ], [ -77.01927224, 38.8021826 ], [ -77.02026538, 38.80269145 ], [ -77.02091335, 38.80556789 ], [ -77.01885979, 38.80363061 ], [ -77.01665462, 38.80417133 ], [ -77.01717532, 38.80278069 ], [ -77.01832758, 38.80303494 ], [ -77.01806414, 38.8017166 ], [ -77.01422184, 38.79972551 ], [ -77.01518448, 38.79931083 ], [ -77.01495518, 38.79810831 ], [ -77.01228511, 38.79824666 ], [ -77.01137847, 38.79911473 ], [ -77.01287911, 38.79973256 ], [ -77.01309345, 38.80060513 ], [ -77.01188285, 38.80112661 ], [ -77.01173499, 38.80170154 ], [ -77.01210432, 38.80258914 ], [ -77.01280403, 38.80265376 ], [ -77.01109275, 38.80405682 ], [ -77.01263424, 38.80469139 ], [ -77.01054456, 38.80537798 ], [ -77.01143406, 38.80601655 ], [ -77.01052064, 38.80647008 ], [ -77.00995305, 38.80623117 ], [ -77.00925891, 38.80714401 ], [ -77.00903237, 38.80667129 ], [ -77.00794299, 38.80703705 ], [ -77.00817588, 38.80783132 ], [ -77.00616567, 38.80815698 ], [ -77.0066911, 38.80917448 ], [ -77.00751718, 38.80916143 ], [ -77.00815955, 38.81114011 ], [ -77.00711506, 38.81118129 ], [ -77.00658866, 38.80922062 ], [ -77.00491774, 38.80804105 ], [ -77.00418002, 38.80691143 ], [ -77.00432745, 38.80517192 ], [ -77.0047719, 38.80526243 ], [ -77.00597422, 38.803328 ], [ -77.00396074, 38.80232044 ], [ -77.00469053, 38.80165239 ], [ -77.00659346, 38.80204003 ], [ -77.00899213, 38.80358333 ], [ -77.01040004, 38.80273505 ], [ -77.00874202, 38.80151001 ], [ -77.00659301, 38.8008996 ], [ -77.00677316, 38.80037823 ], [ -77.01111108, 38.79793894 ], [ -77.01678828, 38.79796878 ], [ -77.01882714, 38.79970005 ], [ -77.01883845, 38.80069482 ], [ -77.01933707, 38.80069116 ], [ -77.01968318, 38.80197337 ] ] ], [ [ [ -77.01124334, 38.81103902 ], [ -77.01158514, 38.81109214 ], [ -77.01151592, 38.81135447 ], [ -77.01117412, 38.81130135 ], [ -77.01124334, 38.81103902 ] ] ], [ [ [ -77.01202501, 38.81105077 ], [ -77.01240717, 38.81067373 ], [ -77.01386167, 38.81100832 ], [ -77.01273895, 38.81148322 ], [ -77.01202501, 38.81105077 ] ] ], [ [ [ -77.0068082, 38.81136768 ], [ -77.00688301, 38.81132362 ], [ -77.00678225, 38.8115903 ], [ -77.0068082, 38.81136768 ] ] ], [ [ [ -77.56706718, 38.80961496 ], [ -77.56662696, 38.80964195 ], [ -77.57127938, 38.8104882 ], [ -77.57031528, 38.81132686 ], [ -77.56980058, 38.81068737 ], [ -77.56898895, 38.81114105 ], [ -77.56799524, 38.8105235 ], [ -77.56693957, 38.8116235 ], [ -77.56673583, 38.81024173 ], [ -77.56588245, 38.80921231 ], [ -77.56619757, 38.80853435 ], [ -77.56706718, 38.80961496 ] ] ], [ [ [ -77.5438893, 38.81130109 ], [ -77.54517935, 38.80904079 ], [ -77.5469729, 38.81050274 ], [ -77.54618373, 38.81028791 ], [ -77.54672007, 38.81114364 ], [ -77.54504841, 38.81164175 ], [ -77.5438893, 38.81130109 ] ] ], [ [ [ -77.01746499, 38.81173279 ], [ -77.01707193, 38.81157824 ], [ -77.01743236, 38.81139476 ], [ -77.01746499, 38.81173279 ] ] ], [ [ [ -77.00850462, 38.81197875 ], [ -77.00811158, 38.81182418 ], [ -77.00847203, 38.81164073 ], [ -77.00850462, 38.81197875 ] ] ], [ [ [ -77.01746499, 38.81173279 ], [ -77.01780679, 38.8117859 ], [ -77.0177376, 38.81204823 ], [ -77.01739579, 38.81199512 ], [ -77.01746499, 38.81173279 ] ] ], [ [ [ -77.54963341, 38.81107693 ], [ -77.55053732, 38.81071479 ], [ -77.54913374, 38.80998888 ], [ -77.54973752, 38.80754705 ], [ -77.55235342, 38.80739571 ], [ -77.55263858, 38.80789892 ], [ -77.55423843, 38.8082687 ], [ -77.55512988, 38.80683487 ], [ -77.555702, 38.80680983 ], [ -77.55608835, 38.80754952 ], [ -77.55518423, 38.80829698 ], [ -77.55620266, 38.80831544 ], [ -77.55737614, 38.80636354 ], [ -77.55816795, 38.80608634 ], [ -77.55757487, 38.80562674 ], [ -77.555702, 38.80680983 ], [ -77.5555263, 38.80610139 ], [ -77.55676512, 38.80463831 ], [ -77.55489424, 38.80344956 ], [ -77.55522585, 38.80278276 ], [ -77.55447425, 38.80241109 ], [ -77.55518444, 38.80157233 ], [ -77.55494048, 38.79961135 ], [ -77.56360289, 38.79917604 ], [ -77.56336179, 38.79966111 ], [ -77.56381072, 38.80012253 ], [ -77.56244251, 38.80113352 ], [ -77.56382766, 38.80078716 ], [ -77.56393915, 38.80165385 ], [ -77.56463545, 38.8017149 ], [ -77.5654109, 38.80276163 ], [ -77.56461876, 38.80310754 ], [ -77.5648699, 38.80340899 ], [ -77.56649323, 38.80278019 ], [ -77.56524911, 38.80156397 ], [ -77.56802083, 38.79926728 ], [ -77.57208251, 38.80205788 ], [ -77.57227504, 38.80479818 ], [ -77.57320869, 38.80297387 ], [ -77.5733362, 38.80455909 ], [ -77.5726851, 38.80496626 ], [ -77.57104366, 38.80458286 ], [ -77.57023175, 38.80495113 ], [ -77.57164698, 38.80569921 ], [ -77.5709447, 38.80643855 ], [ -77.56688917, 38.80751225 ], [ -77.56598894, 38.80624495 ], [ -77.56387736, 38.80649966 ], [ -77.56544476, 38.80719551 ], [ -77.56524691, 38.80809054 ], [ -77.56370213, 38.80761267 ], [ -77.56301994, 38.80646453 ], [ -77.56019052, 38.80491808 ], [ -77.55943147, 38.80505452 ], [ -77.55963085, 38.80592475 ], [ -77.56244479, 38.80681731 ], [ -77.56150949, 38.80714469 ], [ -77.56350074, 38.80836079 ], [ -77.56212945, 38.80877106 ], [ -77.56110954, 38.80789829 ], [ -77.56108373, 38.80725415 ], [ -77.5599878, 38.80759884 ], [ -77.56138448, 38.80821253 ], [ -77.56092351, 38.80908106 ], [ -77.54951931, 38.81218412 ], [ -77.54963341, 38.81107693 ] ], [ [ -77.55864705, 38.80779965 ], [ -77.55938661, 38.8081624 ], [ -77.55912269, 38.80747981 ], [ -77.55706101, 38.80797569 ], [ -77.55832857, 38.80838879 ], [ -77.55864705, 38.80779965 ] ], [ [ -77.56349272, 38.80552998 ], [ -77.5630218, 38.8056072 ], [ -77.56319944, 38.80611307 ], [ -77.56349272, 38.80552998 ], [ -77.56506307, 38.80494847 ], [ -77.56664108, 38.80567801 ], [ -77.56596075, 38.80503708 ], [ -77.56739545, 38.8047963 ], [ -77.5648739, 38.80350522 ], [ -77.56260068, 38.80484991 ], [ -77.56245528, 38.80447703 ], [ -77.56148528, 38.80456315 ], [ -77.56273261, 38.80515137 ], [ -77.56401011, 38.80498654 ], [ -77.56349272, 38.80552998 ] ], [ [ -77.56937073, 38.80477964 ], [ -77.56849181, 38.80583557 ], [ -77.5688617, 38.80645831 ], [ -77.57015852, 38.8050834 ], [ -77.56937073, 38.80477964 ] ] ], [ [ [ -77.0177376, 38.81204823 ], [ -77.01807941, 38.81210133 ], [ -77.01801021, 38.81236367 ], [ -77.0176684, 38.81231056 ], [ -77.0177376, 38.81204823 ] ] ], [ [ [ -77.00637571, 38.81237794 ], [ -77.00655103, 38.81220225 ], [ -77.00640963, 38.81257648 ], [ -77.00637571, 38.81237794 ] ] ], [ [ [ -77.00850462, 38.81197875 ], [ -77.00952904, 38.81259483 ], [ -77.00850424, 38.81243313 ], [ -77.00850462, 38.81197875 ] ] ], [ [ [ -77.56960924, 38.81218032 ], [ -77.57006823, 38.81186033 ], [ -77.57065301, 38.81270072 ], [ -77.56960924, 38.81218032 ] ] ], [ [ [ -77.01801021, 38.81236367 ], [ -77.01876826, 38.81259212 ], [ -77.01810812, 38.81272557 ], [ -77.01801021, 38.81236367 ] ] ], [ [ [ -77.01151592, 38.81135447 ], [ -77.01254036, 38.81197052 ], [ -77.01191479, 38.81282685 ], [ -77.01161175, 38.81262359 ], [ -77.01151592, 38.81135447 ] ] ], [ [ [ -77.01068957, 38.81313765 ], [ -77.01029652, 38.81298308 ], [ -77.01065697, 38.81279962 ], [ -77.01068957, 38.81313765 ] ] ], [ [ [ -77.01055112, 38.8136623 ], [ -77.01068957, 38.81313765 ], [ -77.01119541, 38.81340369 ], [ -77.01085149, 38.81367946 ], [ -77.01055112, 38.8136623 ] ] ], [ [ [ -77.56530722, 38.81371392 ], [ -77.564913, 38.81356112 ], [ -77.56527205, 38.81337605 ], [ -77.56530722, 38.81371392 ] ] ], [ [ [ -77.56530722, 38.81371392 ], [ -77.56666297, 38.81353208 ], [ -77.56714879, 38.8140796 ], [ -77.56560593, 38.81415306 ], [ -77.56530722, 38.81371392 ] ] ], [ [ [ -77.54670552, 38.8141812 ], [ -77.5467406, 38.81451907 ], [ -77.54727469, 38.81386312 ], [ -77.54842808, 38.81506144 ], [ -77.54528589, 38.81489289 ], [ -77.54670552, 38.8141812 ] ] ], [ [ [ -77.54896634, 38.81506795 ], [ -77.54899157, 38.81500341 ], [ -77.5489925, 38.81509087 ], [ -77.54896634, 38.81506795 ] ] ], [ [ [ -77.52981452, 38.81490415 ], [ -77.52961526, 38.81520665 ], [ -77.52937425, 38.81493101 ], [ -77.52981452, 38.81490415 ] ] ], [ [ [ -77.54896634, 38.81506795 ], [ -77.54876717, 38.81537047 ], [ -77.54852608, 38.81509488 ], [ -77.54896634, 38.81506795 ] ] ], [ [ [ -77.56237492, 38.80981392 ], [ -77.56282646, 38.80952107 ], [ -77.56401044, 38.80986969 ], [ -77.56379907, 38.81217462 ], [ -77.56049173, 38.81251829 ], [ -77.56062356, 38.81457838 ], [ -77.55975121, 38.8154524 ], [ -77.55896856, 38.81505706 ], [ -77.55858397, 38.81421536 ], [ -77.55870184, 38.81083812 ], [ -77.56237492, 38.80981392 ] ] ], [ [ [ -77.55426771, 38.81520283 ], [ -77.55421625, 38.81458432 ], [ -77.55524151, 38.81505535 ], [ -77.55429601, 38.81552796 ], [ -77.55426771, 38.81520283 ] ] ], [ [ [ -77.53795987, 38.81640713 ], [ -77.53815909, 38.81610462 ], [ -77.53840014, 38.81638024 ], [ -77.53795987, 38.81640713 ] ] ], [ [ [ -77.57127161, 38.81679516 ], [ -77.57171188, 38.81676814 ], [ -77.56779768, 38.81603646 ], [ -77.56789942, 38.81352948 ], [ -77.56859692, 38.81293939 ], [ -77.56868557, 38.81149994 ], [ -77.56960924, 38.81218032 ], [ -77.56875594, 38.81459304 ], [ -77.56903262, 38.81548795 ], [ -77.56994179, 38.81445188 ], [ -77.57239722, 38.81357027 ], [ -77.57220442, 38.81654563 ], [ -77.57157038, 38.81723428 ], [ -77.57127161, 38.81679516 ] ] ], [ [ [ -77.52981452, 38.81490415 ], [ -77.53181305, 38.81165633 ], [ -77.52996515, 38.81090565 ], [ -77.53366135, 38.80991491 ], [ -77.53798894, 38.80584389 ], [ -77.53722988, 38.80510137 ], [ -77.53290094, 38.8039054 ], [ -77.5318196, 38.80455668 ], [ -77.53143553, 38.80656269 ], [ -77.52796127, 38.81248993 ], [ -77.52879504, 38.81415847 ], [ -77.52797422, 38.81653567 ], [ -77.52630588, 38.81645131 ], [ -77.52215314, 38.80508793 ], [ -77.53179523, 38.80236114 ], [ -77.53130798, 38.80131595 ], [ -77.53759414, 38.80079423 ], [ -77.53651343, 38.8010841 ], [ -77.54010498, 38.80163259 ], [ -77.53971834, 38.80061793 ], [ -77.5407704, 38.8012828 ], [ -77.54038585, 38.80191801 ], [ -77.54167964, 38.80492778 ], [ -77.54276721, 38.80458491 ], [ -77.54280227, 38.80492279 ], [ -77.54316134, 38.80473779 ], [ -77.54276721, 38.80458491 ], [ -77.54290181, 38.80405967 ], [ -77.543342, 38.80403276 ], [ -77.54238378, 38.80365154 ], [ -77.54342561, 38.80246184 ], [ -77.54234648, 38.80206635 ], [ -77.54185427, 38.8005466 ], [ -77.54842963, 38.80001673 ], [ -77.5487434, 38.80169009 ], [ -77.54587356, 38.80298633 ], [ -77.5457201, 38.80428323 ], [ -77.54467249, 38.80515715 ], [ -77.54414208, 38.8068792 ], [ -77.5435103, 38.80726872 ], [ -77.54524108, 38.80879987 ], [ -77.54470258, 38.80951438 ], [ -77.54241151, 38.81065057 ], [ -77.54243552, 38.8113532 ], [ -77.5438893, 38.81130109 ], [ -77.54302102, 38.81268536 ], [ -77.54226886, 38.81280523 ], [ -77.54194192, 38.81210511 ], [ -77.53948794, 38.81282116 ], [ -77.53834824, 38.81473516 ], [ -77.53594042, 38.8139151 ], [ -77.53252061, 38.81528322 ], [ -77.53208707, 38.81660831 ], [ -77.52920829, 38.81726768 ], [ -77.53075619, 38.8165285 ], [ -77.53073736, 38.81597728 ], [ -77.53185337, 38.81583577 ], [ -77.53106428, 38.81485958 ], [ -77.52981452, 38.81490415 ] ], [ [ -77.52507002, 38.80845868 ], [ -77.52453967, 38.80861896 ], [ -77.52435755, 38.8100561 ], [ -77.5254175, 38.80987515 ], [ -77.52545248, 38.81021304 ], [ -77.52561448, 38.8097608 ], [ -77.52909695, 38.8088876 ], [ -77.52931802, 38.80763657 ], [ -77.5309028, 38.8057708 ], [ -77.52784914, 38.80493088 ], [ -77.52507002, 38.80845868 ] ] ], [ [ [ -77.56433022, 38.81741524 ], [ -77.56432873, 38.81638586 ], [ -77.56536149, 38.81671072 ], [ -77.56555712, 38.81585025 ], [ -77.5665826, 38.81511395 ], [ -77.56658503, 38.81685376 ], [ -77.56580939, 38.81741395 ], [ -77.56433022, 38.81741524 ] ] ], [ [ [ -77.52797422, 38.81653567 ], [ -77.52865861, 38.81663906 ], [ -77.52852389, 38.81716429 ], [ -77.52920829, 38.81726768 ], [ -77.52794, 38.81754055 ], [ -77.52797422, 38.81653567 ] ] ], [ [ [ -77.51724194, 38.81818732 ], [ -77.51744124, 38.81788485 ], [ -77.51768222, 38.81816051 ], [ -77.51724194, 38.81818732 ] ] ], [ [ [ -77.53795987, 38.81640713 ], [ -77.5382012, 38.81720971 ], [ -77.53717615, 38.81857511 ], [ -77.53772249, 38.81647532 ], [ -77.53795987, 38.81640713 ] ] ], [ [ [ -77.56827106, 38.81879781 ], [ -77.5678768, 38.81864501 ], [ -77.56823588, 38.81845993 ], [ -77.56827106, 38.81879781 ] ] ], [ [ [ -77.5226957, 38.81857005 ], [ -77.52202746, 38.81754665 ], [ -77.52474707, 38.81855875 ], [ -77.52290628, 38.81900214 ], [ -77.5226957, 38.81857005 ] ] ], [ [ [ -77.55219822, 38.81910172 ], [ -77.55259244, 38.81925456 ], [ -77.55223333, 38.81943959 ], [ -77.55219822, 38.81910172 ] ] ], [ [ [ -77.55219822, 38.81910172 ], [ -77.54997486, 38.81927665 ], [ -77.5491699, 38.81981783 ], [ -77.54916761, 38.81914131 ], [ -77.55219822, 38.81910172 ] ] ], [ [ [ -77.56827106, 38.81879781 ], [ -77.56908595, 38.81835139 ], [ -77.57077207, 38.81912429 ], [ -77.5719653, 38.81843162 ], [ -77.57201752, 38.82072151 ], [ -77.56693906, 38.82077718 ], [ -77.56669897, 38.82030452 ], [ -77.56849784, 38.8196748 ], [ -77.56827106, 38.81879781 ] ] ], [ [ [ -77.54885481, 38.82105226 ], [ -77.54896062, 38.82088218 ], [ -77.54896352, 38.82106867 ], [ -77.54885481, 38.82105226 ] ] ], [ [ [ -77.53592875, 38.82155616 ], [ -77.53630273, 38.8207001 ], [ -77.5364147, 38.82144466 ], [ -77.53592875, 38.82155616 ] ] ], [ [ [ -77.01117374, 38.82035491 ], [ -77.01117799, 38.81999473 ], [ -77.01190018, 38.82143619 ], [ -77.01146808, 38.82203084 ], [ -77.01117374, 38.82035491 ] ] ], [ [ [ -77.53592875, 38.82155616 ], [ -77.53563518, 38.82213919 ], [ -77.53545769, 38.82163328 ], [ -77.53592875, 38.82155616 ] ] ], [ [ [ -77.52149885, 38.82237707 ], [ -77.52110468, 38.82222413 ], [ -77.52146388, 38.82203919 ], [ -77.52149885, 38.82237707 ] ] ], [ [ [ -77.54879328, 38.82267966 ], [ -77.54883047, 38.82253452 ], [ -77.54897623, 38.82196568 ], [ -77.54897481, 38.82270705 ], [ -77.54879328, 38.82267966 ] ] ], [ [ [ -77.00611021, 38.81740694 ], [ -77.00658488, 38.81492939 ], [ -77.00729375, 38.81467343 ], [ -77.00735542, 38.81306128 ], [ -77.00904602, 38.81360877 ], [ -77.00856365, 38.81456227 ], [ -77.01055112, 38.8136623 ], [ -77.00950467, 38.81475943 ], [ -77.01082511, 38.81604049 ], [ -77.00907773, 38.81473886 ], [ -77.00871726, 38.81492231 ], [ -77.00999732, 38.81576093 ], [ -77.01043602, 38.81664851 ], [ -77.00937629, 38.81870731 ], [ -77.00758489, 38.81944648 ], [ -77.00548565, 38.81957826 ], [ -77.00497814, 38.82021196 ], [ -77.00492196, 38.82274239 ], [ -77.00448676, 38.82242796 ], [ -77.00473694, 38.82128457 ], [ -77.00426517, 38.82043582 ], [ -77.00539665, 38.81890981 ], [ -77.00541277, 38.81795238 ], [ -77.00611021, 38.81740694 ] ] ], [ [ [ -77.52669956, 38.8228901 ], [ -77.52630537, 38.82273717 ], [ -77.52666456, 38.82255221 ], [ -77.52669956, 38.8228901 ] ] ], [ [ [ -77.53004104, 38.82218862 ], [ -77.53059336, 38.82156876 ], [ -77.531374, 38.82184997 ], [ -77.53144567, 38.82289761 ], [ -77.53004104, 38.82218862 ] ] ], [ [ [ -77.04219224, 38.82321806 ], [ -77.04260224, 38.82315767 ], [ -77.04263273, 38.82319293 ], [ -77.04219224, 38.82321806 ] ] ], [ [ [ -77.04109748, 38.82332128 ], [ -77.0410056, 38.82328518 ], [ -77.04109122, 38.82325663 ], [ -77.04109748, 38.82332128 ] ] ], [ [ [ -77.49600764, 38.80951931 ], [ -77.49494868, 38.81004105 ], [ -77.49581436, 38.81085783 ], [ -77.49473495, 38.81181233 ], [ -77.49527105, 38.81253247 ], [ -77.49673165, 38.81038019 ], [ -77.49662445, 38.80988548 ], [ -77.49819994, 38.80995262 ], [ -77.49764027, 38.809362 ], [ -77.49786235, 38.80855641 ], [ -77.50008471, 38.80891991 ], [ -77.49723352, 38.81301559 ], [ -77.50170272, 38.81296325 ], [ -77.50197155, 38.81378358 ], [ -77.50359253, 38.8144652 ], [ -77.50483844, 38.81316885 ], [ -77.50676322, 38.81320279 ], [ -77.51013605, 38.81053269 ], [ -77.50863576, 38.8080152 ], [ -77.50890329, 38.80697258 ], [ -77.50940143, 38.80677699 ], [ -77.5106296, 38.80830519 ], [ -77.51071552, 38.80898629 ], [ -77.50971484, 38.80930667 ], [ -77.51083688, 38.81199562 ], [ -77.52246361, 38.80955864 ], [ -77.52362273, 38.81172793 ], [ -77.52290847, 38.81211362 ], [ -77.5189918, 38.81125696 ], [ -77.51862165, 38.81363327 ], [ -77.51787611, 38.81424904 ], [ -77.51867376, 38.81626854 ], [ -77.51842491, 38.81730985 ], [ -77.51721922, 38.81748192 ], [ -77.51682523, 38.81783488 ], [ -77.51724194, 38.81818732 ], [ -77.5168243, 38.81919567 ], [ -77.51507705, 38.81977803 ], [ -77.51512337, 38.82114397 ], [ -77.51346884, 38.82117702 ], [ -77.51184454, 38.81992614 ], [ -77.5112224, 38.81809563 ], [ -77.51359373, 38.81832218 ], [ -77.51717082, 38.81628085 ], [ -77.5166606, 38.81507696 ], [ -77.51442588, 38.81600626 ], [ -77.51348739, 38.81524777 ], [ -77.51388381, 38.81416802 ], [ -77.51307962, 38.81361259 ], [ -77.51160552, 38.8158943 ], [ -77.51079268, 38.81624865 ], [ -77.51051862, 38.81731599 ], [ -77.5112224, 38.81809563 ], [ -77.50977008, 38.818089 ], [ -77.50836255, 38.8194213 ], [ -77.50929178, 38.82237084 ], [ -77.50138974, 38.82419419 ], [ -77.5008402, 38.82225395 ], [ -77.50642488, 38.82022407 ], [ -77.50551642, 38.81865668 ], [ -77.50531014, 38.81657076 ], [ -77.50079981, 38.81380435 ], [ -77.49369615, 38.81229515 ], [ -77.49116109, 38.81137134 ], [ -77.4906268, 38.81072675 ], [ -77.49338345, 38.80971322 ], [ -77.49356235, 38.81004419 ], [ -77.49430779, 38.80984014 ], [ -77.49568279, 38.80855727 ], [ -77.49600764, 38.80951931 ] ], [ [ -77.50799783, 38.81542556 ], [ -77.50745934, 38.81576517 ], [ -77.50763663, 38.81627113 ], [ -77.5079304, 38.81568816 ], [ -77.5088895, 38.81610602 ], [ -77.50835009, 38.81643365 ], [ -77.50878954, 38.81696912 ], [ -77.50914875, 38.81678421 ], [ -77.50882206, 38.81636863 ], [ -77.50967196, 38.81613098 ], [ -77.50827257, 38.81573992 ], [ -77.50796293, 38.81508767 ], [ -77.50760372, 38.81527258 ], [ -77.50799783, 38.81542556 ] ], [ [ -77.50564324, 38.81841725 ], [ -77.50716254, 38.819525 ], [ -77.5075745, 38.81772897 ], [ -77.50643178, 38.81737111 ], [ -77.50564324, 38.81841725 ] ], [ [ -77.51101523, 38.81231551 ], [ -77.50996836, 38.81190437 ], [ -77.50905097, 38.81348994 ], [ -77.51092988, 38.81323875 ], [ -77.51101523, 38.81231551 ] ] ], [ [ [ -77.54873175, 38.82430705 ], [ -77.54897987, 38.82333874 ], [ -77.54895116, 38.82507993 ], [ -77.54873175, 38.82430705 ] ] ], [ [ [ -77.50153559, 38.82536023 ], [ -77.50186881, 38.82504365 ], [ -77.50262085, 38.82566786 ], [ -77.50181034, 38.8256746 ], [ -77.50153559, 38.82536023 ] ] ], [ [ [ -77.51521957, 38.82606555 ], [ -77.51496374, 38.82511204 ], [ -77.51602466, 38.82603047 ], [ -77.51521957, 38.82606555 ] ] ], [ [ [ -77.0392353, 38.8242485 ], [ -77.0399336, 38.82368684 ], [ -77.04089464, 38.82460223 ], [ -77.04083504, 38.82506712 ], [ -77.03973233, 38.82524723 ], [ -77.04054697, 38.82602324 ], [ -77.038911, 38.82546947 ], [ -77.0392353, 38.8242485 ] ] ], [ [ [ -77.54905167, 38.82651931 ], [ -77.54906654, 38.82644309 ], [ -77.54907331, 38.82655244 ], [ -77.54905167, 38.82651931 ] ] ], [ [ [ -77.5580359, 38.82412621 ], [ -77.55704529, 38.82409021 ], [ -77.55690138, 38.82643169 ], [ -77.55622139, 38.82635562 ], [ -77.55635806, 38.82406512 ], [ -77.55545743, 38.82403246 ], [ -77.55529298, 38.82629923 ], [ -77.54898349, 38.82554288 ], [ -77.54909476, 38.82066655 ], [ -77.55084431, 38.82050455 ], [ -77.55095635, 38.82200881 ], [ -77.55204505, 38.82286619 ], [ -77.55530196, 38.82238213 ], [ -77.55639535, 38.8215645 ], [ -77.55687298, 38.8202411 ], [ -77.55621913, 38.82072985 ], [ -77.55582486, 38.81964135 ], [ -77.55663412, 38.81937116 ], [ -77.55602701, 38.81821513 ], [ -77.55523643, 38.81781205 ], [ -77.55447988, 38.81902837 ], [ -77.55326453, 38.8189931 ], [ -77.55445169, 38.81892383 ], [ -77.55434366, 38.81678905 ], [ -77.55597901, 38.81761173 ], [ -77.55849802, 38.820416 ], [ -77.56056938, 38.82093894 ], [ -77.56300559, 38.82043283 ], [ -77.56282408, 38.82129962 ], [ -77.56132705, 38.82218254 ], [ -77.55700119, 38.82202137 ], [ -77.55673047, 38.82266388 ], [ -77.55830042, 38.82310283 ], [ -77.55809248, 38.82658318 ], [ -77.5580359, 38.82412621 ] ] ], [ [ [ -77.51521957, 38.82606555 ], [ -77.51508473, 38.82659077 ], [ -77.51467473, 38.82625599 ], [ -77.51521957, 38.82606555 ] ] ], [ [ [ -77.51508473, 38.82659077 ], [ -77.51547892, 38.82674373 ], [ -77.51511967, 38.82692865 ], [ -77.51508473, 38.82659077 ] ] ], [ [ [ -77.54819911, 38.82777282 ], [ -77.54823139, 38.82777769 ], [ -77.54820677, 38.82780547 ], [ -77.54819911, 38.82777282 ] ] ], [ [ [ -77.01176246, 38.82274522 ], [ -77.01219736, 38.82202933 ], [ -77.0126692, 38.82297105 ], [ -77.01510781, 38.82343679 ], [ -77.01587186, 38.82401727 ], [ -77.01594561, 38.82775672 ], [ -77.01568202, 38.82795485 ], [ -77.01506191, 38.82567383 ], [ -77.01365214, 38.82386667 ], [ -77.01176246, 38.82274522 ] ] ], [ [ [ -77.54739391, 38.82849444 ], [ -77.54744458, 38.82841751 ], [ -77.54746308, 38.82843866 ], [ -77.54739391, 38.82849444 ] ] ], [ [ [ -77.01433365, 38.82899679 ], [ -77.01401514, 38.82887157 ], [ -77.01403688, 38.82879319 ], [ -77.01430103, 38.82865876 ], [ -77.01433365, 38.82899679 ] ] ], [ [ [ -77.53484517, 38.82870239 ], [ -77.53506898, 38.82847906 ], [ -77.53534732, 38.82910614 ], [ -77.53492296, 38.82876493 ], [ -77.53484517, 38.82870239 ] ] ], [ [ [ -77.54608394, 38.82909034 ], [ -77.54685174, 38.82884554 ], [ -77.54606491, 38.82916462 ], [ -77.54608394, 38.82909034 ] ] ], [ [ [ -77.53661539, 38.82907563 ], [ -77.5358123, 38.82915311 ], [ -77.53545628, 38.82831332 ], [ -77.53741505, 38.82870279 ], [ -77.53700753, 38.82930366 ], [ -77.53661539, 38.82907563 ] ] ], [ [ [ -76.85922112, 38.82888819 ], [ -76.85948684, 38.82849231 ], [ -76.86103023, 38.82908557 ], [ -76.86036935, 38.82939181 ], [ -76.85922112, 38.82888819 ] ] ], [ [ [ -76.85653392, 38.82836173 ], [ -76.85794197, 38.82835825 ], [ -76.85794915, 38.82864716 ], [ -76.85710633, 38.82943187 ], [ -76.85653392, 38.82836173 ] ] ], [ [ [ -76.86433597, 38.82900613 ], [ -76.86583286, 38.82898869 ], [ -76.86603527, 38.82906814 ], [ -76.86484832, 38.82946154 ], [ -76.86433597, 38.82900613 ] ] ], [ [ [ -77.01433365, 38.82899679 ], [ -77.01527684, 38.82924079 ], [ -77.01446786, 38.8298369 ], [ -77.01433365, 38.82899679 ] ] ], [ [ [ -77.04109748, 38.82332128 ], [ -77.04219224, 38.82321806 ], [ -77.04279978, 38.82458819 ], [ -77.04135241, 38.82732221 ], [ -77.04209288, 38.82855657 ], [ -77.04185367, 38.829322 ], [ -77.04072167, 38.82993813 ], [ -77.04066911, 38.82680473 ], [ -77.04150882, 38.82488138 ], [ -77.0407933, 38.82368836 ], [ -77.04109748, 38.82332128 ] ] ], [ [ [ -76.86638404, 38.8306671 ], [ -76.86655992, 38.83052804 ], [ -76.86766772, 38.83083811 ], [ -76.86548989, 38.83076156 ], [ -76.86638404, 38.8306671 ] ] ], [ [ [ -76.86286303, 38.83104173 ], [ -76.86306508, 38.83074032 ], [ -76.86330362, 38.83101724 ], [ -76.86286303, 38.83104173 ] ] ], [ [ [ -76.87116838, 38.83109449 ], [ -76.87114264, 38.83069928 ], [ -76.8724478, 38.83098632 ], [ -76.87235135, 38.83115123 ], [ -76.87116838, 38.83109449 ] ] ], [ [ [ -76.86286303, 38.83104173 ], [ -76.86190422, 38.83156928 ], [ -76.86130616, 38.83102649 ], [ -76.86286303, 38.83104173 ] ] ], [ [ [ -77.03875522, 38.82743482 ], [ -77.0390349, 38.82709732 ], [ -77.03939528, 38.82784578 ], [ -77.03861357, 38.82851477 ], [ -77.04039915, 38.82911448 ], [ -77.04042, 38.83072881 ], [ -77.0392386, 38.83215208 ], [ -77.03781955, 38.83003536 ], [ -77.03875522, 38.82743482 ] ] ], [ [ [ -76.88073155, 38.83150712 ], [ -76.87773749, 38.83071685 ], [ -76.88040031, 38.83091594 ], [ -76.88213402, 38.83223005 ], [ -76.88073155, 38.83150712 ] ] ], [ [ [ -76.88276373, 38.83251815 ], [ -76.88238991, 38.83234109 ], [ -76.88276386, 38.83246752 ], [ -76.88276373, 38.83251815 ] ] ], [ [ [ -76.87939491, 38.8325116 ], [ -76.87944637, 38.8324855 ], [ -76.87945072, 38.83253146 ], [ -76.87939491, 38.8325116 ] ] ], [ [ [ -76.88276373, 38.83251815 ], [ -76.88352157, 38.83274742 ], [ -76.882861, 38.83288016 ], [ -76.88276373, 38.83251815 ] ] ], [ [ [ -76.881998, 38.83348969 ], [ -76.88190317, 38.83345168 ], [ -76.88229124, 38.83355221 ], [ -76.88222163, 38.8335793 ], [ -76.881998, 38.83348969 ] ] ], [ [ [ -76.91903984, 38.83359945 ], [ -76.91914927, 38.83356644 ], [ -76.91906275, 38.8336198 ], [ -76.91903984, 38.83359945 ] ] ], [ [ [ -77.5391937, 38.83377888 ], [ -77.53953598, 38.83383055 ], [ -77.53946864, 38.83409317 ], [ -77.53912636, 38.8340415 ], [ -77.5391937, 38.83377888 ] ] ], [ [ [ -76.91962535, 38.83407188 ], [ -76.91977217, 38.83404234 ], [ -76.91989915, 38.83415462 ], [ -76.91962535, 38.83407188 ] ] ], [ [ [ -76.88326261, 38.83399643 ], [ -76.88392638, 38.83393942 ], [ -76.88393563, 38.83425747 ], [ -76.88388105, 38.83424424 ], [ -76.88326261, 38.83399643 ] ] ], [ [ [ -77.04603065, 38.8345658 ], [ -77.04601711, 38.83440698 ], [ -77.04606423, 38.83453183 ], [ -77.04603065, 38.8345658 ] ] ], [ [ [ -76.92046514, 38.83466354 ], [ -76.92046276, 38.83465299 ], [ -76.92046922, 38.8346587 ], [ -76.92046514, 38.83466354 ] ] ], [ [ [ -77.01446786, 38.8298369 ], [ -77.01394119, 38.83128211 ], [ -77.01103179, 38.83476477 ], [ -77.01116475, 38.83341626 ], [ -77.01390537, 38.82987098 ], [ -77.01446786, 38.8298369 ] ] ], [ [ [ -76.88430041, 38.83319793 ], [ -76.88715914, 38.83283262 ], [ -76.88947983, 38.83378069 ], [ -76.89012037, 38.83448083 ], [ -76.88948307, 38.83478836 ], [ -76.88430041, 38.83319793 ] ] ], [ [ [ -76.90207765, 38.83470511 ], [ -76.90179914, 38.83422116 ], [ -76.9030717, 38.83449976 ], [ -76.90533828, 38.8337734 ], [ -76.9081204, 38.83389092 ], [ -76.91539846, 38.83301273 ], [ -76.9154271, 38.83331369 ], [ -76.91617282, 38.83291926 ], [ -76.91604476, 38.83396783 ], [ -76.91855309, 38.83462464 ], [ -76.91394971, 38.83369444 ], [ -76.91030689, 38.83386493 ], [ -76.90565908, 38.83483442 ], [ -76.90207765, 38.83470511 ] ] ], [ [ [ -77.53721289, 38.83457101 ], [ -77.53760717, 38.8347239 ], [ -77.53724794, 38.83490889 ], [ -77.53721289, 38.83457101 ] ] ], [ [ [ -76.91025824, 38.83505792 ], [ -76.91038741, 38.834865 ], [ -76.91055022, 38.83505378 ], [ -76.91025824, 38.83505792 ] ] ], [ [ [ -76.91292599, 38.83491439 ], [ -76.91312904, 38.83480687 ], [ -76.91427474, 38.83517188 ], [ -76.91261904, 38.83506355 ], [ -76.91292599, 38.83491439 ] ] ], [ [ [ -76.92133198, 38.83513885 ], [ -76.92136185, 38.835134 ], [ -76.92173849, 38.83524497 ], [ -76.92133198, 38.83513885 ] ] ], [ [ [ -77.00934045, 38.83519455 ], [ -77.00938475, 38.83541228 ], [ -77.00899358, 38.83549115 ], [ -77.00934045, 38.83519455 ] ] ], [ [ [ -76.90744098, 38.83558823 ], [ -76.90913078, 38.83514334 ], [ -76.90983706, 38.83515884 ], [ -76.90917568, 38.83542193 ], [ -76.90744098, 38.83558823 ] ] ], [ [ [ -76.89425079, 38.83581457 ], [ -76.89049194, 38.83493334 ], [ -76.89101172, 38.83468552 ], [ -76.89401424, 38.83532626 ], [ -76.89828476, 38.83439926 ], [ -76.90080586, 38.8349474 ], [ -76.90015089, 38.83558486 ], [ -76.89425079, 38.83581457 ] ] ], [ [ [ -76.98694169, 38.83702736 ], [ -76.98653584, 38.83681233 ], [ -76.98696025, 38.83647246 ], [ -76.98694169, 38.83702736 ] ] ], [ [ [ -77.0088375, 38.83633543 ], [ -77.00968924, 38.83610122 ], [ -77.00945013, 38.83582457 ], [ -77.0088375, 38.83633543 ], [ -77.00843676, 38.83596726 ], [ -77.00885643, 38.83560842 ], [ -77.00947621, 38.83548379 ], [ -77.01009309, 38.83474498 ], [ -77.01103179, 38.83476477 ], [ -77.00897945, 38.83728756 ], [ -77.0088375, 38.83633543 ] ] ], [ [ [ -76.88861997, 38.83609903 ], [ -76.8887114, 38.83591342 ], [ -76.89041211, 38.83631479 ], [ -76.88988007, 38.83731497 ], [ -76.8885824, 38.83679737 ], [ -76.88861997, 38.83609903 ] ] ], [ [ [ -77.53749894, 38.83761484 ], [ -77.5372789, 38.83737222 ], [ -77.53746389, 38.83727696 ], [ -77.53749894, 38.83761484 ] ] ], [ [ [ -77.0068675, 38.83876079 ], [ -77.00701624, 38.83877272 ], [ -77.00695208, 38.83940542 ], [ -77.0069143, 38.83937845 ], [ -77.0068675, 38.83876079 ] ] ], [ [ [ -77.00684651, 38.83848383 ], [ -77.00728711, 38.83845883 ], [ -77.00661035, 38.83828895 ], [ -77.00749939, 38.83737892 ], [ -77.00801174, 38.83831515 ], [ -77.00749121, 38.83979039 ], [ -77.0071166, 38.8395229 ], [ -77.00723397, 38.8387041 ], [ -77.00684651, 38.83848383 ] ] ], [ [ [ -77.53749894, 38.83761484 ], [ -77.53862862, 38.83753562 ], [ -77.53885283, 38.83568501 ], [ -77.53804356, 38.83492244 ], [ -77.5391419, 38.83473847 ], [ -77.53946864, 38.83409317 ], [ -77.54020521, 38.83429772 ], [ -77.53953598, 38.83383055 ], [ -77.54033175, 38.83354149 ], [ -77.53961182, 38.8326756 ], [ -77.5391937, 38.83377888 ], [ -77.5385225, 38.83247454 ], [ -77.53782587, 38.83290975 ], [ -77.53721289, 38.83457101 ], [ -77.53648953, 38.83464668 ], [ -77.53562612, 38.8306416 ], [ -77.53657645, 38.83080057 ], [ -77.53779457, 38.83014587 ], [ -77.53900895, 38.83088409 ], [ -77.53855308, 38.82866495 ], [ -77.5395163, 38.82665965 ], [ -77.54050149, 38.82783597 ], [ -77.54159098, 38.82648147 ], [ -77.54086173, 38.82516331 ], [ -77.54410102, 38.82496229 ], [ -77.54528682, 38.82187773 ], [ -77.54586397, 38.81753161 ], [ -77.54719999, 38.8172351 ], [ -77.5486333, 38.81831116 ], [ -77.54851258, 38.82100062 ], [ -77.54774888, 38.82063218 ], [ -77.54802313, 38.82213922 ], [ -77.54851258, 38.82100062 ], [ -77.54885481, 38.82105226 ], [ -77.54819911, 38.82777282 ], [ -77.54501092, 38.82944827 ], [ -77.54118209, 38.83983358 ], [ -77.53928877, 38.83976377 ], [ -77.53856221, 38.83837952 ], [ -77.53760861, 38.83909216 ], [ -77.53749894, 38.83761484 ] ], [ [ -77.54337073, 38.82637235 ], [ -77.54224043, 38.82605524 ], [ -77.54164545, 38.82703752 ], [ -77.54259694, 38.82758432 ], [ -77.54337073, 38.82637235 ] ], [ [ -77.54688231, 38.82221015 ], [ -77.54736722, 38.82177479 ], [ -77.54659953, 38.82153028 ], [ -77.54621586, 38.82191325 ], [ -77.54688231, 38.82221015 ] ], [ [ -77.5471589, 38.821335 ], [ -77.54715585, 38.82133496 ], [ -77.54715536, 38.82133647 ], [ -77.5471589, 38.821335 ] ] ], [ [ [ -76.9815906, 38.84111062 ], [ -76.98198374, 38.84126527 ], [ -76.98162307, 38.84144865 ], [ -76.9815906, 38.84111062 ] ] ], [ [ [ -77.50153559, 38.82536023 ], [ -77.50179294, 38.82661666 ], [ -77.5029575, 38.82638122 ], [ -77.50316893, 38.82496965 ], [ -77.5084445, 38.82355983 ], [ -77.51010273, 38.82370602 ], [ -77.51121756, 38.82450958 ], [ -77.51058215, 38.82623972 ], [ -77.51314593, 38.82770682 ], [ -77.51273939, 38.82934077 ], [ -77.51338465, 38.82976067 ], [ -77.51561089, 38.82883497 ], [ -77.5177961, 38.82985485 ], [ -77.51807768, 38.82774153 ], [ -77.52362526, 38.82849673 ], [ -77.5242149, 38.82689098 ], [ -77.52208049, 38.82501043 ], [ -77.52419618, 38.82574357 ], [ -77.52652932, 38.82419504 ], [ -77.52512569, 38.8237311 ], [ -77.52368984, 38.82422624 ], [ -77.52253389, 38.82319829 ], [ -77.51822655, 38.82422047 ], [ -77.51570861, 38.82346011 ], [ -77.51514158, 38.82212176 ], [ -77.52119868, 38.82056867 ], [ -77.52124824, 38.82161805 ], [ -77.52055503, 38.82159548 ], [ -77.52094921, 38.82174842 ], [ -77.52094206, 38.822688 ], [ -77.52176871, 38.82226907 ], [ -77.52187926, 38.82107059 ], [ -77.52418977, 38.82024917 ], [ -77.52361766, 38.82196878 ], [ -77.52473886, 38.822988 ], [ -77.52465438, 38.82345929 ], [ -77.52669956, 38.8228901 ], [ -77.52657745, 38.82416235 ], [ -77.52810583, 38.82497092 ], [ -77.52870195, 38.82409181 ], [ -77.52885421, 38.82537128 ], [ -77.53233329, 38.82694022 ], [ -77.53372413, 38.82703943 ], [ -77.5345356, 38.82989181 ], [ -77.53360863, 38.82987295 ], [ -77.53465748, 38.83032023 ], [ -77.53387301, 38.83151417 ], [ -77.5329233, 38.83129204 ], [ -77.53171296, 38.83182068 ], [ -77.53223154, 38.83351965 ], [ -77.52652542, 38.83193291 ], [ -77.52929566, 38.83246938 ], [ -77.52880623, 38.83131521 ], [ -77.5305822, 38.83054077 ], [ -77.53119108, 38.82958152 ], [ -77.52858665, 38.82879869 ], [ -77.52731369, 38.82777031 ], [ -77.52614632, 38.82839876 ], [ -77.52648703, 38.82873181 ], [ -77.52594158, 38.83021757 ], [ -77.52409948, 38.83125785 ], [ -77.52275754, 38.83088474 ], [ -77.52114086, 38.83336963 ], [ -77.52077129, 38.83328977 ], [ -77.52093762, 38.83368203 ], [ -77.51874154, 38.83705733 ], [ -77.51889392, 38.83850346 ], [ -77.51019614, 38.84151082 ], [ -77.50835514, 38.84057952 ], [ -77.50880378, 38.83936411 ], [ -77.50756138, 38.83729692 ], [ -77.5095726, 38.83605772 ], [ -77.51090536, 38.83259254 ], [ -77.51234079, 38.83109299 ], [ -77.51233391, 38.83031721 ], [ -77.50931629, 38.82817603 ], [ -77.50478678, 38.82596979 ], [ -77.49857493, 38.82737504 ], [ -77.49899737, 38.82653427 ], [ -77.49811004, 38.82672852 ], [ -77.49855049, 38.82579656 ], [ -77.50153559, 38.82536023 ] ], [ [ -77.51166318, 38.83648734 ], [ -77.50950126, 38.83796315 ], [ -77.50952477, 38.83979333 ], [ -77.51480578, 38.83991548 ], [ -77.51850106, 38.83809468 ], [ -77.51799311, 38.83674531 ], [ -77.51882331, 38.83571138 ], [ -77.51801232, 38.83343189 ], [ -77.51640955, 38.83321563 ], [ -77.51407849, 38.83189464 ], [ -77.5133357, 38.83226961 ], [ -77.51466581, 38.83435776 ], [ -77.51184994, 38.83574526 ], [ -77.51166318, 38.83648734 ] ] ], [ [ [ -76.98611921, 38.8374456 ], [ -76.98615171, 38.83778363 ], [ -76.98651234, 38.83760024 ], [ -76.98618855, 38.83718328 ], [ -76.98728956, 38.83730457 ], [ -76.98840468, 38.83929041 ], [ -76.98675158, 38.83989042 ], [ -76.98617901, 38.83991283 ], [ -76.98615828, 38.83926858 ], [ -76.98505917, 38.83960818 ], [ -76.98617901, 38.83991283 ], [ -76.98187667, 38.84087603 ], [ -76.98101863, 38.84134632 ], [ -76.97993402, 38.84253866 ], [ -76.9791426, 38.84266744 ], [ -76.97951728, 38.8414375 ], [ -76.97862977, 38.8423233 ], [ -76.97768721, 38.84191263 ], [ -76.97660912, 38.84260847 ], [ -76.97482917, 38.84232806 ], [ -76.97835517, 38.84145602 ], [ -76.97801764, 38.83984352 ], [ -76.98200635, 38.83653492 ], [ -76.98378946, 38.83788158 ], [ -76.98438717, 38.83742077 ], [ -76.98472096, 38.83780181 ], [ -76.98611921, 38.8374456 ] ] ], [ [ [ -77.53784198, 38.842899 ], [ -77.53701746, 38.84262554 ], [ -77.53496387, 38.83940876 ], [ -77.53622175, 38.83785335 ], [ -77.53638508, 38.83684248 ], [ -77.53721311, 38.84101136 ], [ -77.53849056, 38.84273424 ], [ -77.53784198, 38.842899 ] ] ], [ [ [ -76.93546003, 38.84457491 ], [ -76.9350543, 38.84435971 ], [ -76.93525006, 38.84417524 ], [ -76.93546003, 38.84457491 ] ] ], [ [ [ -77.00183547, 38.8447401 ], [ -77.00195341, 38.8447401 ], [ -77.00195344, 38.84475826 ], [ -77.00182945, 38.844751 ], [ -77.00183547, 38.8447401 ] ] ], [ [ [ -77.00214245, 38.8443965 ], [ -77.00530572, 38.84294934 ], [ -77.00658121, 38.84091273 ], [ -77.00704389, 38.84133782 ], [ -77.00685176, 38.84327147 ], [ -77.00549227, 38.84490877 ], [ -77.00214067, 38.84476922 ], [ -77.00214245, 38.8443965 ] ] ], [ [ [ -76.93546003, 38.84457491 ], [ -76.93856952, 38.84562392 ], [ -76.93857874, 38.84597705 ], [ -76.93667545, 38.84550214 ], [ -76.93546003, 38.84457491 ] ] ], [ [ [ -76.93259865, 38.84619053 ], [ -76.93319173, 38.84569874 ], [ -76.93384962, 38.84602051 ], [ -76.93259865, 38.84619053 ] ] ], [ [ [ -76.93928082, 38.84626339 ], [ -76.93914129, 38.84585072 ], [ -76.93988809, 38.84613909 ], [ -76.93928082, 38.84626339 ] ] ], [ [ [ -76.9413363, 38.84658394 ], [ -76.93996865, 38.84637066 ], [ -76.94001937, 38.84617926 ], [ -76.9413363, 38.84658394 ] ] ], [ [ [ -76.98749528, 38.84648045 ], [ -76.98781964, 38.84648563 ], [ -76.98753103, 38.8468324 ], [ -76.98735411, 38.846797 ], [ -76.98749528, 38.84648045 ] ] ], [ [ [ -76.9413363, 38.84658394 ], [ -76.94134079, 38.84658369 ], [ -76.94210888, 38.84681876 ], [ -76.9412668, 38.84684623 ], [ -76.9413363, 38.84658394 ] ] ], [ [ [ -76.94188113, 38.84721516 ], [ -76.94160063, 38.84752643 ], [ -76.94107631, 38.84719901 ], [ -76.94188113, 38.84721516 ] ] ], [ [ [ -76.94188113, 38.84721516 ], [ -76.94274275, 38.84701276 ], [ -76.94364078, 38.84753602 ], [ -76.94276788, 38.84789968 ], [ -76.94188113, 38.84721516 ] ] ], [ [ [ -76.94345173, 38.84800631 ], [ -76.94352122, 38.84774402 ], [ -76.94386315, 38.84779733 ], [ -76.94379365, 38.84805962 ], [ -76.94345173, 38.84800631 ] ] ], [ [ [ -76.94413557, 38.84811294 ], [ -76.94423519, 38.84796405 ], [ -76.944421, 38.84809688 ], [ -76.94413557, 38.84811294 ] ] ], [ [ [ -76.94379365, 38.84805962 ], [ -76.94413557, 38.84811294 ], [ -76.9438756, 38.84842221 ], [ -76.94379365, 38.84805962 ] ] ], [ [ [ -76.94276788, 38.84789968 ], [ -76.94345173, 38.84800631 ], [ -76.94309937, 38.84859272 ], [ -76.94276788, 38.84789968 ] ] ], [ [ [ -76.96400697, 38.84874263 ], [ -76.96466438, 38.84859664 ], [ -76.96397813, 38.84910644 ], [ -76.96400697, 38.84874263 ] ] ], [ [ [ -76.94590916, 38.84948196 ], [ -76.94551605, 38.84932718 ], [ -76.94587685, 38.84914391 ], [ -76.94590916, 38.84948196 ] ] ], [ [ [ -76.96100823, 38.84940849 ], [ -76.96156741, 38.84928432 ], [ -76.96139199, 38.8496042 ], [ -76.96100823, 38.84940849 ] ] ], [ [ [ -76.94611211, 38.85005985 ], [ -76.94591035, 38.8503614 ], [ -76.94567143, 38.85008463 ], [ -76.94611211, 38.85005985 ] ] ], [ [ [ -76.94611211, 38.85005985 ], [ -76.94590916, 38.84948196 ], [ -76.9502157, 38.85047351 ], [ -76.95240136, 38.85109935 ], [ -76.95231103, 38.85167352 ], [ -76.94906552, 38.85137267 ], [ -76.94611211, 38.85005985 ] ] ], [ [ [ -77.0038634, 38.85112864 ], [ -77.00430407, 38.85110365 ], [ -76.99995703, 38.84877469 ], [ -77.00108538, 38.84902178 ], [ -77.00303212, 38.84843013 ], [ -77.00389582, 38.84888386 ], [ -77.00396643, 38.8499408 ], [ -77.0055597, 38.85039335 ], [ -77.00516646, 38.85023877 ], [ -77.00598234, 38.84935772 ], [ -77.00545366, 38.84551443 ], [ -77.00674986, 38.8461839 ], [ -77.00618009, 38.84698624 ], [ -77.00674592, 38.84754567 ], [ -77.00638596, 38.84893387 ], [ -77.00670098, 38.84969075 ], [ -77.00533716, 38.85201305 ], [ -77.0038634, 38.85112864 ] ] ], [ [ [ -76.95375118, 38.8517099 ], [ -76.95390726, 38.85154792 ], [ -76.95501449, 38.8518278 ], [ -76.95455621, 38.8522821 ], [ -76.95302156, 38.85184425 ], [ -76.95375118, 38.8517099 ] ] ], [ [ [ -76.95896707, 38.85260937 ], [ -76.95916879, 38.85230779 ], [ -76.95940776, 38.85258453 ], [ -76.95896707, 38.85260937 ] ] ], [ [ [ -76.97608255, 38.85315037 ], [ -76.97622353, 38.85291691 ], [ -76.97745874, 38.85328271 ], [ -76.97665101, 38.85357 ], [ -76.97608255, 38.85315037 ] ] ], [ [ [ -76.95896707, 38.85260937 ], [ -76.95751071, 38.85387451 ], [ -76.9567997, 38.85283743 ], [ -76.9584093, 38.8526489 ], [ -76.95896707, 38.85260937 ] ] ], [ [ [ -76.97740396, 38.85393789 ], [ -76.9780578, 38.85312376 ], [ -76.97931127, 38.85345338 ], [ -76.97939486, 38.85354495 ], [ -76.97740396, 38.85393789 ] ] ], [ [ [ -76.95275229, 38.85403321 ], [ -76.95114359, 38.85314972 ], [ -76.95591282, 38.85353021 ], [ -76.95357861, 38.85473127 ], [ -76.95275229, 38.85403321 ] ] ], [ [ [ -76.97743337, 38.85548456 ], [ -76.97747737, 38.85543219 ], [ -76.97760085, 38.85551062 ], [ -76.97743337, 38.85548456 ] ] ], [ [ [ -76.97633804, 38.85558721 ], [ -76.97578725, 38.85566168 ], [ -76.97444229, 38.85477388 ], [ -76.97528446, 38.85401015 ], [ -76.97678484, 38.85468486 ], [ -76.97633804, 38.85558721 ] ] ], [ [ [ -76.97770598, 38.85580009 ], [ -76.97775641, 38.85560942 ], [ -76.97791832, 38.85571226 ], [ -76.97792208, 38.85583372 ], [ -76.97770598, 38.85580009 ] ] ], [ [ [ -76.97633804, 38.85558721 ], [ -76.97743337, 38.85548456 ], [ -76.97770598, 38.85580009 ], [ -76.97738218, 38.85649182 ], [ -76.97635615, 38.8560321 ], [ -76.97633804, 38.85558721 ] ] ], [ [ [ -76.97988686, 38.85832431 ], [ -76.97949364, 38.85816964 ], [ -76.9798668, 38.85811544 ], [ -76.97988686, 38.85832431 ] ] ], [ [ [ -76.97482137, 38.85862848 ], [ -76.97487152, 38.85884986 ], [ -76.97449267, 38.85860189 ], [ -76.97457005, 38.85852962 ], [ -76.97482137, 38.85862848 ] ] ], [ [ [ -76.97550536, 38.85873493 ], [ -76.97542324, 38.85837236 ], [ -76.97482137, 38.85862848 ], [ -76.97520656, 38.85793511 ], [ -76.97469803, 38.85760226 ], [ -76.97521786, 38.85682283 ], [ -76.97665763, 38.85749374 ], [ -76.97588598, 38.85886706 ], [ -76.97550536, 38.85873493 ] ] ], [ [ [ -76.97516337, 38.85868171 ], [ -76.97550536, 38.85873493 ], [ -76.97546622, 38.85923911 ], [ -76.97496868, 38.85891346 ], [ -76.97516337, 38.85868171 ] ] ], [ [ [ -76.97700225, 38.86115275 ], [ -76.97656151, 38.86117765 ], [ -76.97777031, 38.86161125 ], [ -76.9788079, 38.86077801 ], [ -76.97861268, 38.86020142 ], [ -76.97986241, 38.85993794 ], [ -76.97952807, 38.85867774 ], [ -76.98014619, 38.85821743 ], [ -76.98033031, 38.8574636 ], [ -76.98324438, 38.85934589 ], [ -76.98244275, 38.86054808 ], [ -76.98106079, 38.86021827 ], [ -76.97952701, 38.86190372 ], [ -76.97869321, 38.8613909 ], [ -76.97809077, 38.86181167 ], [ -76.97869808, 38.86399382 ], [ -76.97672074, 38.86364906 ], [ -76.97451303, 38.86228015 ], [ -76.97385994, 38.86299784 ], [ -76.97307583, 38.86301955 ], [ -76.97458669, 38.86097367 ], [ -76.97470942, 38.86013607 ], [ -76.97368073, 38.8591276 ], [ -76.97410944, 38.8584848 ], [ -76.97543587, 38.85962986 ], [ -76.97627896, 38.85900348 ], [ -76.97598489, 38.85890139 ], [ -76.97676925, 38.85753891 ], [ -76.97751969, 38.85784262 ], [ -76.97817941, 38.85894201 ], [ -76.97689851, 38.8606576 ], [ -76.97700225, 38.86115275 ] ] ], [ [ [ -76.95419554, 38.86524893 ], [ -76.95445361, 38.86484772 ], [ -76.95613195, 38.86543666 ], [ -76.95419554, 38.86524893 ] ] ], [ [ [ -76.95344204, 38.86540466 ], [ -76.95351152, 38.86514237 ], [ -76.95419554, 38.86524893 ], [ -76.95412606, 38.86551123 ], [ -76.95344204, 38.86540466 ] ] ], [ [ [ -76.95344204, 38.86540466 ], [ -76.95316152, 38.86571596 ], [ -76.95263701, 38.86538859 ], [ -76.95344204, 38.86540466 ] ] ], [ [ [ -76.96106734, 38.8658874 ], [ -76.96061275, 38.86589733 ], [ -76.96061285, 38.86571157 ], [ -76.96137026, 38.86568917 ], [ -76.96106734, 38.8658874 ] ] ], [ [ [ -76.96018982, 38.86573283 ], [ -76.96044284, 38.86572011 ], [ -76.96044273, 38.86591257 ], [ -76.96023166, 38.86594287 ], [ -76.96018982, 38.86573283 ] ] ], [ [ [ -76.96168466, 38.86593947 ], [ -76.9616796, 38.86569315 ], [ -76.96228527, 38.86569335 ], [ -76.9622847, 38.866064 ], [ -76.96168466, 38.86593947 ] ] ], [ [ [ -76.96788149, 38.86601472 ], [ -76.96784905, 38.86609458 ], [ -76.96784744, 38.86600206 ], [ -76.96788149, 38.86601472 ] ] ], [ [ [ -76.95720419, 38.86599074 ], [ -76.95741485, 38.86564006 ], [ -76.95943271, 38.86541434 ], [ -76.95915236, 38.86619003 ], [ -76.95720419, 38.86599074 ] ] ], [ [ [ -76.96245491, 38.86610317 ], [ -76.96245513, 38.8657012 ], [ -76.96303467, 38.86570139 ], [ -76.9630344, 38.86623604 ], [ -76.96245491, 38.86610317 ] ] ], [ [ [ -76.9633262, 38.86632884 ], [ -76.96332653, 38.86569386 ], [ -76.96467426, 38.86569428 ], [ -76.96467379, 38.86663561 ], [ -76.9633262, 38.86632884 ] ] ], [ [ [ -76.97117303, 38.8643422 ], [ -76.97120546, 38.86468023 ], [ -76.97283508, 38.86338696 ], [ -76.97358967, 38.86388259 ], [ -76.97163603, 38.8670535 ], [ -76.97035905, 38.86685821 ], [ -76.97117303, 38.8643422 ] ] ], [ [ [ -76.95083408, 38.86718331 ], [ -76.95128125, 38.8660638 ], [ -76.95214298, 38.86664963 ], [ -76.95141155, 38.86682373 ], [ -76.95083408, 38.86718331 ] ] ], [ [ [ -76.96486101, 38.86670807 ], [ -76.96486151, 38.86569552 ], [ -76.96596532, 38.86589279 ], [ -76.96632588, 38.86541475 ], [ -76.9676014, 38.86591057 ], [ -76.96735414, 38.86731321 ], [ -76.96486101, 38.86670807 ] ] ], [ [ [ -76.96589788, 38.86737253 ], [ -76.96589789, 38.86734399 ], [ -76.96602287, 38.86737443 ], [ -76.96589788, 38.86737253 ] ] ], [ [ [ -76.95083408, 38.86718331 ], [ -76.95076459, 38.8674456 ], [ -76.95036129, 38.8672462 ], [ -76.95083408, 38.86718331 ] ] ], [ [ [ -76.96788149, 38.86601472 ], [ -76.96962716, 38.86614664 ], [ -76.96890247, 38.86753923 ], [ -76.96787638, 38.8673795 ], [ -76.96822351, 38.86606797 ], [ -76.96788149, 38.86601472 ] ] ], [ [ [ -76.96409924, 38.86728925 ], [ -76.96220675, 38.86684534 ], [ -76.96139114, 38.86716436 ], [ -76.96253153, 38.8665327 ], [ -76.96569634, 38.86736947 ], [ -76.96409924, 38.86728925 ] ] ], [ [ [ -76.95720419, 38.86599074 ], [ -76.9586064, 38.86667311 ], [ -76.95800995, 38.86767842 ], [ -76.95351175, 38.86588789 ], [ -76.95720419, 38.86599074 ] ] ], [ [ [ -76.96945277, 38.86680555 ], [ -76.96967145, 38.86692147 ], [ -76.9696453, 38.86770145 ], [ -76.96929739, 38.86767257 ], [ -76.96945277, 38.86680555 ] ] ], [ [ [ -76.96090024, 38.86623976 ], [ -76.96236801, 38.86645448 ], [ -76.96113621, 38.86710262 ], [ -76.96071626, 38.86837558 ], [ -76.96030148, 38.8662934 ], [ -76.96090024, 38.86623976 ] ] ], [ [ [ -76.95076459, 38.8674456 ], [ -76.95298227, 38.86688475 ], [ -76.95277511, 38.86833211 ], [ -76.95124495, 38.86883366 ], [ -76.94933978, 38.87070089 ], [ -76.94968766, 38.86827321 ], [ -76.95076459, 38.8674456 ] ] ], [ [ [ -76.94855707, 38.87174475 ], [ -76.94889068, 38.87150718 ], [ -76.94877848, 38.87177925 ], [ -76.94855707, 38.87174475 ] ] ], [ [ [ -76.94855707, 38.87174475 ], [ -76.94812424, 38.87235238 ], [ -76.94684489, 38.87074387 ], [ -76.94844559, 38.87007382 ], [ -76.94898454, 38.86937721 ], [ -76.94899925, 38.86834994 ], [ -76.94958466, 38.86801484 ], [ -76.94855707, 38.87174475 ] ] ], [ [ [ -76.93965298, 38.87308821 ], [ -76.93972252, 38.87282592 ], [ -76.94006455, 38.87287925 ], [ -76.93999502, 38.87314154 ], [ -76.93965298, 38.87308821 ] ] ], [ [ [ -76.93931095, 38.87303489 ], [ -76.93965298, 38.87308821 ], [ -76.9393929, 38.87339748 ], [ -76.93931095, 38.87303489 ] ] ], [ [ [ -76.94814004, 38.87331852 ], [ -76.94853329, 38.87347328 ], [ -76.94817238, 38.87365656 ], [ -76.94814004, 38.87331852 ] ] ], [ [ [ -76.93876029, 38.87376843 ], [ -76.93860356, 38.87349357 ], [ -76.938728, 38.87343039 ], [ -76.93876029, 38.87376843 ] ] ], [ [ [ -76.93876029, 38.87376843 ], [ -76.93964734, 38.87445299 ], [ -76.93939433, 38.87491206 ], [ -76.93892935, 38.87463022 ], [ -76.93876029, 38.87376843 ] ] ], [ [ [ -76.95066792, 38.87453178 ], [ -76.95319589, 38.87574498 ], [ -76.95325999, 38.87684746 ], [ -76.95045636, 38.87574441 ], [ -76.94986938, 38.87456699 ], [ -76.95066792, 38.87453178 ] ] ], [ [ [ -76.95325999, 38.87684746 ], [ -76.95365327, 38.87700221 ], [ -76.95329235, 38.8771855 ], [ -76.95325999, 38.87684746 ] ] ], [ [ [ -77.05128475, 38.87787605 ], [ -77.05089127, 38.87772161 ], [ -77.05121334, 38.87755767 ], [ -77.05128475, 38.87787605 ] ] ], [ [ [ -77.05128475, 38.87787605 ], [ -77.05156355, 38.87791924 ], [ -77.05185116, 38.87823688 ], [ -77.05121561, 38.8781384 ], [ -77.05128475, 38.87787605 ] ] ], [ [ [ -77.05183076, 38.87850678 ], [ -77.05188746, 38.87829162 ], [ -77.05205295, 38.87854121 ], [ -77.05183076, 38.87850678 ] ] ], [ [ [ -77.05220573, 38.87889781 ], [ -77.05218932, 38.87872888 ], [ -77.05228466, 38.87885763 ], [ -77.05220573, 38.87889781 ] ] ], [ [ [ -76.94756751, 38.87951121 ], [ -76.94790958, 38.87956451 ], [ -76.94784007, 38.8798268 ], [ -76.94749799, 38.8797735 ], [ -76.94756751, 38.87951121 ] ] ], [ [ [ -76.95339897, 38.87632287 ], [ -76.95333487, 38.87522039 ], [ -76.95066792, 38.87453178 ], [ -76.9506088, 38.87417996 ], [ -76.9495988, 38.8741921 ], [ -76.94953796, 38.87510561 ], [ -76.95006684, 38.87572587 ], [ -76.94861015, 38.87557678 ], [ -76.9485759, 38.87373971 ], [ -76.94921035, 38.87332444 ], [ -76.95953849, 38.87754575 ], [ -76.95948144, 38.87890893 ], [ -76.95689524, 38.87997593 ], [ -76.9554453, 38.87930802 ], [ -76.95339897, 38.87632287 ] ] ], [ [ [ -76.93964734, 38.87445299 ], [ -76.93992549, 38.87340383 ], [ -76.94060956, 38.87351047 ], [ -76.9400992, 38.87379753 ], [ -76.94033818, 38.8740743 ], [ -76.94101287, 38.87370991 ], [ -76.94060956, 38.87351047 ], [ -76.94100349, 38.87312271 ], [ -76.93973562, 38.87242881 ], [ -76.93931095, 38.87303489 ], [ -76.93852332, 38.87272125 ], [ -76.94003364, 38.87196395 ], [ -76.9410308, 38.87265099 ], [ -76.94169389, 38.87149246 ], [ -76.9438378, 38.87114722 ], [ -76.94809413, 38.87286813 ], [ -76.94752154, 38.87385694 ], [ -76.94813532, 38.87422891 ], [ -76.94813364, 38.87528795 ], [ -76.94861015, 38.87557678 ], [ -76.94873822, 38.87778174 ], [ -76.94827941, 38.87896439 ], [ -76.94577634, 38.88020645 ], [ -76.94344306, 38.87718258 ], [ -76.93998896, 38.87525709 ], [ -76.93964734, 38.87445299 ] ] ], [ [ [ -76.94653578, 38.88071607 ], [ -76.94646626, 38.88097837 ], [ -76.9460629, 38.88077895 ], [ -76.94653578, 38.88071607 ] ] ], [ [ [ -76.96875618, 38.88104274 ], [ -76.96899041, 38.88066238 ], [ -76.96932907, 38.88088023 ], [ -76.96926338, 38.88089887 ], [ -76.96875618, 38.88104274 ] ] ], [ [ [ -77.07379809, 38.88163535 ], [ -77.07330875, 38.88137286 ], [ -77.07400879, 38.88102973 ], [ -77.07420642, 38.88142549 ], [ -77.07379809, 38.88163535 ] ] ], [ [ [ -77.07451232, 38.88175935 ], [ -77.07451089, 38.88165612 ], [ -77.07460324, 38.88176046 ], [ -77.07451232, 38.88175935 ] ] ], [ [ [ -77.07297265, 38.88153761 ], [ -77.07322393, 38.88141444 ], [ -77.07335941, 38.88182442 ], [ -77.07297265, 38.88153761 ] ] ], [ [ [ -76.95858886, 38.87958929 ], [ -76.95948144, 38.87890893 ], [ -76.95985766, 38.87921943 ], [ -76.95857097, 38.88186948 ], [ -76.95759738, 38.88142635 ], [ -76.95801979, 38.88097216 ], [ -76.95867218, 38.88118097 ], [ -76.95779004, 38.8802085 ], [ -76.95858886, 38.87958929 ] ] ], [ [ [ -76.94756201, 38.88087598 ], [ -76.94836721, 38.88089209 ], [ -76.94653578, 38.88071607 ], [ -76.94674433, 38.87992919 ], [ -76.94852422, 38.8799334 ], [ -76.94866324, 38.87940881 ], [ -76.94929022, 38.88026933 ], [ -76.94989171, 38.88014966 ], [ -76.94989129, 38.87926714 ], [ -76.94900531, 38.87946211 ], [ -76.94873822, 38.87778174 ], [ -76.94916296, 38.87698747 ], [ -76.95046637, 38.87802299 ], [ -76.95107943, 38.87773682 ], [ -76.9505184, 38.8771381 ], [ -76.95221871, 38.87674193 ], [ -76.9563861, 38.88076668 ], [ -76.95562192, 38.88062339 ], [ -76.95545422, 38.88141664 ], [ -76.95228606, 38.88120882 ], [ -76.95001325, 38.88052721 ], [ -76.94943236, 38.88106991 ], [ -76.95120035, 38.88128974 ], [ -76.95203913, 38.88210201 ], [ -76.94905427, 38.88183571 ], [ -76.94756201, 38.88087598 ] ] ], [ [ [ -77.07316973, 38.88219841 ], [ -77.07336575, 38.88187914 ], [ -77.07335051, 38.8822006 ], [ -77.07316973, 38.88219841 ] ] ], [ [ [ -76.96930731, 38.88103928 ], [ -76.96980339, 38.88118535 ], [ -76.96855478, 38.88234475 ], [ -76.96842604, 38.88157885 ], [ -76.96930731, 38.88103928 ] ] ], [ [ [ -76.96257389, 38.8823902 ], [ -76.95954992, 38.88155157 ], [ -76.96008325, 38.88065535 ], [ -76.96213099, 38.88167233 ], [ -76.96306379, 38.88141734 ], [ -76.96257389, 38.8823902 ] ] ], [ [ [ -76.94646626, 38.88097837 ], [ -76.94746948, 38.88183938 ], [ -76.9481771, 38.88186868 ], [ -76.94864118, 38.8827657 ], [ -76.94658284, 38.88219458 ], [ -76.94646626, 38.88097837 ] ] ], [ [ [ -76.96708662, 38.8818858 ], [ -76.96815073, 38.88233895 ], [ -76.96506179, 38.88344723 ], [ -76.96543095, 38.88276906 ], [ -76.96708662, 38.8818858 ] ] ], [ [ [ -77.07345277, 38.88294718 ], [ -77.07314014, 38.88260037 ], [ -77.0734391, 38.88230171 ], [ -77.07345376, 38.88185512 ], [ -77.07420866, 38.88142843 ], [ -77.07451844, 38.88189484 ], [ -77.07504767, 38.88226395 ], [ -77.07555189, 38.88211948 ], [ -77.07390272, 38.88351508 ], [ -77.07345277, 38.88294718 ] ] ], [ [ [ -77.07345277, 38.88294718 ], [ -77.07363348, 38.88361356 ], [ -77.07221903, 38.88357541 ], [ -77.07242398, 38.88279689 ], [ -77.07345277, 38.88294718 ] ] ], [ [ [ -76.96534566, 38.88501116 ], [ -76.96514984, 38.88441004 ], [ -76.96628755, 38.88424174 ], [ -76.96612799, 38.88441935 ], [ -76.96534566, 38.88501116 ] ] ], [ [ [ -76.96534566, 38.88501116 ], [ -76.9651098, 38.88527331 ], [ -76.96490477, 38.88503602 ], [ -76.96534566, 38.88501116 ] ] ], [ [ [ -76.96411095, 38.88563831 ], [ -76.96369995, 38.88538083 ], [ -76.96419331, 38.88475123 ], [ -76.96411095, 38.88563831 ] ] ], [ [ [ -76.96411095, 38.88563831 ], [ -76.96451439, 38.88583767 ], [ -76.96404149, 38.88590062 ], [ -76.96411095, 38.88563831 ] ] ], [ [ [ -76.9449489, 38.88123105 ], [ -76.94568855, 38.88129034 ], [ -76.94489576, 38.88309883 ], [ -76.94492233, 38.8847132 ], [ -76.94609618, 38.88640319 ], [ -76.94491629, 38.8860779 ], [ -76.94385767, 38.88449595 ], [ -76.94355532, 38.88311626 ], [ -76.94413574, 38.88287355 ], [ -76.94420317, 38.88190519 ], [ -76.9449489, 38.88123105 ] ] ], [ [ [ -77.07144275, 38.88787528 ], [ -77.07192531, 38.88784612 ], [ -77.07148373, 38.88824601 ], [ -77.07144275, 38.88787528 ] ] ], [ [ [ -76.94066498, 38.88919464 ], [ -76.94161811, 38.8867629 ], [ -76.9439221, 38.88661887 ], [ -76.94642702, 38.88785907 ], [ -76.9467158, 38.88929776 ], [ -76.94066498, 38.88919464 ] ] ], [ [ [ -76.96404149, 38.88590062 ], [ -76.96266115, 38.88911491 ], [ -76.9623884, 38.88877146 ], [ -76.96168928, 38.88948945 ], [ -76.96161116, 38.88881769 ], [ -76.96404149, 38.88590062 ] ] ], [ [ [ -77.07001866, 38.8878837 ], [ -77.07106634, 38.88817507 ], [ -77.07110382, 38.88952148 ], [ -77.07007852, 38.88876576 ], [ -77.07001866, 38.8878837 ] ] ], [ [ [ -77.05922228, 38.89155507 ], [ -77.05939998, 38.89032875 ], [ -77.06073757, 38.89093224 ], [ -77.06004878, 38.89190599 ], [ -77.05922228, 38.89155507 ] ] ], [ [ [ -76.94332627, 38.89551115 ], [ -76.9451822, 38.89580352 ], [ -76.94422655, 38.89416922 ], [ -76.94373795, 38.89530216 ], [ -76.94296032, 38.89521953 ], [ -76.94293979, 38.89443549 ], [ -76.94406831, 38.89360337 ], [ -76.94582393, 38.89407555 ], [ -76.94776228, 38.8953585 ], [ -76.94603241, 38.89689108 ], [ -76.94281455, 38.89706645 ], [ -76.94332627, 38.89551115 ] ] ], [ [ [ -77.09298746, 38.89871012 ], [ -77.09300336, 38.89869752 ], [ -77.09300801, 38.8987074 ], [ -77.09298746, 38.89871012 ] ] ], [ [ [ -77.08896852, 38.89873108 ], [ -77.08897941, 38.89869401 ], [ -77.08905176, 38.89869692 ], [ -77.08896852, 38.89873108 ] ] ], [ [ [ -77.08676516, 38.89882419 ], [ -77.08696047, 38.89852999 ], [ -77.08892746, 38.89869192 ], [ -77.08840563, 38.89896207 ], [ -77.08676516, 38.89882419 ] ] ], [ [ [ -77.09277212, 38.89889176 ], [ -77.09310528, 38.89891423 ], [ -77.09234682, 38.89921817 ], [ -77.09275594, 38.89889372 ], [ -77.09277212, 38.89889176 ] ] ], [ [ [ -77.08619242, 38.89909175 ], [ -77.08666291, 38.89896349 ], [ -77.08642024, 38.89923348 ], [ -77.08619242, 38.89909175 ] ] ], [ [ [ -77.09176121, 38.89938525 ], [ -77.09150922, 38.89922851 ], [ -77.09226095, 38.89924267 ], [ -77.09176121, 38.89938525 ] ] ], [ [ [ -77.08550818, 38.89943698 ], [ -77.08556509, 38.89947203 ], [ -77.08533823, 38.89948504 ], [ -77.08550818, 38.89943698 ] ] ], [ [ [ -77.06295812, 38.89976336 ], [ -77.06060589, 38.8987816 ], [ -77.05987057, 38.89728386 ], [ -77.06017104, 38.89639483 ], [ -77.05954806, 38.89290283 ], [ -77.06213429, 38.89211744 ], [ -77.06612737, 38.89724105 ], [ -77.06653772, 38.89851107 ], [ -77.06651044, 38.89975496 ], [ -77.06295812, 38.89976336 ] ], [ [ -77.06499377, 38.89884049 ], [ -77.06494337, 38.89818204 ], [ -77.06409771, 38.89897311 ], [ -77.0653874, 38.89899488 ], [ -77.06499377, 38.89884049 ] ] ], [ [ [ -77.08911732, 38.90000068 ], [ -77.08930042, 38.89986993 ], [ -77.08962874, 38.89999366 ], [ -77.088865, 38.90021156 ], [ -77.08911732, 38.90000068 ] ] ], [ [ [ -77.08797638, 38.90005228 ], [ -77.08880033, 38.90001502 ], [ -77.08880928, 38.90021089 ], [ -77.08776724, 38.90022482 ], [ -77.08797638, 38.90005228 ] ] ], [ [ [ -77.0866543, 38.9003161 ], [ -77.08654091, 38.9000169 ], [ -77.0869354, 38.90017079 ], [ -77.0866543, 38.9003161 ] ] ], [ [ [ -77.08584297, 38.90046248 ], [ -77.0857168, 38.90045724 ], [ -77.08634411, 38.90002637 ], [ -77.08640873, 38.9001387 ], [ -77.08584297, 38.90046248 ] ] ], [ [ [ -77.08491262, 38.89960538 ], [ -77.08379768, 38.90065184 ], [ -77.08335904, 38.90064521 ], [ -77.08401423, 38.90003988 ], [ -77.08491262, 38.89960538 ] ] ], [ [ [ -77.08509377, 38.90088518 ], [ -77.08548763, 38.90061465 ], [ -77.08524259, 38.90089115 ], [ -77.08509377, 38.90088518 ] ] ], [ [ [ -77.07691403, 38.90213241 ], [ -77.07669653, 38.90174359 ], [ -77.07885755, 38.90220571 ], [ -77.07691403, 38.90213241 ] ] ], [ [ [ -76.9456241, 38.90297051 ], [ -76.94523071, 38.90281573 ], [ -76.94559177, 38.90263246 ], [ -76.9456241, 38.90297051 ] ] ], [ [ [ -77.09146567, 38.90296941 ], [ -77.09209513, 38.90265979 ], [ -77.09195899, 38.90319032 ], [ -77.09146567, 38.90296941 ] ] ], [ [ [ -76.95089594, 38.90324541 ], [ -76.95034091, 38.903078 ], [ -76.9502437, 38.90299509 ], [ -76.95079824, 38.90288345 ], [ -76.95089594, 38.90324541 ] ] ], [ [ [ -76.9456241, 38.90297051 ], [ -76.94596629, 38.90302381 ], [ -76.94589674, 38.90328611 ], [ -76.94555456, 38.9032328 ], [ -76.9456241, 38.90297051 ] ] ], [ [ [ -76.96431138, 38.90213005 ], [ -76.96534913, 38.90163234 ], [ -76.96408379, 38.9035177 ], [ -76.96356174, 38.90345474 ], [ -76.96431138, 38.90213005 ] ] ], [ [ [ -76.94589674, 38.90328611 ], [ -76.94623893, 38.90333941 ], [ -76.94616939, 38.90360171 ], [ -76.9458272, 38.9035484 ], [ -76.94589674, 38.90328611 ] ] ], [ [ [ -76.95089594, 38.90324541 ], [ -76.95158031, 38.90335199 ], [ -76.95151079, 38.90361429 ], [ -76.9508488, 38.90351119 ], [ -76.95089594, 38.90324541 ] ] ], [ [ [ -76.95158031, 38.90335199 ], [ -76.95153071, 38.9024134 ], [ -76.95251231, 38.90307305 ], [ -76.95185298, 38.90366758 ], [ -76.95158031, 38.90335199 ] ] ], [ [ [ -76.95151079, 38.90361429 ], [ -76.95185298, 38.90366758 ], [ -76.95159284, 38.90397688 ], [ -76.95151079, 38.90361429 ] ] ], [ [ [ -76.94616939, 38.90360171 ], [ -76.94681939, 38.90383794 ], [ -76.94671468, 38.90423291 ], [ -76.9460303, 38.9041263 ], [ -76.94616939, 38.90360171 ] ] ], [ [ [ -77.08196281, 38.90474249 ], [ -77.08198414, 38.90471051 ], [ -77.08229246, 38.9047236 ], [ -77.08196281, 38.90474249 ] ] ], [ [ [ -76.94671468, 38.90423291 ], [ -76.94741587, 38.90434213 ], [ -76.94760217, 38.90491741 ], [ -76.94678345, 38.904425 ], [ -76.94671468, 38.90423291 ] ] ], [ [ [ -77.07488931, 38.90513757 ], [ -77.07367064, 38.90463372 ], [ -77.07710452, 38.90486693 ], [ -77.07488931, 38.90513757 ] ] ], [ [ [ -77.09285009, 38.90533337 ], [ -77.09173502, 38.90504238 ], [ -77.0927069, 38.90495994 ], [ -77.09285009, 38.90533337 ] ] ], [ [ [ -77.09522079, 38.9048454 ], [ -77.09597111, 38.90520013 ], [ -77.09599241, 38.90534079 ], [ -77.09549491, 38.90500535 ], [ -77.09522079, 38.9048454 ] ] ], [ [ [ -77.08196281, 38.90474249 ], [ -77.07874472, 38.90545847 ], [ -77.0784275, 38.90515102 ], [ -77.07899916, 38.90489959 ], [ -77.08196281, 38.90474249 ] ] ], [ [ [ -76.94760217, 38.90491741 ], [ -76.94848474, 38.90524561 ], [ -76.94883188, 38.9056552 ], [ -76.9477676, 38.90537954 ], [ -76.94760217, 38.90491741 ] ] ], [ [ [ -77.08230213, 38.9061602 ], [ -77.08285385, 38.90584367 ], [ -77.08322477, 38.90617402 ], [ -77.082979, 38.90609613 ], [ -77.08230213, 38.9061602 ] ] ], [ [ [ -76.96149874, 38.9062618 ], [ -76.96195674, 38.90568394 ], [ -76.96232039, 38.90579661 ], [ -76.96230215, 38.90599855 ], [ -76.96149874, 38.9062618 ] ] ], [ [ [ -77.08230213, 38.9061602 ], [ -77.08179162, 38.90632848 ], [ -77.08149662, 38.90614497 ], [ -77.08230213, 38.9061602 ] ] ], [ [ [ -76.94883188, 38.9056552 ], [ -76.94912031, 38.90591848 ], [ -76.94935426, 38.9068488 ], [ -76.94823816, 38.90625928 ], [ -76.94883188, 38.9056552 ] ] ], [ [ [ -76.96149874, 38.9062618 ], [ -76.96096263, 38.90710921 ], [ -76.96072041, 38.90651682 ], [ -76.96149874, 38.9062618 ] ] ], [ [ [ -76.96272272, 38.90621013 ], [ -76.96315346, 38.90635651 ], [ -76.96245614, 38.90727138 ], [ -76.96256531, 38.90639611 ], [ -76.96272272, 38.90621013 ] ] ], [ [ [ -77.09285009, 38.90533337 ], [ -77.0943712, 38.90569483 ], [ -77.09688603, 38.90759528 ], [ -77.09297508, 38.90549695 ], [ -77.09285009, 38.90533337 ] ] ], [ [ [ -76.95005616, 38.90775776 ], [ -76.94894163, 38.90746549 ], [ -76.9499137, 38.90738416 ], [ -76.95005616, 38.90775776 ] ] ], [ [ [ -77.09688603, 38.90759528 ], [ -77.09757066, 38.90770106 ], [ -77.09750166, 38.90796344 ], [ -77.09681703, 38.90785766 ], [ -77.09688603, 38.90759528 ] ] ], [ [ [ -77.07797829, 38.9068343 ], [ -77.07931989, 38.90674815 ], [ -77.07872896, 38.90640528 ], [ -77.08022532, 38.90646541 ], [ -77.079661, 38.90662329 ], [ -77.08021429, 38.90662665 ], [ -77.07976249, 38.90812309 ], [ -77.07796763, 38.90819663 ], [ -77.07797829, 38.9068343 ] ] ], [ [ [ -76.95005616, 38.90775776 ], [ -76.95177104, 38.90785812 ], [ -76.95307359, 38.90702553 ], [ -76.9525586, 38.90819987 ], [ -76.95035155, 38.90819838 ], [ -76.95005616, 38.90775776 ] ] ], [ [ [ -77.09750166, 38.90796344 ], [ -77.09822881, 38.9081979 ], [ -77.09839061, 38.90864685 ], [ -77.09766346, 38.90841239 ], [ -77.09750166, 38.90796344 ] ] ], [ [ [ -76.95779063, 38.90878844 ], [ -76.95724009, 38.90830063 ], [ -76.95864805, 38.90869156 ], [ -76.95816586, 38.90867082 ], [ -76.95779063, 38.90878844 ] ] ], [ [ [ -76.94694829, 38.90955008 ], [ -76.94655906, 38.90885184 ], [ -76.94831327, 38.90950423 ], [ -76.94694829, 38.90955008 ] ] ], [ [ [ -77.09839061, 38.90864685 ], [ -77.09925177, 38.90896574 ], [ -77.10143703, 38.91045332 ], [ -77.10098859, 38.91095946 ], [ -77.09839061, 38.90864685 ] ] ], [ [ [ -77.08079321, 38.91123947 ], [ -77.08080718, 38.91123946 ], [ -77.08080731, 38.91124074 ], [ -77.0807996, 38.91123972 ], [ -77.08079321, 38.91123947 ] ] ], [ [ [ -77.05243035, 38.91136759 ], [ -77.05167116, 38.91113935 ], [ -77.05233214, 38.91100572 ], [ -77.05243035, 38.91136759 ] ] ], [ [ [ -77.10098859, 38.91095946 ], [ -77.10205352, 38.9112338 ], [ -77.10221995, 38.91169573 ], [ -77.1012446, 38.91144446 ], [ -77.10098859, 38.91095946 ] ] ], [ [ [ -77.08009819, 38.91182649 ], [ -77.08016725, 38.91156412 ], [ -77.08050957, 38.91161706 ], [ -77.08044051, 38.91187943 ], [ -77.08009819, 38.91182649 ] ] ], [ [ [ -77.05243035, 38.91136759 ], [ -77.05346272, 38.91139171 ], [ -77.05353681, 38.91200595 ], [ -77.05194604, 38.91194166 ], [ -77.05243035, 38.91136759 ] ] ], [ [ [ -77.10221995, 38.91169573 ], [ -77.10256229, 38.9117486 ], [ -77.1024933, 38.91201098 ], [ -77.10215096, 38.91195811 ], [ -77.10221995, 38.91169573 ] ] ], [ [ [ -76.94785758, 38.9120473 ], [ -76.94738443, 38.9117869 ], [ -76.94649524, 38.9119406 ], [ -76.94778333, 38.91095443 ], [ -76.9485, 38.91140346 ], [ -76.94785758, 38.9120473 ] ] ], [ [ [ -77.0808519, 38.91166999 ], [ -77.08117663, 38.91196197 ], [ -77.08083201, 38.91228741 ], [ -77.0808519, 38.91166999 ] ] ], [ [ [ -77.1024933, 38.91201098 ], [ -77.10283564, 38.91206386 ], [ -77.10276665, 38.91232624 ], [ -77.10242431, 38.91227337 ], [ -77.1024933, 38.91201098 ] ] ], [ [ [ -77.0808519, 38.91166999 ], [ -77.08042687, 38.91125456 ], [ -77.07969429, 38.91162751 ], [ -77.08009819, 38.91182649 ], [ -77.07976744, 38.91240824 ], [ -77.07795671, 38.90965003 ], [ -77.07796625, 38.90838005 ], [ -77.07936492, 38.90852209 ], [ -77.0808519, 38.91166999 ] ] ], [ [ [ -76.95448881, 38.91254486 ], [ -76.95431498, 38.9124765 ], [ -76.95445643, 38.91220682 ], [ -76.95448881, 38.91254486 ] ] ], [ [ [ -77.10276665, 38.91232624 ], [ -77.10316044, 38.91248051 ], [ -77.10279972, 38.91266424 ], [ -77.10276665, 38.91232624 ] ] ], [ [ [ -76.95448881, 38.91254486 ], [ -76.9544988, 38.91255086 ], [ -76.95443207, 38.91271042 ], [ -76.95448881, 38.91254486 ] ] ], [ [ [ -77.05481753, 38.91271887 ], [ -77.05486373, 38.91270953 ], [ -77.0549845, 38.91276906 ], [ -77.05481753, 38.91271887 ] ] ], [ [ [ -76.9431898, 38.9121508 ], [ -76.94264374, 38.91044242 ], [ -76.94295699, 38.90977892 ], [ -76.942375, 38.90926308 ], [ -76.94460081, 38.90994405 ], [ -76.94424007, 38.91131365 ], [ -76.944925, 38.91064937 ], [ -76.94477291, 38.91021239 ], [ -76.94602106, 38.90976333 ], [ -76.94478897, 38.91190514 ], [ -76.94614877, 38.91246503 ], [ -76.9462314, 38.91297194 ], [ -76.9431898, 38.9121508 ] ] ], [ [ [ -77.05400003, 38.91352214 ], [ -77.05289386, 38.91311204 ], [ -77.05359757, 38.91280249 ], [ -77.05400003, 38.91352214 ] ] ], [ [ [ -77.05400003, 38.91352214 ], [ -77.05439372, 38.91367657 ], [ -77.05403287, 38.91386016 ], [ -77.05400003, 38.91352214 ] ] ], [ [ [ -77.10540164, 38.91394121 ], [ -77.10450914, 38.91249863 ], [ -77.10571684, 38.91324561 ], [ -77.10540164, 38.91394121 ] ] ], [ [ [ -76.946537, 38.91431097 ], [ -76.94683072, 38.91414987 ], [ -76.94687923, 38.91436427 ], [ -76.946537, 38.91431097 ] ] ], [ [ [ -76.95078293, 38.91442596 ], [ -76.95081934, 38.91437994 ], [ -76.95082989, 38.9144284 ], [ -76.95078293, 38.91442596 ] ] ], [ [ [ -76.95155448, 38.91345053 ], [ -76.95079111, 38.91154114 ], [ -76.95343786, 38.91156466 ], [ -76.95293622, 38.91427581 ], [ -76.95106074, 38.91444036 ], [ -76.95155448, 38.91345053 ] ] ], [ [ [ -77.09755723, 38.91452499 ], [ -77.09727707, 38.91412177 ], [ -77.09731673, 38.91409539 ], [ -77.09755723, 38.91452499 ] ] ], [ [ [ -76.94831773, 38.91431518 ], [ -76.9487588, 38.91429039 ], [ -76.94851966, 38.91401363 ], [ -76.94748817, 38.91445258 ], [ -76.94743026, 38.91384994 ], [ -76.94871353, 38.91376011 ], [ -76.95078293, 38.91442596 ], [ -76.94850991, 38.91464371 ], [ -76.94831773, 38.91431518 ] ] ], [ [ [ -76.94687923, 38.91436427 ], [ -76.9472727, 38.91451904 ], [ -76.94691118, 38.91469818 ], [ -76.94687923, 38.91436427 ] ] ], [ [ [ -76.93715196, 38.91476077 ], [ -76.93650815, 38.91395253 ], [ -76.93539447, 38.91341048 ], [ -76.93700662, 38.91327561 ], [ -76.93752366, 38.91368761 ], [ -76.93715196, 38.91476077 ] ] ], [ [ [ -77.05567506, 38.91389671 ], [ -77.05559147, 38.91308929 ], [ -77.05786488, 38.91476588 ], [ -77.05567506, 38.91389671 ] ] ], [ [ [ -76.94139791, 38.91487608 ], [ -76.94100445, 38.91472129 ], [ -76.94136559, 38.91453803 ], [ -76.94139791, 38.91487608 ] ] ], [ [ [ -76.94263331, 38.91424915 ], [ -76.9430451, 38.91404017 ], [ -76.94375005, 38.91464304 ], [ -76.94306445, 38.91495273 ], [ -76.94263331, 38.91424915 ] ] ], [ [ [ -77.09755723, 38.91452499 ], [ -77.09820612, 38.91551101 ], [ -77.09822475, 38.91578339 ], [ -77.09754137, 38.91458528 ], [ -77.09755723, 38.91452499 ] ] ], [ [ [ -77.09851656, 38.91629577 ], [ -77.09835583, 38.91601356 ], [ -77.09858161, 38.91604844 ], [ -77.09851656, 38.91629577 ] ] ], [ [ [ -77.05823924, 38.91636302 ], [ -77.05783274, 38.91614823 ], [ -77.05825932, 38.91574561 ], [ -77.05823924, 38.91636302 ] ] ], [ [ [ -76.93715196, 38.91476077 ], [ -76.93838127, 38.91439966 ], [ -76.94075695, 38.91648063 ], [ -76.93926922, 38.91644717 ], [ -76.93715196, 38.91476077 ] ] ], [ [ [ -77.0985531, 38.91635993 ], [ -77.09852872, 38.91631713 ], [ -77.09884552, 38.91649611 ], [ -77.09880432, 38.91651709 ], [ -77.0985531, 38.91635993 ] ] ], [ [ [ -76.94139791, 38.91487608 ], [ -76.9418628, 38.91397028 ], [ -76.94075488, 38.91355827 ], [ -76.94222063, 38.91269785 ], [ -76.9418934, 38.91206379 ], [ -76.9431898, 38.9121508 ], [ -76.94250305, 38.91291042 ], [ -76.94375394, 38.91373863 ], [ -76.94270287, 38.91398686 ], [ -76.94192673, 38.91498434 ], [ -76.94324998, 38.91582983 ], [ -76.94540117, 38.91437291 ], [ -76.946537, 38.91431097 ], [ -76.94385622, 38.91635023 ], [ -76.94286721, 38.91655597 ], [ -76.94084586, 38.91649022 ], [ -76.94139791, 38.91487608 ] ] ], [ [ [ -77.08802714, 38.91629802 ], [ -77.08848003, 38.9164487 ], [ -77.0881791, 38.91695986 ], [ -77.08767601, 38.91664458 ], [ -77.08802714, 38.91629802 ] ] ], [ [ [ -76.94443799, 38.91682608 ], [ -76.94440787, 38.91696432 ], [ -76.94430667, 38.91695965 ], [ -76.94436956, 38.91688295 ], [ -76.94443799, 38.91682608 ] ] ], [ [ [ -76.94938959, 38.91676408 ], [ -76.94995393, 38.91620875 ], [ -76.95036416, 38.9164572 ], [ -76.94970522, 38.9169887 ], [ -76.94938959, 38.91676408 ] ] ], [ [ [ -76.94892719, 38.91604886 ], [ -76.94882948, 38.9156869 ], [ -76.94816828, 38.91581998 ], [ -76.94892719, 38.91604886 ], [ -76.9482156, 38.91686878 ], [ -76.94460531, 38.91673116 ], [ -76.94677743, 38.91539281 ], [ -76.95006631, 38.91555971 ], [ -76.94892719, 38.91604886 ] ] ], [ [ [ -76.95244183, 38.91657175 ], [ -76.95084171, 38.91622657 ], [ -76.95040075, 38.91524506 ], [ -76.95359465, 38.91515422 ], [ -76.9543509, 38.91294729 ], [ -76.953134, 38.91704329 ], [ -76.95244183, 38.91657175 ] ] ], [ [ [ -77.06958157, 38.91681109 ], [ -77.07166724, 38.91640677 ], [ -77.07249286, 38.91687124 ], [ -77.06959622, 38.9171397 ], [ -77.06958157, 38.91681109 ] ] ], [ [ [ -76.94255256, 38.91724101 ], [ -76.94271153, 38.91700366 ], [ -76.94287161, 38.91707498 ], [ -76.94274289, 38.91723032 ], [ -76.94255256, 38.91724101 ] ] ], [ [ [ -77.06924857, 38.91733529 ], [ -77.0693416, 38.91718886 ], [ -77.06934495, 38.91730294 ], [ -77.06924857, 38.91733529 ] ] ], [ [ [ -77.1017982, 38.91736438 ], [ -77.10086039, 38.91736966 ], [ -77.09841733, 38.91332946 ], [ -77.09109209, 38.90735615 ], [ -77.09476906, 38.90853445 ], [ -77.09983011, 38.91200398 ], [ -77.10056572, 38.91322057 ], [ -77.10125453, 38.91330536 ], [ -77.1017982, 38.91736438 ] ] ], [ [ [ -77.10597558, 38.91773644 ], [ -77.10491524, 38.91679973 ], [ -77.10349602, 38.91444292 ], [ -77.10399401, 38.91416361 ], [ -77.10597558, 38.91773644 ] ] ], [ [ [ -76.94572476, 38.91763258 ], [ -76.94608662, 38.91727662 ], [ -76.9475705, 38.9175849 ], [ -76.94655999, 38.91795697 ], [ -76.94572476, 38.91763258 ] ] ], [ [ [ -77.1017982, 38.91736438 ], [ -77.10227121, 38.91752225 ], [ -77.10206907, 38.91802922 ], [ -77.1017982, 38.91736438 ] ] ], [ [ [ -77.05487819, 38.91830023 ], [ -77.0548842, 38.91828848 ], [ -77.05526399, 38.91797398 ], [ -77.05535038, 38.91822495 ], [ -77.05487819, 38.91830023 ] ] ], [ [ [ -77.05823924, 38.91636302 ], [ -77.05879559, 38.91614329 ], [ -77.05833578, 38.9151216 ], [ -77.05869486, 38.91543986 ], [ -77.05955819, 38.91332534 ], [ -77.05973636, 38.91408069 ], [ -77.06032547, 38.9131787 ], [ -77.06083015, 38.91442307 ], [ -77.06168879, 38.9134132 ], [ -77.06198954, 38.91350257 ], [ -77.06142481, 38.91530671 ], [ -77.06432741, 38.91560687 ], [ -77.06574993, 38.91639712 ], [ -77.06638611, 38.91789702 ], [ -77.06581232, 38.91838793 ], [ -77.06373307, 38.91833318 ], [ -77.06378741, 38.91719671 ], [ -77.06308626, 38.91672877 ], [ -77.06259805, 38.91742086 ], [ -77.06091942, 38.91646031 ], [ -77.05969769, 38.91673129 ], [ -77.05950013, 38.91759434 ], [ -77.05823924, 38.91636302 ] ] ], [ [ [ -77.06638611, 38.91789702 ], [ -77.06679265, 38.91811179 ], [ -77.0663661, 38.91851444 ], [ -77.06638611, 38.91789702 ] ] ], [ [ [ -77.05487819, 38.91830023 ], [ -77.05480903, 38.91856259 ], [ -77.05459357, 38.91852923 ], [ -77.05487131, 38.91829917 ], [ -77.05487819, 38.91830023 ] ] ], [ [ [ -77.07380575, 38.91759936 ], [ -77.07452261, 38.91651485 ], [ -77.07616363, 38.91778473 ], [ -77.07610227, 38.91868306 ], [ -77.07495901, 38.91863717 ], [ -77.07449296, 38.917627 ], [ -77.07380575, 38.91759936 ] ] ], [ [ [ -77.07732521, 38.91876445 ], [ -77.07748248, 38.91770217 ], [ -77.07809845, 38.91789396 ], [ -77.07803927, 38.91872396 ], [ -77.07732521, 38.91876445 ] ] ], [ [ [ -77.05439753, 38.91877194 ], [ -77.05432332, 38.91873536 ], [ -77.05442336, 38.91867395 ], [ -77.05439753, 38.91877194 ] ] ], [ [ [ -77.05480903, 38.91856259 ], [ -77.05521289, 38.91876165 ], [ -77.05473986, 38.91882495 ], [ -77.05480903, 38.91856259 ] ] ], [ [ [ -76.94255256, 38.91724101 ], [ -76.9363692, 38.91883209 ], [ -76.93505683, 38.91871037 ], [ -76.9371212, 38.91747955 ], [ -76.93729524, 38.91687647 ], [ -76.94255256, 38.91724101 ] ] ], [ [ [ -77.05432836, 38.9190343 ], [ -77.05439753, 38.91877194 ], [ -77.05473986, 38.91882495 ], [ -77.0546707, 38.9190873 ], [ -77.05432836, 38.9190343 ] ] ], [ [ [ -77.05391686, 38.91924364 ], [ -77.05398602, 38.91898129 ], [ -77.05432836, 38.9190343 ], [ -77.05425919, 38.91929665 ], [ -77.05391686, 38.91924364 ] ] ], [ [ [ -76.94278351, 38.91926426 ], [ -76.94224561, 38.91884335 ], [ -76.94377903, 38.91839322 ], [ -76.9444548, 38.91860171 ], [ -76.94475345, 38.91936743 ], [ -76.94278351, 38.91926426 ] ] ], [ [ [ -77.10877834, 38.91939903 ], [ -77.10727481, 38.91696885 ], [ -77.10797009, 38.91710248 ], [ -77.10846216, 38.9184969 ], [ -77.10958154, 38.91894303 ], [ -77.10877834, 38.91939903 ] ] ], [ [ [ -77.05350535, 38.91945299 ], [ -77.05357452, 38.91919064 ], [ -77.05391686, 38.91924364 ], [ -77.05384769, 38.919506 ], [ -77.05350535, 38.91945299 ] ] ], [ [ [ -77.10597558, 38.91773644 ], [ -77.10651153, 38.91816196 ], [ -77.10727357, 38.91957507 ], [ -77.10660283, 38.91932672 ], [ -77.10597558, 38.91773644 ] ] ], [ [ [ -77.05309384, 38.91966234 ], [ -77.05316301, 38.91939998 ], [ -77.05350535, 38.91945299 ], [ -77.05343618, 38.91971535 ], [ -77.05309384, 38.91966234 ] ] ], [ [ [ -76.93836472, 38.91959301 ], [ -76.93861896, 38.9193851 ], [ -76.93979918, 38.91918224 ], [ -76.93873224, 38.91978772 ], [ -76.93836472, 38.91959301 ] ] ], [ [ [ -77.10727357, 38.91957507 ], [ -77.1076674, 38.91972933 ], [ -77.10730667, 38.91991307 ], [ -77.10727357, 38.91957507 ] ] ], [ [ [ -77.05309384, 38.91966234 ], [ -77.05289233, 38.91996407 ], [ -77.05265277, 38.9196875 ], [ -77.05309384, 38.91966234 ] ] ], [ [ [ -76.93836472, 38.91959301 ], [ -76.93835067, 38.92000426 ], [ -76.93664775, 38.92069115 ], [ -76.93707603, 38.9200149 ], [ -76.93836472, 38.91959301 ] ] ], [ [ [ -77.05742428, 38.92053643 ], [ -77.05729111, 38.92042558 ], [ -77.05797396, 38.9207107 ], [ -77.05771802, 38.92076094 ], [ -77.05742428, 38.92053643 ] ] ], [ [ [ -77.05357452, 38.91919064 ], [ -77.05137518, 38.92007366 ], [ -77.05069243, 38.9207758 ], [ -77.05004738, 38.91910264 ], [ -77.05357452, 38.91919064 ] ] ], [ [ [ -77.10124362, 38.92082823 ], [ -77.10131262, 38.92056585 ], [ -77.10165292, 38.92062663 ], [ -77.101586, 38.92088111 ], [ -77.10124362, 38.92082823 ] ] ], [ [ [ -76.9362359, 38.9209001 ], [ -76.93630549, 38.92063781 ], [ -76.93664775, 38.92069115 ], [ -76.93657816, 38.92095344 ], [ -76.9362359, 38.9209001 ] ] ], [ [ [ -77.10124362, 38.92082823 ], [ -77.10091201, 38.92110043 ], [ -77.10063938, 38.92073491 ], [ -77.10124362, 38.92082823 ] ] ], [ [ [ -77.10131262, 38.92056585 ], [ -77.10021813, 38.92043875 ], [ -77.0996292, 38.92112845 ], [ -77.09914762, 38.92009148 ], [ -77.10035988, 38.91931762 ], [ -77.10131262, 38.92056585 ] ] ], [ [ [ -76.93582405, 38.92110906 ], [ -76.93589364, 38.92084677 ], [ -76.9362359, 38.9209001 ], [ -76.93616631, 38.92116239 ], [ -76.93582405, 38.92110906 ] ] ], [ [ [ -76.94534419, 38.92047196 ], [ -76.94562734, 38.92118982 ], [ -76.94459599, 38.92068248 ], [ -76.94534419, 38.92047196 ] ] ], [ [ [ -76.93541219, 38.92131802 ], [ -76.93548179, 38.92105573 ], [ -76.93582405, 38.92110906 ], [ -76.93575445, 38.92137135 ], [ -76.93541219, 38.92131802 ] ] ], [ [ [ -77.05425919, 38.91929665 ], [ -77.05523386, 38.91905303 ], [ -77.05579664, 38.91822031 ], [ -77.0570494, 38.91772547 ], [ -77.05854787, 38.91849704 ], [ -77.05533856, 38.91985831 ], [ -77.05377951, 38.92136641 ], [ -77.05271994, 38.92135231 ], [ -77.05321162, 38.92022724 ], [ -77.0543642, 38.91977211 ], [ -77.05425919, 38.91929665 ] ] ], [ [ [ -77.05912071, 38.92160368 ], [ -77.05910702, 38.92153943 ], [ -77.05933418, 38.92160598 ], [ -77.05912071, 38.92160368 ] ] ], [ [ [ -77.06007562, 38.92156242 ], [ -77.06000952, 38.92166191 ], [ -77.05964292, 38.92155215 ], [ -77.06007562, 38.92156242 ] ] ], [ [ [ -76.93493073, 38.92178926 ], [ -76.93506993, 38.92126468 ], [ -76.93541219, 38.92131802 ], [ -76.935273, 38.9218426 ], [ -76.93493073, 38.92178926 ] ] ], [ [ [ -76.93451887, 38.92199821 ], [ -76.93458847, 38.92173592 ], [ -76.93493073, 38.92178926 ], [ -76.93486113, 38.92205155 ], [ -76.93451887, 38.92199821 ] ] ], [ [ [ -77.11041907, 38.92251797 ], [ -77.11002522, 38.92236371 ], [ -77.11038596, 38.92217996 ], [ -77.11041907, 38.92251797 ] ] ], [ [ [ -76.93451887, 38.92199821 ], [ -76.93418172, 38.92258863 ], [ -76.93365084, 38.92220462 ], [ -76.93451887, 38.92199821 ] ] ], [ [ [ -77.11041907, 38.92251797 ], [ -77.11076146, 38.92257082 ], [ -77.1106925, 38.9228332 ], [ -77.1103501, 38.92278035 ], [ -77.11041907, 38.92251797 ] ] ], [ [ [ -77.0476008, 38.92235672 ], [ -77.04852031, 38.9215526 ], [ -77.04841402, 38.92044093 ], [ -77.04883245, 38.91986473 ], [ -77.04954261, 38.92266121 ], [ -77.04790354, 38.92307842 ], [ -77.0476008, 38.92235672 ] ] ], [ [ [ -77.1106925, 38.9228332 ], [ -77.11137729, 38.92293891 ], [ -77.11130832, 38.92320129 ], [ -77.11062353, 38.92309559 ], [ -77.1106925, 38.9228332 ] ] ], [ [ [ -77.101586, 38.92088111 ], [ -77.10276339, 38.92169935 ], [ -77.10432833, 38.92312954 ], [ -77.1036017, 38.92316506 ], [ -77.10152236, 38.9213925 ], [ -77.101586, 38.92088111 ] ] ], [ [ [ -77.10409843, 38.92281823 ], [ -77.10371608, 38.9224662 ], [ -77.10491951, 38.92343487 ], [ -77.10449388, 38.92315218 ], [ -77.10409843, 38.92281823 ] ] ], [ [ [ -77.11130832, 38.92320129 ], [ -77.11165072, 38.92325414 ], [ -77.11158176, 38.92351653 ], [ -77.11123936, 38.92346368 ], [ -77.11130832, 38.92320129 ] ] ], [ [ [ -77.06342671, 38.92371944 ], [ -77.06343035, 38.92373673 ], [ -77.06340356, 38.92371586 ], [ -77.06342671, 38.92371944 ] ] ], [ [ [ -77.06342671, 38.92371944 ], [ -77.06233982, 38.92251477 ], [ -77.06007562, 38.92156242 ], [ -77.05961108, 38.9210952 ], [ -77.05985924, 38.92047772 ], [ -77.06100929, 38.92034216 ], [ -77.06254027, 38.9216047 ], [ -77.06411144, 38.9238254 ], [ -77.06342671, 38.92371944 ] ] ], [ [ [ -77.11158176, 38.92351653 ], [ -77.11197562, 38.92367078 ], [ -77.11161487, 38.92385453 ], [ -77.11158176, 38.92351653 ] ] ], [ [ [ -77.04774039, 38.92374849 ], [ -77.04817927, 38.92343553 ], [ -77.0484251, 38.92385454 ], [ -77.04774039, 38.92374849 ] ] ], [ [ [ -77.06411144, 38.9238254 ], [ -77.0645052, 38.9239798 ], [ -77.06412913, 38.92400716 ], [ -77.06411144, 38.9238254 ] ] ], [ [ [ -77.0951696, 38.92396856 ], [ -77.09524162, 38.92396728 ], [ -77.09516389, 38.92403494 ], [ -77.0951696, 38.92396856 ] ] ], [ [ [ -77.06425859, 38.92410528 ], [ -77.06418535, 38.92406444 ], [ -77.06433247, 38.92406769 ], [ -77.06425859, 38.92410528 ] ] ], [ [ [ -76.93183881, 38.92403876 ], [ -76.93353863, 38.92255336 ], [ -76.93397554, 38.92299498 ], [ -76.93309659, 38.92412329 ], [ -76.93183881, 38.92403876 ] ] ], [ [ [ -77.04774039, 38.92374849 ], [ -77.04749597, 38.9241102 ], [ -77.04720153, 38.92418512 ], [ -77.04728123, 38.92377638 ], [ -77.04774039, 38.92374849 ] ] ], [ [ [ -76.93183881, 38.92403876 ], [ -76.93163678, 38.92434029 ], [ -76.93139767, 38.92406349 ], [ -76.93183881, 38.92403876 ] ] ], [ [ [ -77.0484251, 38.92385454 ], [ -77.04928888, 38.92372165 ], [ -77.04968006, 38.92448361 ], [ -77.0486545, 38.92467563 ], [ -77.0484251, 38.92385454 ] ] ], [ [ [ -77.11363378, 38.9251984 ], [ -77.1132399, 38.92504416 ], [ -77.11360065, 38.92486039 ], [ -77.11363378, 38.9251984 ] ] ], [ [ [ -77.11363378, 38.9251984 ], [ -77.11397619, 38.92525124 ], [ -77.11390723, 38.92551363 ], [ -77.11356482, 38.92546079 ], [ -77.11363378, 38.9251984 ] ] ], [ [ [ -77.11390723, 38.92551363 ], [ -77.11424964, 38.92556647 ], [ -77.11418068, 38.92582886 ], [ -77.11383827, 38.92577602 ], [ -77.11390723, 38.92551363 ] ] ], [ [ [ -77.10477934, 38.92411342 ], [ -77.10359395, 38.92337543 ], [ -77.10441186, 38.92319246 ], [ -77.10673912, 38.92489953 ], [ -77.10654591, 38.92595568 ], [ -77.10618594, 38.92506968 ], [ -77.10477934, 38.92411342 ] ] ], [ [ [ -77.08643825, 38.92563994 ], [ -77.0863203, 38.92608807 ], [ -77.08631946, 38.92558758 ], [ -77.08643825, 38.92563994 ] ] ], [ [ [ -77.11418068, 38.92582886 ], [ -77.11486551, 38.92593454 ], [ -77.11479655, 38.92619693 ], [ -77.11411172, 38.92609125 ], [ -77.11418068, 38.92582886 ] ] ], [ [ [ -77.09301281, 38.92638284 ], [ -77.0933611, 38.92637167 ], [ -77.09299217, 38.92646126 ], [ -77.09301281, 38.92638284 ] ] ], [ [ [ -77.0900976, 38.92600172 ], [ -77.09014801, 38.92599784 ], [ -77.09027423, 38.92649809 ], [ -77.09014406, 38.92649563 ], [ -77.0900976, 38.92600172 ] ] ], [ [ [ -77.09301281, 38.92638284 ], [ -77.09225897, 38.92653942 ], [ -77.09084006, 38.92594457 ], [ -77.09432767, 38.92567604 ], [ -77.09301281, 38.92638284 ] ] ], [ [ [ -77.06406725, 38.92443046 ], [ -77.06460055, 38.92461306 ], [ -77.06608612, 38.92620578 ], [ -77.06573185, 38.92662992 ], [ -77.06534819, 38.92663014 ], [ -77.06406725, 38.92443046 ] ] ], [ [ [ -77.09225897, 38.92653942 ], [ -77.09251038, 38.92657826 ], [ -77.0922093, 38.92664914 ], [ -77.09198329, 38.92667229 ], [ -77.09225897, 38.92653942 ] ] ], [ [ [ -77.08643825, 38.92563994 ], [ -77.08981932, 38.92607866 ], [ -77.09005448, 38.92666387 ], [ -77.08920471, 38.9268696 ], [ -77.08891012, 38.92636819 ], [ -77.08848312, 38.92686965 ], [ -77.08690143, 38.92692672 ], [ -77.08643825, 38.92563994 ] ] ], [ [ [ -77.08314659, 38.92731554 ], [ -77.08196262, 38.92648226 ], [ -77.08282404, 38.92545433 ], [ -77.08262487, 38.92456 ], [ -77.08188429, 38.92455777 ], [ -77.08230191, 38.92183797 ], [ -77.08205256, 38.91987129 ], [ -77.08255634, 38.91894296 ], [ -77.07847302, 38.91876869 ], [ -77.07868156, 38.91771041 ], [ -77.08168795, 38.91740727 ], [ -77.08032035, 38.91478444 ], [ -77.07887106, 38.91327982 ], [ -77.0790175, 38.91279248 ], [ -77.08181877, 38.91285549 ], [ -77.08449592, 38.91665133 ], [ -77.08694859, 38.91634796 ], [ -77.08513253, 38.91724136 ], [ -77.08509487, 38.91765384 ], [ -77.08465465, 38.91740516 ], [ -77.08679612, 38.92243184 ], [ -77.08607577, 38.92614496 ], [ -77.08394399, 38.92627003 ], [ -77.08394481, 38.92696832 ], [ -77.08314659, 38.92731554 ] ] ], [ [ [ -77.11410935, 38.92745604 ], [ -77.11371546, 38.9273018 ], [ -77.11407622, 38.92711804 ], [ -77.11410935, 38.92745604 ] ] ], [ [ [ -77.11826475, 38.92747211 ], [ -77.1133577, 38.92329031 ], [ -77.11829421, 38.92616898 ], [ -77.11826475, 38.92747211 ] ] ], [ [ [ -77.04301771, 38.92724936 ], [ -77.04330281, 38.92700666 ], [ -77.04352718, 38.92710905 ], [ -77.04319061, 38.92752434 ], [ -77.04301771, 38.92724936 ] ] ], [ [ [ -77.08314659, 38.92731554 ], [ -77.08338556, 38.92741031 ], [ -77.082915, 38.92754294 ], [ -77.08314659, 38.92731554 ] ] ], [ [ [ -77.08304218, 38.92772525 ], [ -77.08307623, 38.92802701 ], [ -77.08299148, 38.92802707 ], [ -77.08281292, 38.92789554 ], [ -77.08304218, 38.92772525 ] ] ], [ [ [ -77.11912021, 38.92844078 ], [ -77.11911637, 38.92805066 ], [ -77.11962619, 38.92838673 ], [ -77.11912021, 38.92844078 ] ] ], [ [ [ -77.11410935, 38.92745604 ], [ -77.11491247, 38.92784754 ], [ -77.11479183, 38.92892651 ], [ -77.11398197, 38.92828361 ], [ -77.11410935, 38.92745604 ] ] ], [ [ [ -77.09554222, 38.92895794 ], [ -77.09557572, 38.92890773 ], [ -77.09558, 38.92895577 ], [ -77.09554222, 38.92895794 ] ] ], [ [ [ -77.11479655, 38.92619693 ], [ -77.11787639, 38.92867535 ], [ -77.11672398, 38.9294158 ], [ -77.11479655, 38.92619693 ] ] ], [ [ [ -77.11479183, 38.92892651 ], [ -77.11549613, 38.92943021 ], [ -77.11465391, 38.92945129 ], [ -77.11479183, 38.92892651 ] ] ], [ [ [ -77.09376388, 38.92759105 ], [ -77.0937441, 38.92820848 ], [ -77.09591095, 38.92298611 ], [ -77.09742586, 38.92162417 ], [ -77.09742511, 38.92107502 ], [ -77.09850701, 38.92138013 ], [ -77.09843776, 38.9226882 ], [ -77.09520994, 38.92713184 ], [ -77.09545073, 38.92806504 ], [ -77.09481978, 38.92814267 ], [ -77.09466983, 38.92870999 ], [ -77.09554222, 38.92895794 ], [ -77.09576703, 38.92984873 ], [ -77.09371937, 38.92871139 ], [ -77.09376388, 38.92759105 ] ] ], [ [ [ -77.11917448, 38.92987575 ], [ -77.11878057, 38.92972152 ], [ -77.11914132, 38.92953775 ], [ -77.11917448, 38.92987575 ] ] ], [ [ [ -77.1215894, 38.92987486 ], [ -77.1208945, 38.92939827 ], [ -77.12183666, 38.92988379 ], [ -77.1215894, 38.92987486 ] ] ], [ [ [ -77.11191449, 38.92902854 ], [ -77.11235559, 38.92900316 ], [ -77.1114808, 38.92856765 ], [ -77.10838421, 38.92468449 ], [ -77.10181351, 38.91936427 ], [ -77.10321576, 38.91914581 ], [ -77.10400855, 38.91849232 ], [ -77.10554528, 38.92063856 ], [ -77.10848417, 38.92231849 ], [ -77.11007627, 38.92401575 ], [ -77.11121741, 38.92442751 ], [ -77.11331721, 38.92628398 ], [ -77.11193851, 38.92692957 ], [ -77.11315769, 38.92771353 ], [ -77.11335441, 38.92910518 ], [ -77.11465391, 38.92945129 ], [ -77.1124467, 38.92997843 ], [ -77.11191449, 38.92902854 ] ] ], [ [ [ -77.09283776, 38.92997671 ], [ -77.09288753, 38.92996888 ], [ -77.09274375, 38.93000988 ], [ -77.09274413, 38.93000913 ], [ -77.09283776, 38.92997671 ] ] ], [ [ [ -77.08135956, 38.93004285 ], [ -77.0803734, 38.92889173 ], [ -77.08150627, 38.92635361 ], [ -77.08256629, 38.92816629 ], [ -77.08211346, 38.92988634 ], [ -77.08135956, 38.93004285 ] ] ], [ [ [ -77.08135956, 38.93004285 ], [ -77.08174334, 38.93018997 ], [ -77.0810313, 38.93019046 ], [ -77.08135956, 38.93004285 ] ] ], [ [ [ -77.06036837, 38.93023898 ], [ -77.0605095, 38.93018331 ], [ -77.06057726, 38.93020069 ], [ -77.06050328, 38.93022806 ], [ -77.06036837, 38.93023898 ] ] ], [ [ [ -77.09605215, 38.93050498 ], [ -77.09621708, 38.93041077 ], [ -77.09618275, 38.93048643 ], [ -77.09605215, 38.93050498 ] ] ], [ [ [ -77.05833992, 38.93085098 ], [ -77.05879145, 38.92977417 ], [ -77.05990181, 38.9298522 ], [ -77.05868231, 38.93090397 ], [ -77.05833992, 38.93085098 ] ] ], [ [ [ -76.92331613, 38.93063125 ], [ -76.92384297, 38.93012072 ], [ -76.92438884, 38.93036184 ], [ -76.92380784, 38.93092491 ], [ -76.92331613, 38.93063125 ] ] ], [ [ [ -76.92331613, 38.93063125 ], [ -76.92311405, 38.93093277 ], [ -76.92287496, 38.93065596 ], [ -76.92331613, 38.93063125 ] ] ], [ [ [ -77.05833992, 38.93085098 ], [ -77.05818342, 38.93108529 ], [ -77.05809646, 38.93102481 ], [ -77.05825726, 38.9308557 ], [ -77.05833992, 38.93085098 ] ] ], [ [ [ -77.05868231, 38.93090397 ], [ -77.05932118, 38.930652 ], [ -77.05867544, 38.93111648 ], [ -77.05868231, 38.93090397 ] ] ], [ [ [ -77.11170516, 38.93118049 ], [ -77.11156801, 38.93089548 ], [ -77.11167204, 38.93084249 ], [ -77.11170516, 38.93118049 ] ] ], [ [ [ -77.11170516, 38.93118049 ], [ -77.1120476, 38.93123334 ], [ -77.11197863, 38.93149573 ], [ -77.11178179, 38.93146535 ], [ -77.11170516, 38.93118049 ] ] ], [ [ [ -77.11190966, 38.93175812 ], [ -77.11190178, 38.9317881 ], [ -77.11188921, 38.93175496 ], [ -77.11190966, 38.93175812 ] ] ], [ [ [ -77.11190966, 38.93175812 ], [ -77.11197863, 38.93149573 ], [ -77.11232106, 38.93154858 ], [ -77.11225209, 38.93181097 ], [ -77.11190966, 38.93175812 ] ] ], [ [ [ -77.11985143, 38.93183303 ], [ -77.11989412, 38.93182437 ], [ -77.11991564, 38.93190336 ], [ -77.11985143, 38.93183303 ] ] ], [ [ [ -77.12553441, 38.93180965 ], [ -77.12239728, 38.93040635 ], [ -77.12340597, 38.92909289 ], [ -77.12459634, 38.92901596 ], [ -77.12488345, 38.93005871 ], [ -77.12707124, 38.93196879 ], [ -77.12553441, 38.93180965 ] ] ], [ [ [ -76.95950866, 38.93180023 ], [ -76.95987183, 38.93153773 ], [ -76.96011171, 38.93209398 ], [ -76.95950866, 38.93180023 ] ] ], [ [ [ -77.11218312, 38.93207336 ], [ -77.11225209, 38.93181097 ], [ -77.11259453, 38.93186381 ], [ -77.11252556, 38.9321262 ], [ -77.11218312, 38.93207336 ] ] ], [ [ [ -77.11218312, 38.93207336 ], [ -77.11205671, 38.93217712 ], [ -77.11200316, 38.93204558 ], [ -77.11218312, 38.93207336 ] ] ], [ [ [ -76.96098741, 38.93240174 ], [ -76.96022829, 38.93217293 ], [ -76.96060797, 38.93209649 ], [ -76.96098741, 38.93240174 ] ] ], [ [ [ -77.11252556, 38.9321262 ], [ -77.1129168, 38.9322794 ], [ -77.11291947, 38.93228045 ], [ -77.11255869, 38.93246421 ], [ -77.11252556, 38.9321262 ] ] ], [ [ [ -77.05803938, 38.93257992 ], [ -77.05837515, 38.93189451 ], [ -77.05817177, 38.93244081 ], [ -77.05803938, 38.93257992 ] ] ], [ [ [ -77.05484792, 38.93250901 ], [ -77.0549716, 38.93268566 ], [ -77.05470152, 38.93271241 ], [ -77.05477846, 38.93261236 ], [ -77.05484792, 38.93250901 ] ] ], [ [ [ -77.05450887, 38.93270645 ], [ -77.0544903, 38.93271266 ], [ -77.0546179, 38.93263245 ], [ -77.05450887, 38.93270645 ] ] ], [ [ [ -77.1122436, 38.93259672 ], [ -77.11228553, 38.93257537 ], [ -77.11229948, 38.93271769 ], [ -77.11225802, 38.93262837 ], [ -77.1122436, 38.93259672 ] ] ], [ [ [ -77.0921762, 38.93050264 ], [ -77.0929607, 38.93002693 ], [ -77.09391828, 38.93039 ], [ -77.09411717, 38.93133958 ], [ -77.0932514, 38.93144594 ], [ -77.09187676, 38.93280966 ], [ -77.0921762, 38.93050264 ] ] ], [ [ [ -77.05422422, 38.93294454 ], [ -77.05394734, 38.93290167 ], [ -77.05426554, 38.93278781 ], [ -77.05422422, 38.93294454 ] ] ], [ [ [ -76.92227514, 38.93284054 ], [ -76.92488833, 38.93142265 ], [ -76.92552104, 38.93204863 ], [ -76.92370462, 38.93297325 ], [ -76.92227514, 38.93284054 ] ] ], [ [ [ -77.05422422, 38.93294454 ], [ -77.05425444, 38.93294921 ], [ -77.05421368, 38.93298451 ], [ -77.05422422, 38.93294454 ] ] ], [ [ [ -76.96098741, 38.93240174 ], [ -76.96114247, 38.93250218 ], [ -76.961639, 38.93287905 ], [ -76.9609966, 38.93301262 ], [ -76.96098741, 38.93240174 ] ] ], [ [ [ -77.05498308, 38.9327935 ], [ -77.05498796, 38.932793 ], [ -77.05538215, 38.93298726 ], [ -77.05496085, 38.93304362 ], [ -77.05498308, 38.9327935 ] ] ], [ [ [ -77.05815577, 38.93306968 ], [ -77.0580883, 38.93266013 ], [ -77.05903163, 38.93287345 ], [ -77.05903213, 38.93303737 ], [ -77.05815577, 38.93306968 ] ] ], [ [ [ -77.05347023, 38.93310088 ], [ -77.05343914, 38.93309908 ], [ -77.05347443, 38.93308495 ], [ -77.05347023, 38.93310088 ] ] ], [ [ [ -77.11255101, 38.93313531 ], [ -77.11244637, 38.93297622 ], [ -77.11272276, 38.93311225 ], [ -77.11255101, 38.93313531 ] ] ], [ [ [ -77.11327702, 38.9333343 ], [ -77.11287026, 38.93311968 ], [ -77.11329664, 38.93271687 ], [ -77.11328732, 38.93300998 ], [ -77.11327702, 38.9333343 ] ] ], [ [ [ -77.05347023, 38.93310088 ], [ -77.05398693, 38.93318087 ], [ -77.05322687, 38.93338931 ], [ -77.05347023, 38.93310088 ] ] ], [ [ [ -77.08017536, 38.93063934 ], [ -77.08203815, 38.93043091 ], [ -77.08066166, 38.93243698 ], [ -77.08130592, 38.93353101 ], [ -77.08019279, 38.93314322 ], [ -77.07953354, 38.93208678 ], [ -77.08017536, 38.93063934 ] ] ], [ [ [ -77.04949625, 38.93330478 ], [ -77.04990018, 38.93350386 ], [ -77.04942705, 38.93356713 ], [ -77.04949625, 38.93330478 ] ] ], [ [ [ -77.05310307, 38.93353605 ], [ -77.05347386, 38.93344083 ], [ -77.05304062, 38.93361006 ], [ -77.05310307, 38.93353605 ] ] ], [ [ [ -77.11327702, 38.9333343 ], [ -77.11361947, 38.93338714 ], [ -77.1135505, 38.93364953 ], [ -77.11320805, 38.93359668 ], [ -77.11327702, 38.9333343 ] ] ], [ [ [ -77.04908465, 38.93351411 ], [ -77.04942705, 38.93356713 ], [ -77.04916722, 38.93387663 ], [ -77.04908465, 38.93351411 ] ] ], [ [ [ -77.1135505, 38.93364953 ], [ -77.11389295, 38.93370237 ], [ -77.11382398, 38.93396476 ], [ -77.11348153, 38.93391192 ], [ -77.1135505, 38.93364953 ] ] ], [ [ [ -77.13440973, 38.93427237 ], [ -77.1338028, 38.9337645 ], [ -77.13451122, 38.93404067 ], [ -77.13440973, 38.93427237 ] ] ], [ [ [ -77.11382398, 38.93396476 ], [ -77.11416643, 38.9340176 ], [ -77.11409747, 38.93427999 ], [ -77.11375502, 38.93422715 ], [ -77.11382398, 38.93396476 ] ] ], [ [ [ -77.04985008, 38.93427771 ], [ -77.05028136, 38.93422401 ], [ -77.05001572, 38.93436436 ], [ -77.04985008, 38.93427771 ] ] ], [ [ [ -77.07771906, 38.93439495 ], [ -77.07718421, 38.93423433 ], [ -77.07718823, 38.93416034 ], [ -77.07765783, 38.93416975 ], [ -77.07771906, 38.93439495 ] ] ], [ [ [ -77.11984889, 38.93419362 ], [ -77.12069618, 38.933425 ], [ -77.12128334, 38.93360227 ], [ -77.12038837, 38.93441416 ], [ -77.11984889, 38.93419362 ] ] ], [ [ [ -77.11409747, 38.93427999 ], [ -77.11443992, 38.93433284 ], [ -77.11437096, 38.93459523 ], [ -77.1140285, 38.93454238 ], [ -77.11409747, 38.93427999 ] ] ], [ [ [ -77.11437096, 38.93459523 ], [ -77.11471341, 38.93464807 ], [ -77.11464445, 38.93491046 ], [ -77.11430199, 38.93485762 ], [ -77.11437096, 38.93459523 ] ] ], [ [ [ -77.11464445, 38.93491046 ], [ -77.11503838, 38.93506469 ], [ -77.11467758, 38.93524846 ], [ -77.11464445, 38.93491046 ] ] ], [ [ [ -77.04949625, 38.93330478 ], [ -77.04784984, 38.9341421 ], [ -77.04764222, 38.93492916 ], [ -77.04647659, 38.93529478 ], [ -77.04573376, 38.93500493 ], [ -77.04581154, 38.93387512 ], [ -77.04634862, 38.93457468 ], [ -77.04735242, 38.93420174 ], [ -77.04702177, 38.93377698 ], [ -77.04772543, 38.93271819 ], [ -77.04949625, 38.93330478 ] ] ], [ [ [ -77.04962747, 38.93550965 ], [ -77.04970729, 38.93520705 ], [ -77.05008888, 38.93533024 ], [ -77.04996988, 38.93556267 ], [ -77.04962747, 38.93550965 ] ] ], [ [ [ -77.03962477, 38.93559881 ], [ -77.03936368, 38.93549638 ], [ -77.03961455, 38.93549346 ], [ -77.03962477, 38.93559881 ] ] ], [ [ [ -77.04387209, 38.93571061 ], [ -77.04349568, 38.93540065 ], [ -77.04465474, 38.93537349 ], [ -77.04405536, 38.93557993 ], [ -77.04387209, 38.93571061 ] ] ], [ [ [ -77.04777702, 38.93576924 ], [ -77.04764222, 38.93492916 ], [ -77.04798463, 38.93498218 ], [ -77.04819224, 38.93419512 ], [ -77.04921944, 38.93448752 ], [ -77.04928506, 38.93545663 ], [ -77.04777702, 38.93576924 ] ] ], [ [ [ -77.04099439, 38.93581099 ], [ -77.04046579, 38.93534624 ], [ -77.04277565, 38.93581385 ], [ -77.04174843, 38.93565472 ], [ -77.04099439, 38.93581099 ] ] ], [ [ [ -77.11917448, 38.92987575 ], [ -77.12520912, 38.93290038 ], [ -77.13091879, 38.93351266 ], [ -77.13333778, 38.93476088 ], [ -77.13341536, 38.93534808 ], [ -77.12921723, 38.93390609 ], [ -77.12826663, 38.93502555 ], [ -77.12741049, 38.93477887 ], [ -77.1278383, 38.93580657 ], [ -77.1275003, 38.93596138 ], [ -77.1249815, 38.93503468 ], [ -77.12239555, 38.93369132 ], [ -77.11917448, 38.92987575 ] ] ], [ [ [ -76.91559415, 38.93542308 ], [ -76.91575346, 38.93515379 ], [ -76.91620208, 38.93511082 ], [ -76.9154783, 38.93603464 ], [ -76.91559415, 38.93542308 ] ] ], [ [ [ -76.9865917, 38.93529855 ], [ -76.98682955, 38.93487282 ], [ -76.9887399, 38.93505799 ], [ -76.98841277, 38.9360478 ], [ -76.98653969, 38.93573047 ], [ -76.9865917, 38.93529855 ] ] ], [ [ [ -77.04058275, 38.93602029 ], [ -77.04065198, 38.93575794 ], [ -77.04099439, 38.93581099 ], [ -77.04092516, 38.93607334 ], [ -77.04058275, 38.93602029 ] ] ], [ [ [ -77.04996988, 38.93556267 ], [ -77.05041226, 38.93540044 ], [ -77.05109609, 38.93596327 ], [ -77.05096901, 38.93610937 ], [ -77.04996988, 38.93556267 ] ] ], [ [ [ -77.04017111, 38.9362296 ], [ -77.04024034, 38.93596725 ], [ -77.04058275, 38.93602029 ], [ -77.04051352, 38.93628264 ], [ -77.04017111, 38.9362296 ] ] ], [ [ [ -77.0398287, 38.93617655 ], [ -77.04017111, 38.9362296 ], [ -77.04010188, 38.93649195 ], [ -77.03975947, 38.9364389 ], [ -77.0398287, 38.93617655 ] ] ], [ [ [ -77.04661137, 38.93613487 ], [ -77.04647659, 38.93529478 ], [ -77.04777702, 38.93576924 ], [ -77.0475694, 38.9365563 ], [ -77.04661137, 38.93613487 ] ] ], [ [ [ -77.11740509, 38.93640832 ], [ -77.11396832, 38.93178185 ], [ -77.1131505, 38.93043967 ], [ -77.11417393, 38.93061427 ], [ -77.11520085, 38.93008175 ], [ -77.11548838, 38.93039915 ], [ -77.1146375, 38.93081392 ], [ -77.11545852, 38.93245054 ], [ -77.11651549, 38.93263069 ], [ -77.11626817, 38.93420271 ], [ -77.1173349, 38.93355393 ], [ -77.11828475, 38.93532505 ], [ -77.11740509, 38.93640832 ] ] ], [ [ [ -76.91495691, 38.93650023 ], [ -76.91500789, 38.93641406 ], [ -76.91506142, 38.93657046 ], [ -76.91490028, 38.93659596 ], [ -76.91495691, 38.93650023 ] ] ], [ [ [ -77.03962477, 38.93559881 ], [ -77.03996717, 38.93565185 ], [ -77.0398287, 38.93617655 ], [ -77.03909317, 38.93670048 ], [ -77.03962477, 38.93559881 ] ] ], [ [ [ -77.04750019, 38.93681865 ], [ -77.0475694, 38.9365563 ], [ -77.04791181, 38.93660933 ], [ -77.0478426, 38.93687168 ], [ -77.04750019, 38.93681865 ] ] ], [ [ [ -76.91429467, 38.93685385 ], [ -76.91437305, 38.93684071 ], [ -76.91422363, 38.936976 ], [ -76.91429467, 38.93685385 ] ] ], [ [ [ -76.91342364, 38.93699955 ], [ -76.91343539, 38.9369506 ], [ -76.91344641, 38.93695222 ], [ -76.91342364, 38.93699955 ] ] ], [ [ [ -76.91398315, 38.93719372 ], [ -76.9139226, 38.93702241 ], [ -76.9141374, 38.93705406 ], [ -76.91398315, 38.93719372 ] ] ], [ [ [ -77.13524821, 38.93722604 ], [ -77.13523328, 38.93708335 ], [ -77.13529178, 38.93711648 ], [ -77.13524821, 38.93722604 ] ] ], [ [ [ -77.1152134, 38.93654433 ], [ -77.11512247, 38.93580331 ], [ -77.11648884, 38.93710055 ], [ -77.11610048, 38.93750554 ], [ -77.1152134, 38.93654433 ] ] ], [ [ [ -77.12244989, 38.93775273 ], [ -77.12251883, 38.93749033 ], [ -77.12284721, 38.93759679 ], [ -77.12279236, 38.93780555 ], [ -77.12244989, 38.93775273 ] ] ], [ [ [ -77.121696, 38.93790948 ], [ -77.12093632, 38.93768166 ], [ -77.1215974, 38.93754766 ], [ -77.121696, 38.93790948 ] ] ], [ [ [ -76.91227618, 38.93773471 ], [ -76.91234296, 38.9374045 ], [ -76.91334601, 38.93716089 ], [ -76.9130086, 38.93786222 ], [ -76.91228753, 38.93813483 ], [ -76.91227618, 38.93773471 ] ] ], [ [ [ -77.12340838, 38.93817357 ], [ -77.12301441, 38.93801936 ], [ -77.12319713, 38.93792628 ], [ -77.12340838, 38.93817357 ] ] ], [ [ [ -77.04838903, 38.93750243 ], [ -77.05017033, 38.93750518 ], [ -77.05099896, 38.93804322 ], [ -77.0496203, 38.93823923 ], [ -77.04838903, 38.93750243 ] ] ], [ [ [ -77.13341536, 38.93534808 ], [ -77.13368955, 38.93556551 ], [ -77.13379724, 38.93751378 ], [ -77.13306982, 38.93840949 ], [ -77.1327012, 38.93821268 ], [ -77.13361215, 38.93609291 ], [ -77.13341536, 38.93534808 ] ] ], [ [ [ -77.121696, 38.93790948 ], [ -77.12244989, 38.93775273 ], [ -77.12272214, 38.93852848 ], [ -77.12186897, 38.93838889 ], [ -77.121696, 38.93790948 ] ] ], [ [ [ -77.05133243, 38.93850432 ], [ -77.05113085, 38.93880604 ], [ -77.05089124, 38.93852948 ], [ -77.05133243, 38.93850432 ] ] ], [ [ [ -77.2677939, 38.9388856 ], [ -77.26782695, 38.93786546 ], [ -77.26879644, 38.93871047 ], [ -77.2677939, 38.9388856 ] ] ], [ [ [ -76.97021024, 38.93929869 ], [ -76.96910415, 38.93888784 ], [ -76.96966294, 38.93831796 ], [ -76.97021024, 38.93929869 ] ] ], [ [ [ -77.12203625, 38.93932709 ], [ -77.12092746, 38.93901597 ], [ -77.12046625, 38.93815681 ], [ -77.12200202, 38.9387547 ], [ -77.12203625, 38.93932709 ] ] ], [ [ [ -77.12237873, 38.93937991 ], [ -77.12258001, 38.93907807 ], [ -77.12281989, 38.9393545 ], [ -77.12237873, 38.93937991 ] ] ], [ [ [ -77.1314832, 38.93887721 ], [ -77.13160129, 38.93866111 ], [ -77.13187226, 38.93942712 ], [ -77.1314832, 38.93887721 ] ] ], [ [ [ -77.04010188, 38.93649195 ], [ -77.0416792, 38.93591708 ], [ -77.04544199, 38.93575469 ], [ -77.04838903, 38.93750243 ], [ -77.04768857, 38.93916127 ], [ -77.04740396, 38.93787526 ], [ -77.04660697, 38.93732365 ], [ -77.04164923, 38.93794582 ], [ -77.04150896, 38.93944421 ], [ -77.03965141, 38.93806301 ], [ -77.03835408, 38.93934393 ], [ -77.03750802, 38.9386855 ], [ -77.04010188, 38.93649195 ] ] ], [ [ [ -76.97021024, 38.93929869 ], [ -76.97060389, 38.93945339 ], [ -76.97024271, 38.93963673 ], [ -76.97021024, 38.93929869 ] ] ], [ [ [ -77.12203625, 38.93932709 ], [ -77.12237873, 38.93937991 ], [ -77.12230979, 38.93964231 ], [ -77.1219673, 38.93958949 ], [ -77.12203625, 38.93932709 ] ] ], [ [ [ -77.12409114, 38.939644 ], [ -77.12388987, 38.93994584 ], [ -77.12364998, 38.93966942 ], [ -77.12409114, 38.939644 ] ] ], [ [ [ -77.05811187, 38.93982679 ], [ -77.05815965, 38.9399785 ], [ -77.05756453, 38.93977131 ], [ -77.05811187, 38.93982679 ] ] ], [ [ [ -77.05811187, 38.93982679 ], [ -77.05510732, 38.93835508 ], [ -77.05302831, 38.93863398 ], [ -77.05292758, 38.93910372 ], [ -77.05275899, 38.93834571 ], [ -77.05164986, 38.93930533 ], [ -77.05154001, 38.93771725 ], [ -77.0483233, 38.93685438 ], [ -77.04791181, 38.93660933 ], [ -77.04805022, 38.93608462 ], [ -77.04842546, 38.93647566 ], [ -77.04878643, 38.93629209 ], [ -77.04846184, 38.93587529 ], [ -77.04914666, 38.93598133 ], [ -77.04962747, 38.93550965 ], [ -77.04962735, 38.93596403 ], [ -77.05160819, 38.93646251 ], [ -77.05239208, 38.9372267 ], [ -77.05463563, 38.93693635 ], [ -77.05492204, 38.93740741 ], [ -77.05691084, 38.93765042 ], [ -77.05970194, 38.93883408 ], [ -77.05930486, 38.93938002 ], [ -77.05958394, 38.94025409 ], [ -77.05811187, 38.93982679 ] ] ], [ [ [ -77.06428948, 38.94027977 ], [ -77.06157946, 38.93903347 ], [ -77.06159193, 38.93877959 ], [ -77.06218772, 38.93852491 ], [ -77.06389439, 38.93913501 ], [ -77.06670394, 38.93917782 ], [ -77.06730205, 38.93989157 ], [ -77.06710722, 38.94028875 ], [ -77.06428948, 38.94027977 ] ] ], [ [ [ -77.0582222, 38.94005144 ], [ -77.05822004, 38.94004886 ], [ -77.05879398, 38.94037302 ], [ -77.05841913, 38.94034643 ], [ -77.0582222, 38.94005144 ] ] ], [ [ [ -76.91167176, 38.94030433 ], [ -76.91187292, 38.94010566 ], [ -76.91233354, 38.94026567 ], [ -76.91148896, 38.94089162 ], [ -76.91167176, 38.94030433 ] ] ], [ [ [ -77.12409114, 38.939644 ], [ -77.12340838, 38.93817357 ], [ -77.12604351, 38.9409421 ], [ -77.12545536, 38.94080969 ], [ -77.12409114, 38.939644 ] ] ], [ [ [ -77.05139452, 38.94097154 ], [ -77.05100069, 38.9408171 ], [ -77.05136168, 38.94063352 ], [ -77.05139452, 38.94097154 ] ] ], [ [ [ -77.05342358, 38.94097913 ], [ -77.05374796, 38.94087854 ], [ -77.0537692, 38.94091651 ], [ -77.05350828, 38.94096779 ], [ -77.05342358, 38.94097913 ] ] ], [ [ [ -77.07771906, 38.93439495 ], [ -77.07944512, 38.93395985 ], [ -77.07998836, 38.93541828 ], [ -77.08067619, 38.93467826 ], [ -77.08112698, 38.93600215 ], [ -77.07992507, 38.93636937 ], [ -77.07961766, 38.93917732 ], [ -77.08089858, 38.93938277 ], [ -77.08010741, 38.93997133 ], [ -77.07956972, 38.94134696 ], [ -77.07853838, 38.94125636 ], [ -77.07905564, 38.93959119 ], [ -77.07844227, 38.93902933 ], [ -77.07912814, 38.93628689 ], [ -77.07738384, 38.93590688 ], [ -77.0772547, 38.93547529 ], [ -77.0780847, 38.93499444 ], [ -77.07771906, 38.93439495 ] ] ], [ [ [ -77.1345017, 38.942068 ], [ -77.13410769, 38.94191382 ], [ -77.13446847, 38.94173 ], [ -77.1345017, 38.942068 ] ] ], [ [ [ -77.26690773, 38.94193945 ], [ -77.26850155, 38.94013882 ], [ -77.27018629, 38.94118527 ], [ -77.2714607, 38.94082542 ], [ -77.27217569, 38.94120209 ], [ -77.27182107, 38.94163337 ], [ -77.2697426, 38.94124386 ], [ -77.2694227, 38.94237375 ], [ -77.26690773, 38.94193945 ] ] ], [ [ [ -77.26480958, 38.94120622 ], [ -77.26096682, 38.93998906 ], [ -77.26100288, 38.93851266 ], [ -77.26132961, 38.9385959 ], [ -77.26105041, 38.93656623 ], [ -77.2614934, 38.93659479 ], [ -77.26105236, 38.93648639 ], [ -77.26097516, 38.93349546 ], [ -77.26473652, 38.93507762 ], [ -77.26272934, 38.93615824 ], [ -77.26274795, 38.93774279 ], [ -77.26428544, 38.93834473 ], [ -77.26455695, 38.94069552 ], [ -77.26681394, 38.94086123 ], [ -77.26554612, 38.94241317 ], [ -77.26462267, 38.94216384 ], [ -77.26480958, 38.94120622 ] ] ], [ [ [ -76.97116787, 38.93972071 ], [ -76.97160909, 38.93969584 ], [ -76.97075337, 38.93935367 ], [ -76.97131739, 38.93845254 ], [ -76.97238826, 38.94020546 ], [ -76.97209036, 38.94083659 ], [ -76.97369391, 38.94136792 ], [ -76.97312971, 38.94242683 ], [ -76.97120825, 38.94088706 ], [ -76.97116787, 38.93972071 ] ] ], [ [ [ -77.1343639, 38.9425928 ], [ -77.1345017, 38.942068 ], [ -77.1348442, 38.94212078 ], [ -77.1347064, 38.94264559 ], [ -77.1343639, 38.9425928 ] ] ], [ [ [ -77.1346375, 38.94290799 ], [ -77.1347064, 38.94264559 ], [ -77.13504891, 38.94269837 ], [ -77.13498001, 38.94296077 ], [ -77.1346375, 38.94290799 ] ] ], [ [ [ -77.04837459, 38.9429616 ], [ -77.04653995, 38.94226378 ], [ -77.04806264, 38.94096649 ], [ -77.04768226, 38.94085847 ], [ -77.04813009, 38.94081838 ], [ -77.04761478, 38.94052 ], [ -77.04769548, 38.93930653 ], [ -77.048247, 38.93939193 ], [ -77.04859304, 38.93808016 ], [ -77.0496203, 38.93823923 ], [ -77.05113938, 38.9394111 ], [ -77.04962043, 38.94303063 ], [ -77.04837459, 38.9429616 ] ] ], [ [ [ -77.05146017, 38.94207398 ], [ -77.05240826, 38.94074441 ], [ -77.0525627, 38.94148533 ], [ -77.05326126, 38.94108197 ], [ -77.05259637, 38.94192997 ], [ -77.05218545, 38.94170336 ], [ -77.05118318, 38.94312411 ], [ -77.05146017, 38.94207398 ] ] ], [ [ [ -77.13498001, 38.94296077 ], [ -77.13537403, 38.94311495 ], [ -77.13501324, 38.94329877 ], [ -77.13498001, 38.94296077 ] ] ], [ [ [ -77.05139452, 38.94097154 ], [ -77.05173696, 38.94102456 ], [ -77.05146017, 38.94207398 ], [ -77.05014413, 38.94330504 ], [ -77.05070996, 38.9412081 ], [ -77.05139452, 38.94097154 ] ] ], [ [ [ -77.05060375, 38.94367327 ], [ -77.05080381, 38.94366186 ], [ -77.05070959, 38.94379542 ], [ -77.05060375, 38.94367327 ] ] ], [ [ [ -77.13511582, 38.94380076 ], [ -77.13531706, 38.9434989 ], [ -77.13555701, 38.9437753 ], [ -77.13511582, 38.94380076 ] ] ], [ [ [ -77.04960596, 38.94369839 ], [ -77.05000996, 38.94389748 ], [ -77.04953676, 38.94396075 ], [ -77.04960596, 38.94369839 ] ] ], [ [ [ -77.05043959, 38.94417813 ], [ -77.05041571, 38.94412816 ], [ -77.05046009, 38.94414907 ], [ -77.05043959, 38.94417813 ] ] ], [ [ [ -77.0491251, 38.94417008 ], [ -77.04919431, 38.94390773 ], [ -77.04953676, 38.94396075 ], [ -77.04946755, 38.9442231 ], [ -77.0491251, 38.94417008 ] ] ], [ [ [ -76.90906248, 38.94375317 ], [ -76.90929619, 38.94359662 ], [ -76.90874831, 38.94456668 ], [ -76.90863892, 38.94440763 ], [ -76.90906248, 38.94375317 ] ] ], [ [ [ -77.1343639, 38.9425928 ], [ -77.13463813, 38.94351265 ], [ -77.13574871, 38.94474092 ], [ -77.13251993, 38.94152633 ], [ -77.13307162, 38.94095159 ], [ -77.13256365, 38.94008131 ], [ -77.1343639, 38.9425928 ] ] ], [ [ [ -77.13603947, 38.94527117 ], [ -77.13600543, 38.94512228 ], [ -77.13602729, 38.94515475 ], [ -77.13603947, 38.94527117 ] ] ], [ [ [ -77.05117626, 38.94585298 ], [ -77.05120765, 38.94573397 ], [ -77.05130899, 38.94587353 ], [ -77.05117626, 38.94585298 ] ] ], [ [ [ -77.05117626, 38.94585298 ], [ -77.05110705, 38.94611534 ], [ -77.05070304, 38.94591626 ], [ -77.05117626, 38.94585298 ] ] ], [ [ [ -77.05332573, 38.94567765 ], [ -77.05391735, 38.9449957 ], [ -77.05463009, 38.94599445 ], [ -77.05438863, 38.94625822 ], [ -77.05332573, 38.94567765 ] ] ], [ [ [ -77.0582331, 38.94612603 ], [ -77.05882788, 38.94632473 ], [ -77.05821624, 38.94618998 ], [ -77.0582331, 38.94612603 ] ] ], [ [ [ -77.13614824, 38.94635341 ], [ -77.13603948, 38.94527126 ], [ -77.13615187, 38.94634508 ], [ -77.13614824, 38.94635341 ] ] ], [ [ [ -77.13786843, 38.94702013 ], [ -77.13731498, 38.94472925 ], [ -77.13758684, 38.94530864 ], [ -77.13786843, 38.94702013 ] ] ], [ [ [ -77.05444519, 38.94627596 ], [ -77.05599094, 38.94609544 ], [ -77.05628022, 38.94687663 ], [ -77.05535383, 38.9470841 ], [ -77.05525971, 38.94654506 ], [ -77.05444519, 38.94627596 ] ] ], [ [ [ -77.0582331, 38.94612603 ], [ -77.05643056, 38.94629721 ], [ -77.05619194, 38.94522802 ], [ -77.06346612, 38.94550834 ], [ -77.06417759, 38.94713925 ], [ -77.05876589, 38.94580902 ], [ -77.0582331, 38.94612603 ] ] ], [ [ [ -77.12421589, 38.94730797 ], [ -77.12385591, 38.94691029 ], [ -77.12420581, 38.94672518 ], [ -77.12421589, 38.94730797 ] ] ], [ [ [ -77.12421589, 38.94730797 ], [ -77.12455841, 38.94736078 ], [ -77.12448947, 38.94762318 ], [ -77.12422909, 38.94743553 ], [ -77.12421589, 38.94730797 ] ] ], [ [ [ -77.12230979, 38.93964231 ], [ -77.12587758, 38.94166121 ], [ -77.12717468, 38.9434933 ], [ -77.12738214, 38.94420069 ], [ -77.12628277, 38.94775303 ], [ -77.1248843, 38.94538053 ], [ -77.12517109, 38.94428359 ], [ -77.12448026, 38.94422066 ], [ -77.12230979, 38.93964231 ] ] ], [ [ [ -77.0640219, 38.9475969 ], [ -77.06399441, 38.94756357 ], [ -77.06460175, 38.94765752 ], [ -77.06415322, 38.94779151 ], [ -77.0640219, 38.9475969 ] ] ], [ [ [ -77.12448947, 38.94762318 ], [ -77.12488349, 38.94777738 ], [ -77.1246608, 38.94789081 ], [ -77.12448947, 38.94762318 ] ] ], [ [ [ -76.97949748, 38.94797552 ], [ -76.98041342, 38.94828695 ], [ -76.98042323, 38.94865377 ], [ -76.97976003, 38.94816788 ], [ -76.97949748, 38.94797552 ] ] ], [ [ [ -76.9811677, 38.94919919 ], [ -76.9814386, 38.94911849 ], [ -76.98307277, 38.95054552 ], [ -76.98296456, 38.95051557 ], [ -76.9811677, 38.94919919 ] ] ], [ [ [ -77.04047596, 38.94993055 ], [ -77.03992574, 38.95066456 ], [ -77.03882907, 38.95076776 ], [ -77.03985965, 38.94972567 ], [ -77.04047596, 38.94993055 ] ] ], [ [ [ -77.05020379, 38.95089075 ], [ -77.04979712, 38.95067592 ], [ -77.05022394, 38.95027333 ], [ -77.05020379, 38.95089075 ] ] ], [ [ [ -77.00463577, 38.95065487 ], [ -77.00367563, 38.95006621 ], [ -77.00361287, 38.94913064 ], [ -77.00405413, 38.94910565 ], [ -77.00340472, 38.94899136 ], [ -77.00293506, 38.9480696 ], [ -77.00335731, 38.94671261 ], [ -77.00394615, 38.94681798 ], [ -77.00355239, 38.94666339 ], [ -77.00463073, 38.94594823 ], [ -77.00524432, 38.94658234 ], [ -77.00475953, 38.94761055 ], [ -77.00593983, 38.94765877 ], [ -77.00509923, 38.94811838 ], [ -77.004752, 38.94909701 ], [ -77.00595662, 38.94904152 ], [ -77.00694552, 38.95089262 ], [ -77.00463577, 38.95065487 ] ] ], [ [ [ -77.00463577, 38.95065487 ], [ -77.00456639, 38.9509172 ], [ -77.00380515, 38.95066251 ], [ -77.00463577, 38.95065487 ] ] ], [ [ [ -77.03985649, 38.95092691 ], [ -77.03992574, 38.95066456 ], [ -77.04026822, 38.9507176 ], [ -77.04019897, 38.95097995 ], [ -77.03985649, 38.95092691 ] ] ], [ [ [ -77.04527061, 38.9506731 ], [ -77.04561309, 38.95072613 ], [ -77.04554386, 38.95098848 ], [ -77.04520138, 38.95093545 ], [ -77.04527061, 38.9506731 ] ] ], [ [ [ -77.15429239, 38.95084958 ], [ -77.15468649, 38.95100369 ], [ -77.15432572, 38.95118757 ], [ -77.15429239, 38.95084958 ] ] ], [ [ [ -77.04554386, 38.95098848 ], [ -77.04588634, 38.95104151 ], [ -77.04562644, 38.95135101 ], [ -77.04554386, 38.95098848 ] ] ], [ [ [ -77.03951402, 38.95087386 ], [ -77.0404722, 38.95129535 ], [ -77.04040295, 38.9515577 ], [ -77.03937552, 38.95139856 ], [ -77.03951402, 38.95087386 ] ] ], [ [ [ -77.03779784, 38.9519734 ], [ -77.03739484, 38.95182396 ], [ -77.03796554, 38.95133814 ], [ -77.03779784, 38.9519734 ] ] ], [ [ [ -77.00456639, 38.9509172 ], [ -77.00715161, 38.95143051 ], [ -77.00739195, 38.9520456 ], [ -77.00471266, 38.95167946 ], [ -77.00428866, 38.95148918 ], [ -77.00456639, 38.9509172 ] ] ], [ [ [ -77.03772858, 38.95223575 ], [ -77.03779784, 38.9519734 ], [ -77.03814032, 38.95202645 ], [ -77.03807106, 38.9522888 ], [ -77.03772858, 38.95223575 ] ] ], [ [ [ -77.03772858, 38.95223575 ], [ -77.03752691, 38.95253745 ], [ -77.03728731, 38.95226086 ], [ -77.03772858, 38.95223575 ] ] ], [ [ [ -76.99304826, 38.95267946 ], [ -76.99321531, 38.95242984 ], [ -76.99348955, 38.95265451 ], [ -76.99304826, 38.95267946 ] ] ], [ [ [ -77.00451026, 38.95293164 ], [ -77.00363671, 38.95205039 ], [ -77.00420277, 38.95160968 ], [ -77.00643497, 38.95233621 ], [ -77.00543869, 38.95224682 ], [ -77.00451026, 38.95293164 ] ] ], [ [ [ -77.03807106, 38.9522888 ], [ -77.03936062, 38.95227134 ], [ -77.03949937, 38.95273352 ], [ -77.03799724, 38.95305046 ], [ -77.03807106, 38.9522888 ] ] ], [ [ [ -76.99304826, 38.95267946 ], [ -76.99287964, 38.95284304 ], [ -76.99175645, 38.95306667 ], [ -76.99211264, 38.95262592 ], [ -76.99304826, 38.95267946 ] ] ], [ [ [ -77.13934712, 38.95361805 ], [ -77.1386001, 38.95026063 ], [ -77.14012293, 38.94990704 ], [ -77.13925275, 38.95103264 ], [ -77.13967697, 38.95388325 ], [ -77.13934712, 38.95361805 ] ] ], [ [ [ -77.0440281, 38.95403064 ], [ -77.04409733, 38.95376829 ], [ -77.04443983, 38.95382132 ], [ -77.04437059, 38.95408367 ], [ -77.0440281, 38.95403064 ] ] ], [ [ [ -77.00517308, 38.9540154 ], [ -77.0051037, 38.95427773 ], [ -77.00469977, 38.9540785 ], [ -77.00517308, 38.9540154 ] ] ], [ [ [ -77.00517308, 38.9540154 ], [ -77.00577835, 38.95346645 ], [ -77.00586547, 38.95432703 ], [ -77.00517308, 38.9540154 ] ] ], [ [ [ -77.04354713, 38.9545023 ], [ -77.0436856, 38.9539776 ], [ -77.0440281, 38.95403064 ], [ -77.04388962, 38.95455534 ], [ -77.04354713, 38.9545023 ] ] ], [ [ [ -77.07259686, 38.95413329 ], [ -77.07303585, 38.95341893 ], [ -77.07381761, 38.95360963 ], [ -77.07374506, 38.95464413 ], [ -77.07259686, 38.95413329 ] ] ], [ [ [ -77.12567274, 38.95247293 ], [ -77.12704083, 38.95195048 ], [ -77.12787256, 38.95414872 ], [ -77.12600308, 38.95466589 ], [ -77.12567274, 38.95247293 ] ] ], [ [ [ -77.13043991, 38.95482004 ], [ -77.13020915, 38.95472976 ], [ -77.13013207, 38.95462193 ], [ -77.13040669, 38.95448205 ], [ -77.13043991, 38.95482004 ] ] ], [ [ [ -76.90652772, 38.95409806 ], [ -76.90703555, 38.95388141 ], [ -76.90631609, 38.95493962 ], [ -76.90645019, 38.95440637 ], [ -76.90652772, 38.95409806 ] ] ], [ [ [ -77.0051037, 38.95427773 ], [ -77.00544617, 38.95433087 ], [ -77.00568176, 38.95500536 ], [ -77.00516601, 38.95476174 ], [ -77.0051037, 38.95427773 ] ] ], [ [ [ -77.13043991, 38.95482004 ], [ -77.13078247, 38.95487284 ], [ -77.13071354, 38.95513524 ], [ -77.13047246, 38.95509809 ], [ -77.13043991, 38.95482004 ] ] ], [ [ [ -77.09149271, 38.95584518 ], [ -77.09144633, 38.95535662 ], [ -77.09193258, 38.95549991 ], [ -77.09157863, 38.95577774 ], [ -77.09149271, 38.95584518 ] ] ], [ [ [ -77.13071354, 38.95513524 ], [ -77.13103289, 38.95532783 ], [ -77.1311919, 38.95602803 ], [ -77.13071413, 38.9557399 ], [ -77.13071354, 38.95513524 ] ] ], [ [ [ -77.1311919, 38.95602803 ], [ -77.13141909, 38.95606305 ], [ -77.13146554, 38.95634323 ], [ -77.13112297, 38.95629043 ], [ -77.1311919, 38.95602803 ] ] ], [ [ [ -77.05807076, 38.95620431 ], [ -77.05835614, 38.95634489 ], [ -77.05831924, 38.95642418 ], [ -77.05800157, 38.95646667 ], [ -77.05807076, 38.95620431 ] ] ], [ [ [ -77.06829384, 38.95641524 ], [ -77.06844055, 38.95624416 ], [ -77.06848448, 38.95626696 ], [ -77.06820396, 38.95659409 ], [ -77.06829384, 38.95641524 ] ] ], [ [ [ -76.90551638, 38.95634946 ], [ -76.90560893, 38.95621508 ], [ -76.90542077, 38.95664232 ], [ -76.90534601, 38.95659683 ], [ -76.90551638, 38.95634946 ] ] ], [ [ [ -77.13146554, 38.95634323 ], [ -77.13168125, 38.95658827 ], [ -77.13149876, 38.95668123 ], [ -77.13146554, 38.95634323 ] ] ], [ [ [ -77.05724735, 38.95662303 ], [ -77.05758986, 38.95667603 ], [ -77.05800157, 38.95646667 ], [ -77.05723773, 38.95686023 ], [ -77.05724735, 38.95662303 ] ] ], [ [ [ -77.05320288, 38.95708941 ], [ -77.05046992, 38.95393571 ], [ -77.05074677, 38.95288629 ], [ -77.0512792, 38.95272804 ], [ -77.05062939, 38.95008502 ], [ -77.04986489, 38.94947293 ], [ -77.04978884, 38.94866662 ], [ -77.04815612, 38.94784303 ], [ -77.04812247, 38.94693154 ], [ -77.04952026, 38.9449562 ], [ -77.05017851, 38.94613319 ], [ -77.05156134, 38.94638714 ], [ -77.05154447, 38.9487504 ], [ -77.0529325, 38.95038908 ], [ -77.05306482, 38.95163906 ], [ -77.05472918, 38.95210915 ], [ -77.05590487, 38.95360314 ], [ -77.05478055, 38.95651437 ], [ -77.05411429, 38.95719313 ], [ -77.05350019, 38.95678062 ], [ -77.05320288, 38.95708941 ] ] ], [ [ [ -77.04175794, 38.95722905 ], [ -77.04210418, 38.95591729 ], [ -77.04244668, 38.95597033 ], [ -77.04210045, 38.95728209 ], [ -77.04175794, 38.95722905 ] ] ], [ [ [ -77.14348333, 38.9569436 ], [ -77.14346634, 38.95692994 ], [ -77.14481135, 38.95694544 ], [ -77.14442909, 38.95737707 ], [ -77.14348333, 38.9569436 ] ] ], [ [ [ -77.05320288, 38.95708941 ], [ -77.0535968, 38.95724384 ], [ -77.05323574, 38.95742743 ], [ -77.05320288, 38.95708941 ] ] ], [ [ [ -77.06249989, 38.95738836 ], [ -77.06251002, 38.95735201 ], [ -77.06358144, 38.95742562 ], [ -77.06342063, 38.95758138 ], [ -77.06249989, 38.95738836 ] ] ], [ [ [ -77.06351596, 38.95757675 ], [ -77.06364125, 38.9574553 ], [ -77.06384499, 38.95767034 ], [ -77.06349508, 38.95759699 ], [ -77.06351596, 38.95757675 ] ] ], [ [ [ -77.06751367, 38.95732505 ], [ -77.06760754, 38.9572896 ], [ -77.06733674, 38.95759718 ], [ -77.06656019, 38.95818466 ], [ -77.06751367, 38.95732505 ] ] ], [ [ [ -77.0052533, 38.95580423 ], [ -77.00563662, 38.95608515 ], [ -77.00573943, 38.95782914 ], [ -77.00507617, 38.95821081 ], [ -77.00435889, 38.9562165 ], [ -77.0052533, 38.95580423 ] ] ], [ [ [ -77.14530642, 38.95792943 ], [ -77.14510518, 38.95823131 ], [ -77.14486515, 38.95795492 ], [ -77.14530642, 38.95792943 ] ] ], [ [ [ -77.05968816, 38.95784846 ], [ -77.059981, 38.95785458 ], [ -77.0597968, 38.95823991 ], [ -77.0596802, 38.9579205 ], [ -77.05968816, 38.95784846 ] ] ], [ [ [ -77.0640512, 38.95829488 ], [ -77.06394369, 38.95821205 ], [ -77.06419616, 38.95824643 ], [ -77.0640512, 38.95829488 ] ] ], [ [ [ -77.05614714, 38.95809118 ], [ -77.05640193, 38.95821669 ], [ -77.05607795, 38.95835354 ], [ -77.05614714, 38.95809118 ] ] ], [ [ [ -77.06604757, 38.95840035 ], [ -77.06608376, 38.95826305 ], [ -77.06638224, 38.95830922 ], [ -77.06617882, 38.95845161 ], [ -77.06604757, 38.95840035 ] ] ], [ [ [ -77.05854481, 38.95846217 ], [ -77.05853406, 38.95850292 ], [ -77.05847037, 38.958464 ], [ -77.05854481, 38.95846217 ] ] ], [ [ [ -77.06381616, 38.95825924 ], [ -77.06380809, 38.95823646 ], [ -77.06465306, 38.958481 ], [ -77.06459929, 38.95859167 ], [ -77.06381616, 38.95825924 ] ] ], [ [ [ -77.06704219, 38.95868434 ], [ -77.06669646, 38.95835781 ], [ -77.06904011, 38.95575353 ], [ -77.06946974, 38.95618981 ], [ -77.06704219, 38.95868434 ] ] ], [ [ [ -77.05854481, 38.95846217 ], [ -77.05799345, 38.95763413 ], [ -77.0573854, 38.95756773 ], [ -77.0576255, 38.95684726 ], [ -77.0593992, 38.95767948 ], [ -77.05964047, 38.95838406 ], [ -77.05902666, 38.9582998 ], [ -77.05881442, 38.95879167 ], [ -77.05854481, 38.95846217 ] ] ], [ [ [ -77.03848827, 38.9582471 ], [ -77.03898793, 38.95764687 ], [ -77.03888362, 38.95887644 ], [ -77.03788931, 38.95846455 ], [ -77.03848827, 38.9582471 ] ] ], [ [ [ -77.06704219, 38.95868434 ], [ -77.06698894, 38.95888636 ], [ -77.06638372, 38.95858278 ], [ -77.06638404, 38.95858255 ], [ -77.06704219, 38.95868434 ] ] ], [ [ [ -77.05210967, 38.95582793 ], [ -77.05210961, 38.9564326 ], [ -77.05361109, 38.95824486 ], [ -77.05331166, 38.95892598 ], [ -77.05230669, 38.95913525 ], [ -77.05121018, 38.95733459 ], [ -77.05210967, 38.95582793 ] ] ], [ [ [ -77.05155243, 38.95929158 ], [ -77.05162164, 38.95902922 ], [ -77.05230669, 38.95913525 ], [ -77.05216827, 38.95965996 ], [ -77.05155243, 38.95929158 ] ] ], [ [ [ -77.03901033, 38.95953427 ], [ -77.03967334, 38.95647152 ], [ -77.03918872, 38.95531095 ], [ -77.03998136, 38.95505078 ], [ -77.03993238, 38.95326727 ], [ -77.04179652, 38.95274076 ], [ -77.0404722, 38.95129535 ], [ -77.04105195, 38.95074552 ], [ -77.04026822, 38.9507176 ], [ -77.04087996, 38.95012967 ], [ -77.04047596, 38.94993055 ], [ -77.04091357, 38.94882842 ], [ -77.04457291, 38.94511561 ], [ -77.04499421, 38.94526232 ], [ -77.04460037, 38.94510786 ], [ -77.04677974, 38.94278346 ], [ -77.04967517, 38.94343604 ], [ -77.04679353, 38.94490134 ], [ -77.04415884, 38.94754887 ], [ -77.04448866, 38.94911545 ], [ -77.04565124, 38.94920294 ], [ -77.04562041, 38.94799654 ], [ -77.04623612, 38.94836496 ], [ -77.04623247, 38.94972975 ], [ -77.0446675, 38.95080038 ], [ -77.04327758, 38.95282212 ], [ -77.04225236, 38.95350858 ], [ -77.04134693, 38.95548414 ], [ -77.04176168, 38.95586425 ], [ -77.04141544, 38.957176 ], [ -77.04175794, 38.95722905 ], [ -77.0403804, 38.95974646 ], [ -77.03901033, 38.95953427 ] ], [ [ -77.04304759, 38.95019271 ], [ -77.04157262, 38.94982734 ], [ -77.04163368, 38.95073162 ], [ -77.04225418, 38.95113666 ], [ -77.04304759, 38.95019271 ] ] ], [ [ [ -77.04099993, 38.9587501 ], [ -77.04225292, 38.95771811 ], [ -77.04210045, 38.95728209 ], [ -77.0428502, 38.95712378 ], [ -77.04265471, 38.9565487 ], [ -77.04304134, 38.95616216 ], [ -77.04236411, 38.9556078 ], [ -77.04176168, 38.95586425 ], [ -77.04279661, 38.95329379 ], [ -77.04497385, 38.95117702 ], [ -77.04509454, 38.9520956 ], [ -77.04629869, 38.95130803 ], [ -77.04575155, 38.95020143 ], [ -77.04623247, 38.94972975 ], [ -77.04737498, 38.94992172 ], [ -77.04615267, 38.94767989 ], [ -77.04562041, 38.94799654 ], [ -77.04473147, 38.94731274 ], [ -77.04555485, 38.9468941 ], [ -77.04576252, 38.94610705 ], [ -77.04734228, 38.946135 ], [ -77.04672431, 38.9451637 ], [ -77.0491251, 38.94417008 ], [ -77.04870983, 38.9457442 ], [ -77.04777443, 38.94551164 ], [ -77.04767524, 38.94746097 ], [ -77.04815612, 38.94784303 ], [ -77.04802638, 38.9491667 ], [ -77.04940004, 38.94924644 ], [ -77.05013815, 38.94978831 ], [ -77.04935781, 38.95094112 ], [ -77.04638282, 38.95161453 ], [ -77.04492079, 38.95334965 ], [ -77.0442358, 38.95324358 ], [ -77.0436856, 38.9539776 ], [ -77.04294923, 38.9537701 ], [ -77.04354713, 38.9545023 ], [ -77.04340124, 38.95775659 ], [ -77.04305873, 38.95770356 ], [ -77.042851, 38.95849061 ], [ -77.04153276, 38.95896916 ], [ -77.04324774, 38.95979314 ], [ -77.04153509, 38.96013622 ], [ -77.04086125, 38.95972919 ], [ -77.04099993, 38.9587501 ] ] ], [ [ [ -77.13469792, 38.96002413 ], [ -77.13477777, 38.95998346 ], [ -77.13509132, 38.96017803 ], [ -77.13469792, 38.96002413 ] ] ], [ [ [ -77.13536571, 38.96049349 ], [ -77.13502312, 38.96044071 ], [ -77.13509199, 38.96017847 ], [ -77.13538489, 38.96042046 ], [ -77.13536571, 38.96049349 ] ] ], [ [ [ -77.05361109, 38.95824486 ], [ -77.05538708, 38.9572909 ], [ -77.05475815, 38.9569801 ], [ -77.05478055, 38.95651437 ], [ -77.05512307, 38.95656738 ], [ -77.05560745, 38.95473087 ], [ -77.05646972, 38.95393311 ], [ -77.05677335, 38.95436516 ], [ -77.05628578, 38.95447478 ], [ -77.05639304, 38.95521977 ], [ -77.05677335, 38.95436516 ], [ -77.05733809, 38.95445255 ], [ -77.05730028, 38.95558869 ], [ -77.05807076, 38.95620431 ], [ -77.05731654, 38.95636067 ], [ -77.05614714, 38.95809118 ], [ -77.05567386, 38.95815448 ], [ -77.05607795, 38.95835354 ], [ -77.055855, 38.96062504 ], [ -77.05385627, 38.95925094 ], [ -77.05361109, 38.95824486 ] ] ], [ [ [ -77.05611937, 38.96066288 ], [ -77.0561539, 38.96061764 ], [ -77.0561535, 38.96065113 ], [ -77.05611937, 38.96066288 ] ] ], [ [ [ -77.01337533, 38.96074973 ], [ -77.01375035, 38.95983101 ], [ -77.01575934, 38.95936944 ], [ -77.01598326, 38.96041765 ], [ -77.01337533, 38.96074973 ] ] ], [ [ [ -77.01337533, 38.96074973 ], [ -77.01299487, 38.96103049 ], [ -77.01208207, 38.96104506 ], [ -77.01253641, 38.96044667 ], [ -77.01337533, 38.96074973 ] ] ], [ [ [ -77.13536571, 38.96049349 ], [ -77.13594955, 38.96098491 ], [ -77.13591306, 38.96112386 ], [ -77.13550436, 38.96087746 ], [ -77.13536571, 38.96049349 ] ] ], [ [ [ -77.13866303, 38.96113283 ], [ -77.13815303, 38.9601965 ], [ -77.1393202, 38.96096966 ], [ -77.13866303, 38.96113283 ] ] ], [ [ [ -77.13591306, 38.96112386 ], [ -77.13623189, 38.96126714 ], [ -77.13618675, 38.96143905 ], [ -77.13584415, 38.96138627 ], [ -77.13591306, 38.96112386 ] ] ], [ [ [ -77.15407449, 38.96119039 ], [ -77.15400564, 38.9614528 ], [ -77.15324377, 38.96119903 ], [ -77.15407449, 38.96119039 ] ] ], [ [ [ -77.04264326, 38.95927766 ], [ -77.04243924, 38.95869992 ], [ -77.04319351, 38.95854365 ], [ -77.04340124, 38.95775659 ], [ -77.04374375, 38.95780963 ], [ -77.04388962, 38.95455534 ], [ -77.04489488, 38.95388579 ], [ -77.04540174, 38.95287798 ], [ -77.04794124, 38.95135968 ], [ -77.05054627, 38.95094377 ], [ -77.05074677, 38.95288629 ], [ -77.05040428, 38.95283327 ], [ -77.05012742, 38.95388269 ], [ -77.05140372, 38.95505106 ], [ -77.05123144, 38.95679214 ], [ -77.04894205, 38.95485907 ], [ -77.04757104, 38.95486388 ], [ -77.05063473, 38.95710618 ], [ -77.05017148, 38.95816595 ], [ -77.04924733, 38.95792903 ], [ -77.04880919, 38.95827801 ], [ -77.04962533, 38.95916383 ], [ -77.051263, 38.95849624 ], [ -77.0514831, 38.96000832 ], [ -77.05240431, 38.96033436 ], [ -77.05216827, 38.95965996 ], [ -77.05286166, 38.95993035 ], [ -77.05279307, 38.96092613 ], [ -77.0508131, 38.96146837 ], [ -77.04782748, 38.95998967 ], [ -77.04438456, 38.96021238 ], [ -77.04264326, 38.95927766 ] ] ], [ [ [ -77.15400564, 38.9614528 ], [ -77.15537608, 38.96166372 ], [ -77.1539368, 38.96171522 ], [ -77.15400564, 38.9614528 ] ] ], [ [ [ -77.03839077, 38.96053061 ], [ -77.03883209, 38.9605055 ], [ -77.03789959, 38.96034537 ], [ -77.03887521, 38.95897551 ], [ -77.03883973, 38.95939384 ], [ -77.0390981, 38.9597168 ], [ -77.04103505, 38.9605744 ], [ -77.04106169, 38.96121734 ], [ -77.03890759, 38.9621586 ], [ -77.03839077, 38.96053061 ] ] ], [ [ [ -77.15530724, 38.96192614 ], [ -77.15633508, 38.96208432 ], [ -77.15626624, 38.96234673 ], [ -77.1552384, 38.96218855 ], [ -77.15530724, 38.96192614 ] ] ], [ [ [ -77.03941455, 38.96205456 ], [ -77.04099244, 38.96147969 ], [ -77.04195027, 38.96072453 ], [ -77.04296635, 38.96138028 ], [ -77.03974491, 38.9625052 ], [ -77.03941455, 38.96205456 ] ] ], [ [ [ -77.13898532, 38.96226957 ], [ -77.13995094, 38.96216555 ], [ -77.13941309, 38.96264732 ], [ -77.13898532, 38.96226957 ] ] ], [ [ [ -77.15331879, 38.96271213 ], [ -77.15352, 38.96241024 ], [ -77.15376008, 38.96268661 ], [ -77.15331879, 38.96271213 ] ] ], [ [ [ -77.05757871, 38.96110959 ], [ -77.05948077, 38.96143736 ], [ -77.05972483, 38.96240086 ], [ -77.0581229, 38.96304929 ], [ -77.05758002, 38.96274701 ], [ -77.05757871, 38.96110959 ] ] ], [ [ [ -77.15633508, 38.96208432 ], [ -77.15383096, 38.96081311 ], [ -77.15078136, 38.96069242 ], [ -77.14804451, 38.9597905 ], [ -77.14585934, 38.95867738 ], [ -77.14530642, 38.95792943 ], [ -77.14575402, 38.95695118 ], [ -77.14543487, 38.95764985 ], [ -77.15042628, 38.9587899 ], [ -77.15091529, 38.95756741 ], [ -77.15229133, 38.95778457 ], [ -77.15134359, 38.95634122 ], [ -77.15181857, 38.95415199 ], [ -77.15279634, 38.95286814 ], [ -77.15025622, 38.94942343 ], [ -77.15024729, 38.9475639 ], [ -77.15170441, 38.94540314 ], [ -77.15189276, 38.94732842 ], [ -77.15364341, 38.94694661 ], [ -77.15528635, 38.94895235 ], [ -77.15559699, 38.94822846 ], [ -77.15497735, 38.94754507 ], [ -77.15524575, 38.94649462 ], [ -77.15617597, 38.94662275 ], [ -77.15583832, 38.94883653 ], [ -77.15835632, 38.94931249 ], [ -77.15658842, 38.95530584 ], [ -77.15690509, 38.95573368 ], [ -77.15862804, 38.95582057 ], [ -77.15851617, 38.95522679 ], [ -77.15923461, 38.95553391 ], [ -77.1601929, 38.95493652 ], [ -77.15920412, 38.95663807 ], [ -77.15997226, 38.95716445 ], [ -77.15981118, 38.95755939 ], [ -77.15889991, 38.95735291 ], [ -77.15820417, 38.95889898 ], [ -77.16025678, 38.95946687 ], [ -77.16002797, 38.96080566 ], [ -77.15942312, 38.9609566 ], [ -77.15954568, 38.96305105 ], [ -77.15731962, 38.96291315 ], [ -77.15633508, 38.96208432 ] ], [ [ -77.15429239, 38.95084958 ], [ -77.1535527, 38.95089115 ], [ -77.15278472, 38.95237445 ], [ -77.15577362, 38.95122915 ], [ -77.15477073, 38.95053129 ], [ -77.15429239, 38.95084958 ] ] ], [ [ [ -77.15393517, 38.96308001 ], [ -77.15427052, 38.96276437 ], [ -77.15509354, 38.96314139 ], [ -77.15393517, 38.96308001 ] ] ], [ [ [ -77.14550589, 38.96260139 ], [ -77.14571074, 38.96317896 ], [ -77.14482252, 38.96279651 ], [ -77.13989707, 38.95750315 ], [ -77.13582225, 38.95419102 ], [ -77.13458187, 38.95222706 ], [ -77.13669388, 38.95057374 ], [ -77.13626132, 38.94810597 ], [ -77.13672487, 38.94830238 ], [ -77.13806655, 38.9541889 ], [ -77.14054032, 38.95626621 ], [ -77.14211476, 38.95868166 ], [ -77.14409713, 38.95892484 ], [ -77.14686753, 38.96057402 ], [ -77.14697243, 38.96159344 ], [ -77.14617238, 38.96066161 ], [ -77.14595902, 38.96168202 ], [ -77.14525839, 38.96233879 ], [ -77.14550589, 38.96260139 ] ] ], [ [ [ -77.17802044, 38.96305185 ], [ -77.18077099, 38.96266114 ], [ -77.18166992, 38.96263425 ], [ -77.17936698, 38.96331119 ], [ -77.17685917, 38.96337993 ], [ -77.17802044, 38.96305185 ] ] ], [ [ [ -77.17118779, 38.96315553 ], [ -77.1723144, 38.96070993 ], [ -77.17452917, 38.96077915 ], [ -77.1755845, 38.96003956 ], [ -77.17428025, 38.96268149 ], [ -77.17602907, 38.96340269 ], [ -77.16824008, 38.96334572 ], [ -77.17118779, 38.96315553 ] ] ], [ [ [ -77.14571074, 38.96317896 ], [ -77.14639596, 38.96328447 ], [ -77.14632708, 38.96354688 ], [ -77.14564186, 38.96344137 ], [ -77.14571074, 38.96317896 ] ] ], [ [ [ -77.14701231, 38.96365238 ], [ -77.14550589, 38.96260139 ], [ -77.14704008, 38.96163412 ], [ -77.14756643, 38.96079841 ], [ -77.14865997, 38.96144894 ], [ -77.14807915, 38.96146363 ], [ -77.14712223, 38.96272363 ], [ -77.14804605, 38.96338363 ], [ -77.14701231, 38.96365238 ] ] ], [ [ [ -77.03858718, 38.96383795 ], [ -77.03781971, 38.96359028 ], [ -77.0383086, 38.96315692 ], [ -77.03897426, 38.96345655 ], [ -77.03858718, 38.96383795 ] ] ], [ [ [ -77.14632708, 38.96354688 ], [ -77.14701231, 38.96365238 ], [ -77.14673597, 38.96411417 ], [ -77.14653953, 38.96398742 ], [ -77.14632708, 38.96354688 ] ] ], [ [ [ -77.15208438, 38.96334116 ], [ -77.15126265, 38.96203931 ], [ -77.14879598, 38.96228892 ], [ -77.14865997, 38.96144894 ], [ -77.15105253, 38.96181594 ], [ -77.15393517, 38.96308001 ], [ -77.15372862, 38.96386725 ], [ -77.15434501, 38.96423513 ], [ -77.15420731, 38.96475996 ], [ -77.15208438, 38.96334116 ] ] ], [ [ [ -77.03858718, 38.96383795 ], [ -77.03884419, 38.96404216 ], [ -77.03802957, 38.96533138 ], [ -77.03713462, 38.96429327 ], [ -77.03858718, 38.96383795 ] ] ], [ [ [ -77.04433743, 38.96636683 ], [ -77.04410712, 38.96678558 ], [ -77.04310202, 38.96699477 ], [ -77.04360132, 38.96600218 ], [ -77.04433743, 38.96636683 ] ] ], [ [ [ -77.04310202, 38.96699477 ], [ -77.04290033, 38.96729649 ], [ -77.04266066, 38.9670199 ], [ -77.04310202, 38.96699477 ] ] ], [ [ [ -76.9009748, 38.96670285 ], [ -76.90053973, 38.96747701 ], [ -76.90022539, 38.96803632 ], [ -76.90111983, 38.96644479 ], [ -76.9009748, 38.96670285 ] ] ], [ [ [ -77.14769754, 38.96375788 ], [ -77.14866163, 38.96341694 ], [ -77.1475596, 38.96237158 ], [ -77.14879598, 38.96228892 ], [ -77.14900384, 38.96286441 ], [ -77.15153687, 38.96271086 ], [ -77.15241093, 38.96436056 ], [ -77.1511735, 38.96488688 ], [ -77.15401968, 38.96489398 ], [ -77.15475413, 38.9645711 ], [ -77.15407124, 38.96391998 ], [ -77.1544588, 38.96338282 ], [ -77.16075002, 38.96455113 ], [ -77.16235811, 38.96423438 ], [ -77.18028402, 38.96458267 ], [ -77.17904215, 38.96809779 ], [ -77.169412, 38.96687828 ], [ -77.16605109, 38.96782667 ], [ -77.16289968, 38.96732888 ], [ -77.15891456, 38.96593905 ], [ -77.14961542, 38.96527927 ], [ -77.1473371, 38.96440239 ], [ -77.14769754, 38.96375788 ] ] ], [ [ [ -76.90265888, 38.96810875 ], [ -76.90329426, 38.9668513 ], [ -76.90365138, 38.9669504 ], [ -76.90287728, 38.96807941 ], [ -76.90265888, 38.96810875 ] ] ], [ [ [ -76.90210713, 38.96884215 ], [ -76.90231642, 38.96805533 ], [ -76.90265888, 38.96810875 ], [ -76.90232831, 38.96887665 ], [ -76.90210713, 38.96884215 ] ] ], [ [ [ -77.03829872, 38.96898173 ], [ -77.03822944, 38.96924408 ], [ -77.03813163, 38.96919588 ], [ -77.03808404, 38.96901041 ], [ -77.03829872, 38.96898173 ] ] ], [ [ [ -77.04707059, 38.96952067 ], [ -77.04668147, 38.96876402 ], [ -77.04737415, 38.9685367 ], [ -77.0469168, 38.96765403 ], [ -77.04786926, 38.96734145 ], [ -77.04805475, 38.96478279 ], [ -77.0460575, 38.9639024 ], [ -77.04599243, 38.96340618 ], [ -77.04380191, 38.96164166 ], [ -77.0450119, 38.96068752 ], [ -77.04763236, 38.960518 ], [ -77.04966946, 38.96161189 ], [ -77.05240407, 38.96227394 ], [ -77.05436259, 38.96544531 ], [ -77.05381353, 38.96634928 ], [ -77.05233885, 38.96635894 ], [ -77.05081643, 38.96719014 ], [ -77.05303982, 38.96716769 ], [ -77.05276295, 38.96821712 ], [ -77.0510029, 38.96974622 ], [ -77.04707059, 38.96952067 ] ] ], [ [ [ -77.05228194, 38.96868882 ], [ -77.05262451, 38.96874183 ], [ -77.05361049, 38.96719413 ], [ -77.05380041, 38.96866261 ], [ -77.05305307, 38.96894468 ], [ -77.05349728, 38.97007676 ], [ -77.05159974, 38.97006752 ], [ -77.05228194, 38.96868882 ] ] ], [ [ [ -76.90210713, 38.96884215 ], [ -76.90180517, 38.96963635 ], [ -76.901459, 38.97013905 ], [ -76.90112247, 38.96988572 ], [ -76.90210713, 38.96884215 ] ] ], [ [ [ -77.16649808, 38.97069906 ], [ -77.17014036, 38.96999401 ], [ -77.16951952, 38.97071291 ], [ -77.16649808, 38.97069906 ] ] ], [ [ [ -77.17592969, 38.96904281 ], [ -77.17845624, 38.96946917 ], [ -77.17856334, 38.9707696 ], [ -77.17781258, 38.97097574 ], [ -77.174479, 38.96977848 ], [ -77.17214556, 38.96949062 ], [ -77.17592969, 38.96904281 ] ] ], [ [ [ -77.16446256, 38.97118298 ], [ -77.16091369, 38.97017187 ], [ -77.16784617, 38.97117473 ], [ -77.16991754, 38.97085794 ], [ -77.16811881, 38.97147654 ], [ -77.16446256, 38.97118298 ] ] ], [ [ [ -76.90092748, 38.97193599 ], [ -76.89985202, 38.97183581 ], [ -76.90084047, 38.97027733 ], [ -76.90141439, 38.97156274 ], [ -76.90092748, 38.97193599 ] ] ], [ [ [ -76.9028428, 38.9727811 ], [ -76.90304508, 38.97247961 ], [ -76.90317146, 38.97262591 ], [ -76.90311535, 38.97276589 ], [ -76.9028428, 38.9727811 ] ] ], [ [ [ -77.13618675, 38.96143905 ], [ -77.14190537, 38.96385872 ], [ -77.14333621, 38.96542896 ], [ -77.14631676, 38.96720809 ], [ -77.14738226, 38.96858053 ], [ -77.14982599, 38.97020049 ], [ -77.15397324, 38.96985102 ], [ -77.16112491, 38.97042304 ], [ -77.16435891, 38.97132762 ], [ -77.16780992, 38.97155601 ], [ -77.16964069, 38.97118972 ], [ -77.17189922, 38.96987267 ], [ -77.17340675, 38.96971161 ], [ -77.17783039, 38.97115521 ], [ -77.1785738, 38.97089656 ], [ -77.17862511, 38.97151953 ], [ -77.1776402, 38.97304301 ], [ -77.17480115, 38.97295884 ], [ -77.16980117, 38.97227004 ], [ -77.16525742, 38.97243777 ], [ -77.15726087, 38.97076895 ], [ -77.14720909, 38.97029077 ], [ -77.13618675, 38.96143905 ] ] ], [ [ [ -77.03924579, 38.97349762 ], [ -77.03886981, 38.97300725 ], [ -77.0370869, 38.9724342 ], [ -77.03709787, 38.97054516 ], [ -77.03837711, 38.97015271 ], [ -77.03817331, 38.96935836 ], [ -77.03870282, 38.96918085 ], [ -77.03836799, 38.96871939 ], [ -77.03905311, 38.96882549 ], [ -77.03919164, 38.96830079 ], [ -77.04227468, 38.96877819 ], [ -77.04222263, 38.96970083 ], [ -77.04311605, 38.96957715 ], [ -77.04360656, 38.968736 ], [ -77.04227468, 38.96877819 ], [ -77.04169746, 38.9682792 ], [ -77.04282049, 38.96804215 ], [ -77.04259204, 38.96737022 ], [ -77.04385284, 38.9677489 ], [ -77.04315964, 38.96790892 ], [ -77.04365755, 38.96850589 ], [ -77.04633811, 38.96614202 ], [ -77.04433743, 38.96636683 ], [ -77.04503092, 38.96554537 ], [ -77.04322551, 38.96494864 ], [ -77.04441643, 38.9639542 ], [ -77.04308083, 38.96332686 ], [ -77.04002562, 38.96320323 ], [ -77.0405933, 38.96273512 ], [ -77.0418935, 38.9628706 ], [ -77.04380191, 38.96164166 ], [ -77.04385806, 38.96223624 ], [ -77.04598826, 38.96416475 ], [ -77.04667335, 38.96427081 ], [ -77.04674949, 38.96500741 ], [ -77.04775895, 38.96514501 ], [ -77.04466894, 38.97051425 ], [ -77.04083541, 38.97190917 ], [ -77.0404736, 38.97251851 ], [ -77.03973631, 38.97261781 ], [ -77.04054305, 38.97301648 ], [ -77.04019653, 38.97356791 ], [ -77.03924579, 38.97349762 ] ], [ [ -77.04131251, 38.96972151 ], [ -77.04124101, 38.96878681 ], [ -77.03923463, 38.96892467 ], [ -77.04134532, 38.97005953 ], [ -77.04170648, 38.96987598 ], [ -77.04131251, 38.96972151 ] ] ], [ [ [ -77.21790876, 38.97437151 ], [ -77.21791137, 38.97357753 ], [ -77.21982959, 38.97359836 ], [ -77.2195553, 38.97408384 ], [ -77.21790876, 38.97437151 ] ] ], [ [ [ -77.18129184, 38.97422607 ], [ -77.18183218, 38.97429227 ], [ -77.18210506, 38.97486128 ], [ -77.18166924, 38.97441528 ], [ -77.18129184, 38.97422607 ] ] ], [ [ [ -77.21214247, 38.9749366 ], [ -77.21388669, 38.97431801 ], [ -77.21413355, 38.97461448 ], [ -77.21247731, 38.97642134 ], [ -77.21214247, 38.9749366 ] ] ], [ [ [ -77.2086155, 38.97670899 ], [ -77.20852463, 38.97646922 ], [ -77.20864827, 38.97658319 ], [ -77.2086155, 38.97670899 ] ] ], [ [ [ -77.05363115, 38.97708965 ], [ -77.05359453, 38.97722845 ], [ -77.05326708, 38.97711798 ], [ -77.05328854, 38.97703664 ], [ -77.05363115, 38.97708965 ] ] ], [ [ [ -77.21037398, 38.97748293 ], [ -77.20881888, 38.97712015 ], [ -77.20866362, 38.97619235 ], [ -77.2080977, 38.97534284 ], [ -77.20452722, 38.97211434 ], [ -77.20419395, 38.97121959 ], [ -77.20632554, 38.97162366 ], [ -77.21020936, 38.97458437 ], [ -77.2115498, 38.97473403 ], [ -77.21205915, 38.97591245 ], [ -77.21037398, 38.97748293 ] ] ], [ [ [ -77.05424715, 38.97745802 ], [ -77.05417733, 38.97756248 ], [ -77.05404666, 38.97746946 ], [ -77.05424715, 38.97745802 ] ] ], [ [ [ -77.05424715, 38.97745802 ], [ -77.05431637, 38.97719567 ], [ -77.0529424, 38.97642028 ], [ -77.05460057, 38.97695602 ], [ -77.05502038, 38.97757765 ], [ -77.05424715, 38.97745802 ] ] ], [ [ [ -77.06302017, 38.97799583 ], [ -77.0631351, 38.97782383 ], [ -77.06341701, 38.97791922 ], [ -77.06334258, 38.97797742 ], [ -77.06302017, 38.97799583 ] ] ], [ [ [ -77.05520577, 38.9778794 ], [ -77.05514013, 38.97812818 ], [ -77.0547571, 38.97793225 ], [ -77.05520577, 38.9778794 ] ] ], [ [ [ -77.23734251, 38.97807072 ], [ -77.23768526, 38.97812322 ], [ -77.2376167, 38.97838568 ], [ -77.23730457, 38.97821596 ], [ -77.23734251, 38.97807072 ] ] ], [ [ [ -77.06302017, 38.97799583 ], [ -77.06268653, 38.97849036 ], [ -77.06206406, 38.9783941 ], [ -77.06274484, 38.97786183 ], [ -77.06302017, 38.97799583 ] ] ], [ [ [ -77.05965979, 38.97856839 ], [ -77.05896949, 38.97825868 ], [ -77.05787749, 38.97856577 ], [ -77.05520577, 38.9778794 ], [ -77.05664419, 38.97791475 ], [ -77.05695421, 38.97755024 ], [ -77.05682897, 38.97788704 ], [ -77.05851632, 38.97835387 ], [ -77.05918448, 38.97782589 ], [ -77.06269888, 38.97783947 ], [ -77.0614421, 38.97857098 ], [ -77.05965979, 38.97856839 ] ] ], [ [ [ -77.05650701, 38.97835377 ], [ -77.0564486, 38.9785752 ], [ -77.05518778, 38.97814969 ], [ -77.05650701, 38.97835377 ] ] ], [ [ [ -77.0614421, 38.97857098 ], [ -77.0616964, 38.97867178 ], [ -77.06145256, 38.97867191 ], [ -77.0614421, 38.97857098 ] ] ], [ [ [ -77.2376167, 38.97838568 ], [ -77.23795945, 38.97843818 ], [ -77.23775999, 38.97867667 ], [ -77.2376167, 38.97838568 ] ] ], [ [ [ -77.05965979, 38.97856839 ], [ -77.06015001, 38.97869633 ], [ -77.05972026, 38.97872611 ], [ -77.05965979, 38.97856839 ] ] ], [ [ [ -77.05834029, 38.97875587 ], [ -77.05841314, 38.9786983 ], [ -77.05864523, 38.97875572 ], [ -77.0585151, 38.97875578 ], [ -77.05834029, 38.97875587 ] ] ], [ [ [ -77.05787749, 38.97856577 ], [ -77.05825123, 38.97865824 ], [ -77.05782834, 38.97875206 ], [ -77.05787749, 38.97856577 ] ] ], [ [ [ -77.22644292, 38.97885732 ], [ -77.22604852, 38.97870343 ], [ -77.22640925, 38.97851934 ], [ -77.22644292, 38.97885732 ] ] ], [ [ [ -77.25167719, 38.97814309 ], [ -77.24973734, 38.97894111 ], [ -77.24940688, 38.97862214 ], [ -77.25061997, 38.97853555 ], [ -77.25167719, 38.97814309 ] ] ], [ [ [ -77.23340214, 38.97898035 ], [ -77.23354578, 38.97895903 ], [ -77.23350361, 38.9791204 ], [ -77.23330087, 38.97908934 ], [ -77.23340214, 38.97898035 ] ] ], [ [ [ -77.23638276, 38.97901555 ], [ -77.23678746, 38.97921403 ], [ -77.23631419, 38.97927801 ], [ -77.23638276, 38.97901555 ] ] ], [ [ [ -77.23336646, 38.97964532 ], [ -77.23285123, 38.97956637 ], [ -77.23320517, 38.97919232 ], [ -77.23336646, 38.97964532 ] ] ], [ [ [ -77.05129147, 38.9805506 ], [ -77.0513607, 38.98028824 ], [ -77.0520258, 38.97981596 ], [ -77.05197671, 38.98065663 ], [ -77.05129147, 38.9805506 ] ] ], [ [ [ -77.05197671, 38.98065663 ], [ -77.0521271, 38.9807307 ], [ -77.05215136, 38.98088639 ], [ -77.05190748, 38.98091899 ], [ -77.05197671, 38.98065663 ] ] ], [ [ [ -77.03721032, 38.98089929 ], [ -77.03764519, 38.98080246 ], [ -77.03753614, 38.98093155 ], [ -77.03721032, 38.98089929 ] ] ], [ [ [ -77.03811634, 38.98098899 ], [ -77.038164, 38.980882 ], [ -77.03818029, 38.98099532 ], [ -77.03811634, 38.98098899 ] ] ], [ [ [ -77.04361164, 38.98127353 ], [ -77.04468619, 38.98080198 ], [ -77.04522684, 38.97966163 ], [ -77.04450835, 38.97922774 ], [ -77.04423868, 38.97754755 ], [ -77.04355348, 38.97744148 ], [ -77.04260566, 38.97609365 ], [ -77.04040831, 38.97449686 ], [ -77.04112353, 38.97224166 ], [ -77.04185539, 38.97171709 ], [ -77.04429108, 38.97143258 ], [ -77.04418787, 38.97098592 ], [ -77.04501152, 38.97056728 ], [ -77.04576957, 38.9690462 ], [ -77.04679727, 38.96920529 ], [ -77.04700135, 38.96978302 ], [ -77.05304268, 38.97057375 ], [ -77.05334838, 38.97097373 ], [ -77.0519556, 38.97931268 ], [ -77.05004887, 38.97945937 ], [ -77.04909724, 38.9807572 ], [ -77.04744976, 38.98159452 ], [ -77.04491287, 38.98174802 ], [ -77.04361164, 38.98127353 ] ] ], [ [ [ -77.0430538, 38.98473714 ], [ -77.04350672, 38.98485106 ], [ -77.04302028, 38.98486407 ], [ -77.0430538, 38.98473714 ] ] ], [ [ [ -77.04497111, 38.98558006 ], [ -77.04497083, 38.98558048 ], [ -77.04497037, 38.98558011 ], [ -77.04497111, 38.98558006 ] ] ], [ [ [ -77.05203178, 38.98585347 ], [ -77.04751176, 38.98406177 ], [ -77.04244152, 38.98300391 ], [ -77.04288445, 38.98195485 ], [ -77.04866142, 38.98162337 ], [ -77.04964759, 38.98002315 ], [ -77.05131564, 38.97962366 ], [ -77.0513607, 38.98028824 ], [ -77.05088727, 38.98035152 ], [ -77.05226799, 38.98163481 ], [ -77.05262203, 38.98390683 ], [ -77.05430289, 38.9855625 ], [ -77.05340238, 38.98606552 ], [ -77.05203178, 38.98585347 ] ] ], [ [ [ -77.03963122, 38.98284191 ], [ -77.04089599, 38.98391682 ], [ -77.04125722, 38.98373327 ], [ -77.0399244, 38.98255729 ], [ -77.03901184, 38.98256567 ], [ -77.03923575, 38.98107756 ], [ -77.03696546, 38.98033332 ], [ -77.03720607, 38.97309588 ], [ -77.03897248, 38.97318223 ], [ -77.0389032, 38.97344458 ], [ -77.04056991, 38.9749459 ], [ -77.04129754, 38.9751807 ], [ -77.04224533, 38.97652854 ], [ -77.0430068, 38.9768107 ], [ -77.04450835, 38.97922774 ], [ -77.04443541, 38.98085489 ], [ -77.0426645, 38.98158425 ], [ -77.0420264, 38.98267404 ], [ -77.04244152, 38.98300391 ], [ -77.04241191, 38.98609116 ], [ -77.03990932, 38.98486244 ], [ -77.0394608, 38.98405504 ], [ -77.04008758, 38.98350634 ], [ -77.03963122, 38.98284191 ] ] ], [ [ [ -77.24600297, 38.98612909 ], [ -77.24599402, 38.98610981 ], [ -77.24601043, 38.98612866 ], [ -77.24600297, 38.98612909 ] ] ], [ [ [ -77.24556903, 38.98615451 ], [ -77.24567226, 38.9859993 ], [ -77.24574612, 38.98614414 ], [ -77.24556903, 38.98615451 ] ] ], [ [ [ -77.05340238, 38.98606552 ], [ -77.05361811, 38.98609889 ], [ -77.05333504, 38.98632072 ], [ -77.05340238, 38.98606552 ] ] ], [ [ [ -77.22636714, 38.98613464 ], [ -77.22647047, 38.98612747 ], [ -77.22626817, 38.98664971 ], [ -77.22631272, 38.98634967 ], [ -77.22636714, 38.98613464 ] ] ], [ [ [ -77.04195159, 38.9877557 ], [ -77.04197141, 38.98774573 ], [ -77.04197871, 38.98775416 ], [ -77.04195159, 38.9877557 ] ] ], [ [ [ -77.04325049, 38.98804449 ], [ -77.04266359, 38.98782702 ], [ -77.04224611, 38.98660359 ], [ -77.04276459, 38.98672484 ], [ -77.04325049, 38.98804449 ] ] ], [ [ [ -76.90473601, 38.98733058 ], [ -76.90517298, 38.987219 ], [ -76.90567637, 38.98807508 ], [ -76.90476489, 38.98760662 ], [ -76.90473601, 38.98733058 ] ] ], [ [ [ -77.25689149, 38.98584023 ], [ -77.25762893, 38.98268031 ], [ -77.26231026, 38.98537 ], [ -77.25807199, 38.98820351 ], [ -77.2561991, 38.98823731 ], [ -77.25689149, 38.98584023 ] ] ], [ [ [ -77.04325049, 38.98804449 ], [ -77.04350469, 38.9882028 ], [ -77.04333309, 38.98840702 ], [ -77.04325049, 38.98804449 ] ] ], [ [ [ -77.04116432, 38.98815979 ], [ -77.04139482, 38.98803804 ], [ -77.04079356, 38.98842871 ], [ -77.04094985, 38.98830672 ], [ -77.04116432, 38.98815979 ] ] ], [ [ [ -76.90626834, 38.98806576 ], [ -76.90593066, 38.98865611 ], [ -76.90559303, 38.98841196 ], [ -76.90557404, 38.98823054 ], [ -76.90626834, 38.98806576 ] ] ], [ [ [ -77.04041882, 38.98873485 ], [ -77.04051224, 38.98865741 ], [ -77.04044233, 38.98876196 ], [ -77.04041882, 38.98873485 ] ] ], [ [ [ -76.88713608, 38.98890509 ], [ -76.88532521, 38.98907764 ], [ -76.88378129, 38.98840872 ], [ -76.88237751, 38.98685187 ], [ -76.88387784, 38.98170117 ], [ -76.89134752, 38.97264801 ], [ -76.89439648, 38.97220182 ], [ -76.89721403, 38.97257979 ], [ -76.8934651, 38.97705809 ], [ -76.88875624, 38.98697159 ], [ -76.88713608, 38.98890509 ] ] ], [ [ [ -76.88713608, 38.98890509 ], [ -76.88752982, 38.98906005 ], [ -76.88716818, 38.98924315 ], [ -76.88713608, 38.98890509 ] ] ], [ [ [ -77.03968939, 38.98970945 ], [ -77.03974483, 38.98962655 ], [ -77.03977003, 38.98965562 ], [ -77.03968939, 38.98970945 ] ] ], [ [ [ -77.22578414, 38.98938073 ], [ -77.22581409, 38.98913582 ], [ -77.2259346, 38.9897371 ], [ -77.22585618, 38.98967291 ], [ -77.22578414, 38.98938073 ] ] ], [ [ [ -77.0392004, 38.98987521 ], [ -77.03897137, 38.98983975 ], [ -77.0391611, 38.98970269 ], [ -77.0392004, 38.98987521 ] ] ], [ [ [ -77.0392004, 38.98987521 ], [ -77.03939574, 38.98990545 ], [ -77.03914782, 38.99007429 ], [ -77.0392004, 38.98987521 ] ] ], [ [ [ -77.03878845, 38.99008451 ], [ -77.03868789, 38.99005092 ], [ -77.03882469, 38.98994733 ], [ -77.03878845, 38.99008451 ] ] ], [ [ [ -77.03878845, 38.99008451 ], [ -77.03907057, 38.99012819 ], [ -77.03890511, 38.99024361 ], [ -77.03878845, 38.99008451 ] ] ], [ [ [ -77.04722021, 38.99057039 ], [ -77.04679527, 38.99043332 ], [ -77.04667046, 38.99013894 ], [ -77.04718575, 38.98999154 ], [ -77.04722021, 38.99057039 ] ] ], [ [ [ -77.04399768, 38.99061781 ], [ -77.04377244, 38.98986346 ], [ -77.04344281, 38.98943963 ], [ -77.04427651, 38.98960063 ], [ -77.04399768, 38.99061781 ] ] ], [ [ [ -77.04722021, 38.99057039 ], [ -77.04787319, 38.98990182 ], [ -77.04717489, 38.98944842 ], [ -77.04849735, 38.98925922 ], [ -77.04758498, 38.98682889 ], [ -77.04497111, 38.98558006 ], [ -77.04461735, 38.98488183 ], [ -77.04345509, 38.98441965 ], [ -77.04271116, 38.9846841 ], [ -77.04271488, 38.9833193 ], [ -77.0474425, 38.98432412 ], [ -77.05332712, 38.98632694 ], [ -77.04745137, 38.99091395 ], [ -77.04722021, 38.99057039 ] ] ], [ [ [ -76.90056543, 38.99072739 ], [ -76.90096928, 38.99092696 ], [ -76.90049564, 38.99098966 ], [ -76.90056543, 38.99072739 ] ] ], [ [ [ -76.90015308, 38.99093623 ], [ -76.90049564, 38.99098966 ], [ -76.90022421, 38.99125117 ], [ -76.90015308, 38.99093623 ] ] ], [ [ [ -76.89898581, 38.99130047 ], [ -76.89937958, 38.99145539 ], [ -76.89901796, 38.99163853 ], [ -76.89898581, 38.99130047 ] ] ], [ [ [ -77.04399768, 38.99061781 ], [ -77.04462005, 38.99071414 ], [ -77.04440593, 38.99177329 ], [ -77.04424268, 38.99162909 ], [ -77.04399768, 38.99061781 ] ] ], [ [ [ -77.04433666, 38.99203565 ], [ -77.04440593, 38.99177329 ], [ -77.04465375, 38.99181165 ], [ -77.04466495, 38.99208645 ], [ -77.04433666, 38.99203565 ] ] ], [ [ [ -77.24842706, 38.99264877 ], [ -77.2477782, 38.99254596 ], [ -77.24789631, 38.9918769 ], [ -77.24798417, 38.99188187 ], [ -77.24842706, 38.99264877 ] ] ], [ [ [ -77.04433666, 38.99203565 ], [ -77.04468972, 38.99269415 ], [ -77.04547669, 38.99243275 ], [ -77.04422171, 38.99297095 ], [ -77.04433666, 38.99203565 ] ] ], [ [ [ -77.24872343, 38.99318834 ], [ -77.24872817, 38.99317018 ], [ -77.24874013, 38.99319089 ], [ -77.24872343, 38.99318834 ] ] ], [ [ [ -77.24687222, 38.9934509 ], [ -77.24678527, 38.99346266 ], [ -77.24742591, 38.99227145 ], [ -77.24758658, 38.9926613 ], [ -77.24687222, 38.9934509 ] ] ], [ [ [ -77.04357834, 38.99355673 ], [ -77.04391069, 38.99297348 ], [ -77.04392102, 38.99360976 ], [ -77.04357834, 38.99355673 ] ] ], [ [ [ -77.04392102, 38.99360976 ], [ -77.0439375, 38.99360638 ], [ -77.04391799, 38.99362123 ], [ -77.04392102, 38.99360976 ] ] ], [ [ [ -77.24687222, 38.9934509 ], [ -77.24727703, 38.99364935 ], [ -77.24680368, 38.99371337 ], [ -77.24687222, 38.9934509 ] ] ], [ [ [ -77.24964471, 38.99375569 ], [ -77.24960072, 38.99365717 ], [ -77.24973508, 38.99370956 ], [ -77.24964471, 38.99375569 ] ] ], [ [ [ -77.04350906, 38.99381908 ], [ -77.0436328, 38.99383823 ], [ -77.04353107, 38.99391564 ], [ -77.04350906, 38.99381908 ] ] ], [ [ [ -76.8838512, 38.99395375 ], [ -76.88386745, 38.9935478 ], [ -76.8842665, 38.99366686 ], [ -76.88416889, 38.99373429 ], [ -76.8838512, 38.99395375 ] ] ], [ [ [ -77.24680368, 38.99371337 ], [ -77.24654375, 38.99398939 ], [ -77.24669479, 38.99365999 ], [ -77.24680368, 38.99371337 ] ] ], [ [ [ -76.88699172, 38.99409372 ], [ -76.88733837, 38.99432289 ], [ -76.8873482, 38.9943294 ], [ -76.88671008, 38.99399572 ], [ -76.88699172, 38.99409372 ] ] ], [ [ [ -77.25242603, 38.99402793 ], [ -77.25276886, 38.99408039 ], [ -77.25270034, 38.99434286 ], [ -77.25235751, 38.9942904 ], [ -77.25242603, 38.99402793 ] ] ], [ [ [ -77.24875671, 38.99483773 ], [ -77.24901755, 38.99446939 ], [ -77.24941287, 38.99471833 ], [ -77.24910087, 38.99467057 ], [ -77.24875671, 38.99483773 ] ] ], [ [ [ -77.24803568, 38.99477656 ], [ -77.24820989, 38.99468763 ], [ -77.24823309, 38.99491978 ], [ -77.24803568, 38.99477656 ] ] ], [ [ [ -77.04357834, 38.99355673 ], [ -77.04282105, 38.99445589 ], [ -77.04169017, 38.99502816 ], [ -77.0425992, 38.99401409 ], [ -77.04357834, 38.99355673 ] ] ], [ [ [ -77.24891669, 38.99505216 ], [ -77.2492219, 38.99493315 ], [ -77.24953348, 38.99500203 ], [ -77.24953305, 38.99500377 ], [ -77.24891669, 38.99505216 ] ] ], [ [ [ -77.24835133, 38.99527259 ], [ -77.2484589, 38.99523065 ], [ -77.2483273, 38.995388 ], [ -77.24830511, 38.99529184 ], [ -77.24835133, 38.99527259 ] ] ], [ [ [ -76.90017276, 38.97209139 ], [ -76.90244751, 38.97212284 ], [ -76.9028428, 38.9727811 ], [ -76.90248533, 38.97433762 ], [ -76.90336781, 38.97436015 ], [ -76.90389094, 38.97430633 ], [ -76.90499777, 38.97199582 ], [ -76.91425573, 38.97224568 ], [ -76.91201141, 38.97624149 ], [ -76.91094912, 38.98068197 ], [ -76.90816892, 38.98420986 ], [ -76.90682286, 38.98780758 ], [ -76.90626834, 38.98806576 ], [ -76.90556415, 38.98692135 ], [ -76.90589543, 38.98622143 ], [ -76.90539638, 38.98514742 ], [ -76.90606931, 38.98326585 ], [ -76.90519368, 38.98286241 ], [ -76.90319822, 38.98349737 ], [ -76.90338305, 38.98520435 ], [ -76.90446679, 38.9859618 ], [ -76.90322931, 38.98607464 ], [ -76.90349794, 38.98773151 ], [ -76.9025448, 38.98948065 ], [ -76.90015308, 38.99093623 ], [ -76.89704821, 38.99181635 ], [ -76.89747693, 38.99229164 ], [ -76.89700995, 38.99261983 ], [ -76.89792423, 38.9932244 ], [ -76.90151015, 38.99319725 ], [ -76.90000018, 38.99487584 ], [ -76.89835066, 38.99571119 ], [ -76.89585737, 38.99559007 ], [ -76.89533601, 38.99495947 ], [ -76.89360535, 38.99523872 ], [ -76.89291838, 38.99467203 ], [ -76.89522705, 38.99412326 ], [ -76.89550391, 38.9929627 ], [ -76.89422198, 38.99206232 ], [ -76.89313297, 38.99383254 ], [ -76.89078136, 38.99499013 ], [ -76.88881304, 38.99400978 ], [ -76.89087491, 38.99394969 ], [ -76.88893932, 38.99279358 ], [ -76.88864832, 38.99060846 ], [ -76.89169092, 38.98710229 ], [ -76.89602862, 38.97770556 ], [ -76.89912253, 38.97296148 ], [ -76.90017276, 38.97209139 ] ] ], [ [ [ -77.2583916, 38.99575948 ], [ -77.25851339, 38.99551583 ], [ -77.25855613, 38.99586175 ], [ -77.2583916, 38.99575948 ] ] ], [ [ [ -77.23233628, 38.99586541 ], [ -77.23279362, 38.99593547 ], [ -77.23230827, 38.9959726 ], [ -77.23233628, 38.99586541 ] ] ], [ [ [ -77.23480468, 38.99597054 ], [ -77.2348529, 38.99597793 ], [ -77.23468402, 38.99608815 ], [ -77.23480468, 38.99597054 ] ] ], [ [ [ -76.877752, 38.99622647 ], [ -76.87811944, 38.9959656 ], [ -76.87883409, 38.9961725 ], [ -76.87760955, 38.99627525 ], [ -76.877752, 38.99622647 ] ] ], [ [ [ -77.25270034, 38.99434286 ], [ -77.25353142, 38.99433355 ], [ -77.25246075, 38.99342749 ], [ -77.25210001, 38.99361166 ], [ -77.25242603, 38.99402793 ], [ -77.25178781, 38.99440607 ], [ -77.24932964, 38.99305013 ], [ -77.24471518, 38.9826306 ], [ -77.24077151, 38.98098499 ], [ -77.23885161, 38.97957645 ], [ -77.2376017, 38.97776082 ], [ -77.23703468, 38.97794293 ], [ -77.23527414, 38.97646653 ], [ -77.23515152, 38.97501122 ], [ -77.23726104, 38.97457329 ], [ -77.23907043, 38.97648643 ], [ -77.23789817, 38.97444945 ], [ -77.24190519, 38.97179146 ], [ -77.24258279, 38.97284793 ], [ -77.24264812, 38.97632273 ], [ -77.24470288, 38.97492594 ], [ -77.24964208, 38.97954202 ], [ -77.25338442, 38.97820947 ], [ -77.25495637, 38.98090661 ], [ -77.25669057, 38.98210211 ], [ -77.25630866, 38.98537961 ], [ -77.25507733, 38.98843686 ], [ -77.25551951, 38.9912436 ], [ -77.25420922, 38.99675736 ], [ -77.25349241, 38.99484843 ], [ -77.25270034, 38.99434286 ] ] ], [ [ [ -76.87410443, 38.99744206 ], [ -76.87436782, 38.99735477 ], [ -76.87406804, 38.99746592 ], [ -76.87410443, 38.99744206 ] ] ], [ [ [ -77.25420922, 38.99675736 ], [ -77.25492512, 38.99726739 ], [ -77.25406778, 38.99792802 ], [ -77.25420922, 38.99675736 ] ] ], [ [ [ -77.24844985, 38.99969743 ], [ -77.2485184, 38.99943496 ], [ -77.24884347, 38.99948471 ], [ -77.24879271, 38.9997499 ], [ -77.24844985, 38.99969743 ] ] ], [ [ [ -77.24928829, 38.999851 ], [ -77.24916548, 38.99882476 ], [ -77.24920971, 38.99872842 ], [ -77.2497501, 38.99931427 ], [ -77.24928829, 38.999851 ] ] ], [ [ [ -77.24701, 39.0011148 ], [ -77.24707855, 39.00085234 ], [ -77.24742141, 39.00090481 ], [ -77.24735286, 39.00116728 ], [ -77.24701, 39.0011148 ] ] ], [ [ [ -77.25458162, 38.99887401 ], [ -77.25460026, 38.99833842 ], [ -77.25570259, 38.99915893 ], [ -77.25590795, 39.00086191 ], [ -77.25557003, 39.00125725 ], [ -77.25430448, 38.99906331 ], [ -77.25458162, 38.99887401 ] ] ], [ [ [ -76.87006062, 38.99898594 ], [ -76.87122116, 38.99860918 ], [ -76.86734644, 39.00130538 ], [ -76.86805331, 39.00026526 ], [ -76.87006062, 38.99898594 ] ] ], [ [ [ -77.25054391, 39.000569 ], [ -77.2498747, 39.00027014 ], [ -77.24946707, 39.00061715 ], [ -77.24988341, 38.99925268 ], [ -77.24982672, 38.99892973 ], [ -77.25062161, 38.99871591 ], [ -77.24918978, 38.99839204 ], [ -77.24918947, 38.99800154 ], [ -77.24946042, 38.99674393 ], [ -77.25079607, 38.99697226 ], [ -77.25135948, 38.99649271 ], [ -77.25203933, 38.99720209 ], [ -77.25125011, 38.99823779 ], [ -77.25186437, 38.99847562 ], [ -77.25166512, 38.99976096 ], [ -77.25142442, 39.00078829 ], [ -77.25067859, 39.00141336 ], [ -77.25054391, 39.000569 ] ] ], [ [ [ -77.24234713, 39.00121993 ], [ -77.24225696, 39.00069845 ], [ -77.2393447, 39.00075059 ], [ -77.23834244, 38.99880595 ], [ -77.23850832, 38.99595024 ], [ -77.23645534, 38.99527811 ], [ -77.23480468, 38.99597054 ], [ -77.23240488, 38.99560295 ], [ -77.23149672, 38.9959645 ], [ -77.23012847, 38.99502897 ], [ -77.22862219, 38.99209009 ], [ -77.22681921, 38.99065944 ], [ -77.22639906, 38.98836905 ], [ -77.22748712, 38.98244199 ], [ -77.2244113, 38.98109366 ], [ -77.22236563, 38.97940897 ], [ -77.21515847, 38.97836259 ], [ -77.20986037, 38.97862855 ], [ -77.20462651, 38.97685819 ], [ -77.1983773, 38.97304101 ], [ -77.19904313, 38.97254006 ], [ -77.20046535, 38.9732349 ], [ -77.20114204, 38.97426648 ], [ -77.20245213, 38.97517775 ], [ -77.20348026, 38.97533554 ], [ -77.2048536, 38.97645694 ], [ -77.20582701, 38.97636092 ], [ -77.20560121, 38.97588748 ], [ -77.20471375, 38.9760708 ], [ -77.20354894, 38.9750731 ], [ -77.2019041, 38.97454767 ], [ -77.20015347, 38.97247404 ], [ -77.19920676, 38.97229326 ], [ -77.19895117, 38.97164194 ], [ -77.20005347, 38.97126079 ], [ -77.19890906, 38.97032201 ], [ -77.19751474, 38.97032068 ], [ -77.19858808, 38.97162739 ], [ -77.19806959, 38.97285476 ], [ -77.19531171, 38.97161505 ], [ -77.19078177, 38.97111986 ], [ -77.18242649, 38.97178884 ], [ -77.18111481, 38.97225274 ], [ -77.18117421, 38.97261551 ], [ -77.18054257, 38.9727043 ], [ -77.18028008, 38.97225881 ], [ -77.17973515, 38.97281779 ], [ -77.18020271, 38.96980263 ], [ -77.18445875, 38.96971731 ], [ -77.18835896, 38.9689014 ], [ -77.19144863, 38.9700558 ], [ -77.19393597, 38.97039095 ], [ -77.19858064, 38.96970635 ], [ -77.20285749, 38.97124575 ], [ -77.20860955, 38.97673184 ], [ -77.20809438, 38.9775063 ], [ -77.20973149, 38.9781645 ], [ -77.21345638, 38.97608095 ], [ -77.21525323, 38.97373039 ], [ -77.21650628, 38.97390226 ], [ -77.21782375, 38.9754841 ], [ -77.22066481, 38.97523025 ], [ -77.22416308, 38.97570225 ], [ -77.22578515, 38.97762944 ], [ -77.22511795, 38.97813895 ], [ -77.22614959, 38.9794328 ], [ -77.22644292, 38.97885732 ], [ -77.22756614, 38.97942133 ], [ -77.22818687, 38.98041248 ], [ -77.23100053, 38.98234528 ], [ -77.23136127, 38.98216117 ], [ -77.23048736, 38.98110521 ], [ -77.23080687, 38.98086284 ], [ -77.23275327, 38.97966281 ], [ -77.23292804, 38.97995894 ], [ -77.23430103, 38.97935399 ], [ -77.23487461, 38.97933044 ], [ -77.23479544, 38.98021771 ], [ -77.23528711, 38.97958703 ], [ -77.23471825, 38.97884021 ], [ -77.23629165, 38.97880547 ], [ -77.23555185, 38.97902475 ], [ -77.23631419, 38.97927801 ], [ -77.23570079, 38.9800076 ], [ -77.23673518, 38.97972262 ], [ -77.23791424, 38.98072078 ], [ -77.23805982, 38.9813775 ], [ -77.23733687, 38.9811792 ], [ -77.23728817, 38.98191333 ], [ -77.23837248, 38.98161452 ], [ -77.23961815, 38.98222861 ], [ -77.23967313, 38.98279508 ], [ -77.23880525, 38.98300363 ], [ -77.23933818, 38.98338633 ], [ -77.2403944, 38.98235549 ], [ -77.24400759, 38.9829859 ], [ -77.24409884, 38.98428287 ], [ -77.24471547, 38.98477046 ], [ -77.24539414, 38.98601631 ], [ -77.24595264, 38.98656928 ], [ -77.24747754, 38.99127 ], [ -77.24584371, 38.99473276 ], [ -77.24907198, 38.99591434 ], [ -77.24807968, 39.00068755 ], [ -77.24742141, 39.00090481 ], [ -77.24745166, 38.99997901 ], [ -77.24550144, 39.00142982 ], [ -77.24234713, 39.00121993 ] ], [ [ -77.2442666, 38.98977653 ], [ -77.24415982, 38.98856572 ], [ -77.24355844, 38.98917537 ], [ -77.24430036, 38.9901145 ], [ -77.2446611, 38.98993036 ], [ -77.2442666, 38.98977653 ] ], [ [ -77.24248396, 38.98704696 ], [ -77.24067741, 38.9852264 ], [ -77.23766769, 38.98339291 ], [ -77.23407089, 38.98312797 ], [ -77.23354067, 38.98345646 ], [ -77.23343349, 38.98430958 ], [ -77.23797022, 38.98456695 ], [ -77.23962225, 38.98520955 ], [ -77.24258322, 38.98740869 ], [ -77.24324453, 38.98727404 ], [ -77.24248396, 38.98704696 ] ], [ [ -77.23336618, 38.98237492 ], [ -77.23401165, 38.98237411 ], [ -77.23372801, 38.98154708 ], [ -77.23336618, 38.98237492 ], [ -77.23260365, 38.98234406 ], [ -77.23310321, 38.98294027 ], [ -77.23336618, 38.98237492 ] ], [ [ -77.21854293, 38.97816044 ], [ -77.21906942, 38.97801154 ], [ -77.2169771, 38.97800378 ], [ -77.21854293, 38.97816044 ] ], [ [ -77.21587561, 38.97785699 ], [ -77.21518635, 38.97776513 ], [ -77.21462667, 38.97771216 ], [ -77.21519076, 38.97776742 ], [ -77.21587561, 38.97785699 ] ], [ [ -77.22071855, 38.97763674 ], [ -77.22029187, 38.97772086 ], [ -77.22236165, 38.97781156 ], [ -77.22071855, 38.97763674 ] ] ], [ [ [ -77.2557702, 39.00160427 ], [ -77.2556264, 39.00135498 ], [ -77.25625152, 39.00152528 ], [ -77.25575144, 39.00177102 ], [ -77.2557702, 39.00160427 ] ] ], [ [ [ -77.24960558, 39.00148217 ], [ -77.24948781, 39.00122594 ], [ -77.25020821, 39.00171824 ], [ -77.24987453, 39.00193363 ], [ -77.24960558, 39.00148217 ] ] ], [ [ [ -77.26312467, 39.0022153 ], [ -77.263176, 39.00224046 ], [ -77.26327086, 39.00244871 ], [ -77.26305617, 39.00247778 ], [ -77.26312467, 39.0022153 ] ] ], [ [ [ -77.25050291, 39.00266787 ], [ -77.25095418, 39.00254145 ], [ -77.25158198, 39.00330485 ], [ -77.25152802, 39.00409194 ], [ -77.25103089, 39.00407278 ], [ -77.25050291, 39.00266787 ] ] ], [ [ [ -76.8636678, 39.00366082 ], [ -76.86445882, 39.0034784 ], [ -76.86319171, 39.00446674 ], [ -76.86351192, 39.0039247 ], [ -76.8636678, 39.00366082 ] ] ], [ [ [ -77.25139911, 39.00478899 ], [ -77.25096386, 39.00481449 ], [ -77.25061743, 39.00428813 ], [ -77.25128464, 39.00461993 ], [ -77.25139911, 39.00478899 ] ] ], [ [ [ -77.24502162, 39.00463189 ], [ -77.2453645, 39.00468437 ], [ -77.24529594, 39.00494683 ], [ -77.24495306, 39.00489435 ], [ -77.24502162, 39.00463189 ] ] ], [ [ [ -76.86284345, 39.00518466 ], [ -76.86285967, 39.00513886 ], [ -76.86290145, 39.00515531 ], [ -76.86284345, 39.00518466 ] ] ], [ [ [ -77.25139911, 39.00478899 ], [ -77.25220661, 39.00630477 ], [ -77.25209275, 39.00652976 ], [ -77.25098419, 39.00484539 ], [ -77.25139911, 39.00478899 ] ] ], [ [ [ -77.2583916, 38.99575948 ], [ -77.25835701, 38.99614844 ], [ -77.25676788, 38.99675699 ], [ -77.25913096, 38.9993337 ], [ -77.26001984, 38.99944616 ], [ -77.26011239, 39.00044762 ], [ -77.25944936, 39.00112008 ], [ -77.26265884, 39.00110511 ], [ -77.26312467, 39.0022153 ], [ -77.26265127, 39.00227939 ], [ -77.26305617, 39.00247778 ], [ -77.2627137, 39.00379015 ], [ -77.2622722, 39.00381607 ], [ -77.26251283, 39.00409223 ], [ -77.26356935, 39.00328407 ], [ -77.26457144, 39.00611288 ], [ -77.2575033, 39.00664502 ], [ -77.25795683, 39.00317488 ], [ -77.25679526, 39.0013431 ], [ -77.25593585, 38.99769577 ], [ -77.25536522, 38.99706803 ], [ -77.25586381, 38.99338782 ], [ -77.2565816, 38.99348017 ], [ -77.25665128, 38.99470579 ], [ -77.25607638, 38.99469574 ], [ -77.25794965, 38.99498284 ], [ -77.2583916, 38.99575948 ] ] ], [ [ [ -77.2556686, 39.00250742 ], [ -77.25604329, 39.00182475 ], [ -77.25722504, 39.00327966 ], [ -77.25678044, 39.00669944 ], [ -77.25468032, 39.00685247 ], [ -77.25546324, 39.00500506 ], [ -77.2556686, 39.00250742 ] ] ], [ [ [ -76.85996221, 39.01234334 ], [ -76.85998385, 39.01233839 ], [ -76.85994726, 39.01244029 ], [ -76.85996221, 39.01234334 ] ] ], [ [ [ -76.85865305, 39.02078888 ], [ -76.85854299, 39.0202045 ], [ -76.86357543, 39.00725385 ], [ -76.85956804, 39.01876361 ], [ -76.86032359, 39.018764 ], [ -76.85972708, 39.01939924 ], [ -76.85920028, 39.02150898 ], [ -76.85865305, 39.02078888 ] ] ], [ [ [ -76.85865305, 39.02078888 ], [ -76.85883974, 39.02150771 ], [ -76.85842374, 39.02150624 ], [ -76.8539129, 39.03118831 ], [ -76.85809866, 39.0210572 ], [ -76.85865305, 39.02078888 ] ] ], [ [ [ -77.24337675, 39.0314032 ], [ -77.24329108, 39.03173101 ], [ -77.24286972, 39.03149422 ], [ -77.24306165, 39.0312804 ], [ -77.24337675, 39.0314032 ] ] ], [ [ [ -77.24287671, 39.03218286 ], [ -77.24326085, 39.03184667 ], [ -77.24304628, 39.03223171 ], [ -77.24287671, 39.03218286 ] ] ], [ [ [ -76.85226106, 39.03107777 ], [ -76.85186039, 39.0320283 ], [ -76.85109312, 39.03234267 ], [ -76.85162761, 39.03176381 ], [ -76.85226106, 39.03107777 ] ] ], [ [ [ -76.85348496, 39.03267544 ], [ -76.8538023, 39.03159922 ], [ -76.85467041, 39.03283486 ], [ -76.85452666, 39.03285531 ], [ -76.85348496, 39.03267544 ] ] ], [ [ [ -76.85057183, 39.0329072 ], [ -76.85065506, 39.03281707 ], [ -76.85031883, 39.03334604 ], [ -76.85020327, 39.03330634 ], [ -76.85057183, 39.0329072 ] ] ], [ [ [ -77.24811039, 39.03376519 ], [ -77.24808206, 39.03348192 ], [ -77.2482969, 39.03379372 ], [ -77.24811039, 39.03376519 ] ] ], [ [ [ -76.85003735, 39.03397027 ], [ -76.85017614, 39.03394388 ], [ -76.85028901, 39.03492869 ], [ -76.85017038, 39.03447691 ], [ -76.85003735, 39.03397027 ] ] ], [ [ [ -77.24337675, 39.0314032 ], [ -77.24049478, 39.02680406 ], [ -77.23764771, 39.02421543 ], [ -77.23711442, 39.0223302 ], [ -77.23489357, 39.02337251 ], [ -77.23415755, 39.02165184 ], [ -77.23579073, 39.01865384 ], [ -77.2352366, 39.01817004 ], [ -77.2359708, 39.01631983 ], [ -77.23642119, 39.01620527 ], [ -77.23658231, 39.01242713 ], [ -77.24201884, 39.00579794 ], [ -77.24222646, 39.00120146 ], [ -77.24433574, 39.00179731 ], [ -77.24701, 39.0011148 ], [ -77.24628955, 39.00239132 ], [ -77.24678835, 39.00284738 ], [ -77.24693253, 39.00205137 ], [ -77.24843386, 39.00124142 ], [ -77.24859653, 39.00201762 ], [ -77.24887743, 39.00158227 ], [ -77.24859341, 39.00272512 ], [ -77.2463909, 39.00600409 ], [ -77.24515717, 39.00974585 ], [ -77.24169443, 39.01596059 ], [ -77.2411657, 39.01805202 ], [ -77.23750241, 39.02227339 ], [ -77.23784841, 39.02397334 ], [ -77.24127901, 39.02720516 ], [ -77.24255061, 39.02960395 ], [ -77.24752653, 39.03290223 ], [ -77.24844564, 39.03445742 ], [ -77.25002137, 39.03566658 ], [ -77.2527775, 39.03621323 ], [ -77.25493506, 39.03777812 ], [ -77.25440035, 39.03836371 ], [ -77.25029176, 39.03684262 ], [ -77.24708431, 39.03330379 ], [ -77.24408758, 39.03178069 ], [ -77.24363962, 39.03192502 ], [ -77.24374334, 39.03182396 ], [ -77.24449875, 39.03166338 ], [ -77.24394772, 39.03128518 ], [ -77.24337675, 39.0314032 ] ], [ [ -77.23851073, 39.01779923 ], [ -77.23809506, 39.01749262 ], [ -77.23788331, 39.01892178 ], [ -77.23851073, 39.01779923 ] ], [ [ -77.24529594, 39.00494683 ], [ -77.24576937, 39.00488282 ], [ -77.24528087, 39.00432197 ], [ -77.24457455, 39.00472699 ], [ -77.24493412, 39.00577471 ], [ -77.24529594, 39.00494683 ] ] ], [ [ [ -76.84998372, 39.0385571 ], [ -76.85111889, 39.03621326 ], [ -76.85308431, 39.03399944 ], [ -76.85351808, 39.03404696 ], [ -76.85178205, 39.03562582 ], [ -76.85066, 39.03781916 ], [ -76.85093499, 39.03886238 ], [ -76.84998372, 39.0385571 ] ] ], [ [ [ -77.25778457, 39.03906603 ], [ -77.25661584, 39.03934095 ], [ -77.25604734, 39.03883586 ], [ -77.25633041, 39.03804407 ], [ -77.25707199, 39.03814605 ], [ -77.25778457, 39.03906603 ] ] ], [ [ [ -76.84998372, 39.0385571 ], [ -76.84676055, 39.04491917 ], [ -76.84676935, 39.04624554 ], [ -76.84631004, 39.04604975 ], [ -76.84510885, 39.04666609 ], [ -76.84707, 39.04362978 ], [ -76.84742553, 39.04221228 ], [ -76.84998372, 39.0385571 ] ] ], [ [ [ -76.84440732, 39.04758743 ], [ -76.84508086, 39.04724745 ], [ -76.8431779, 39.05033541 ], [ -76.84325377, 39.04959251 ], [ -76.84440732, 39.04758743 ] ] ], [ [ [ -76.84065404, 39.05173336 ], [ -76.84070267, 39.0516514 ], [ -76.84081623, 39.0517829 ], [ -76.84061816, 39.05179384 ], [ -76.84065404, 39.05173336 ] ] ], [ [ [ -76.8393047, 39.05400765 ], [ -76.83957936, 39.05402801 ], [ -76.8391449, 39.05427699 ], [ -76.83915477, 39.05426035 ], [ -76.8393047, 39.05400765 ] ] ], [ [ [ -77.29958178, 39.05800327 ], [ -77.29965019, 39.05774077 ], [ -77.29999336, 39.0577931 ], [ -77.29992495, 39.0580556 ], [ -77.29958178, 39.05800327 ] ] ], [ [ [ -76.84040169, 39.0587698 ], [ -76.8404603, 39.05861923 ], [ -76.8404693, 39.05863402 ], [ -76.84040169, 39.0587698 ] ] ], [ [ [ -77.35546093, 39.06951278 ], [ -77.35527825, 39.06978791 ], [ -77.35501906, 39.06953902 ], [ -77.35546093, 39.06951278 ] ] ], [ [ [ -77.35614746, 39.06961713 ], [ -77.35655299, 39.06981522 ], [ -77.35609683, 39.06981196 ], [ -77.35614746, 39.06961713 ] ] ], [ [ [ -77.35687847, 39.06984673 ], [ -77.35677916, 39.0689961 ], [ -77.3603099, 39.06865362 ], [ -77.36210259, 39.06975826 ], [ -77.36004362, 39.06984324 ], [ -77.35820132, 39.06924145 ], [ -77.35768696, 39.0698773 ], [ -77.35687847, 39.06984673 ] ] ], [ [ [ -77.34001831, 39.06989352 ], [ -77.34041345, 39.07004704 ], [ -77.34024076, 39.07013529 ], [ -77.34001831, 39.06989352 ] ] ], [ [ [ -76.83701767, 39.0575655 ], [ -76.8362808, 39.0607788 ], [ -76.83103809, 39.06873697 ], [ -76.82971641, 39.07022763 ], [ -76.83100111, 39.06867312 ], [ -76.83108734, 39.06610752 ], [ -76.83316923, 39.06539422 ], [ -76.83436649, 39.06320923 ], [ -76.83392426, 39.06296579 ], [ -76.83505475, 39.06161597 ], [ -76.83701767, 39.0575655 ] ] ], [ [ [ -77.29457318, 39.05942284 ], [ -77.29501501, 39.05939682 ], [ -77.29440928, 39.05927897 ], [ -77.29447287, 39.05757817 ], [ -77.29359486, 39.05754446 ], [ -77.29336242, 39.0566277 ], [ -77.29299918, 39.0561305 ], [ -77.28873731, 39.0537343 ], [ -77.28834943, 39.05393432 ], [ -77.29029751, 39.05532145 ], [ -77.29319853, 39.05648382 ], [ -77.29281046, 39.05711828 ], [ -77.29319147, 39.05784741 ], [ -77.29267006, 39.05825536 ], [ -77.29208935, 39.05745754 ], [ -77.28710324, 39.05467686 ], [ -77.28833414, 39.05368659 ], [ -77.2807329, 39.04914101 ], [ -77.2791526, 39.04630344 ], [ -77.27341891, 39.04530376 ], [ -77.2647193, 39.04119332 ], [ -77.26386021, 39.04232175 ], [ -77.26480522, 39.04290998 ], [ -77.26518497, 39.04381174 ], [ -77.26306481, 39.04315159 ], [ -77.26107445, 39.04409915 ], [ -77.25864606, 39.04298672 ], [ -77.25994553, 39.04006157 ], [ -77.25896861, 39.03997367 ], [ -77.25778457, 39.03906603 ], [ -77.25837687, 39.03874819 ], [ -77.26533362, 39.04098088 ], [ -77.27225058, 39.04442718 ], [ -77.27817156, 39.04530441 ], [ -77.27998961, 39.04643695 ], [ -77.28058886, 39.04844502 ], [ -77.28119927, 39.04849982 ], [ -77.28192606, 39.04972599 ], [ -77.28732538, 39.05221079 ], [ -77.29200252, 39.05357871 ], [ -77.29504754, 39.05561239 ], [ -77.30014611, 39.0571203 ], [ -77.29917647, 39.05780499 ], [ -77.29966574, 39.05836563 ], [ -77.29992495, 39.0580556 ], [ -77.30447228, 39.059391 ], [ -77.3058717, 39.05914604 ], [ -77.30087112, 39.05751755 ], [ -77.31393734, 39.05840591 ], [ -77.31686066, 39.05946853 ], [ -77.31964408, 39.06304457 ], [ -77.3236602, 39.06503811 ], [ -77.32862284, 39.06602322 ], [ -77.32967362, 39.06680718 ], [ -77.3288689, 39.06697333 ], [ -77.330762, 39.06753786 ], [ -77.34104619, 39.06868535 ], [ -77.33996151, 39.06891677 ], [ -77.34001831, 39.06989352 ], [ -77.33951356, 39.0693331 ], [ -77.32914159, 39.06824674 ], [ -77.32848734, 39.06689369 ], [ -77.3280693, 39.0671704 ], [ -77.32887416, 39.06798827 ], [ -77.32804125, 39.07042182 ], [ -77.32486315, 39.06934264 ], [ -77.32423412, 39.07021083 ], [ -77.32311053, 39.06982406 ], [ -77.32253295, 39.070663 ], [ -77.32140656, 39.07068129 ], [ -77.32037846, 39.07042688 ], [ -77.31788095, 39.06501494 ], [ -77.31360039, 39.06468362 ], [ -77.3123174, 39.06533721 ], [ -77.30975315, 39.07036066 ], [ -77.30524602, 39.06625364 ], [ -77.30172886, 39.06468159 ], [ -77.30168452, 39.063396 ], [ -77.30095333, 39.06332145 ], [ -77.30096512, 39.06437056 ], [ -77.2983458, 39.06314706 ], [ -77.2939681, 39.06327449 ], [ -77.29401713, 39.06033162 ], [ -77.29457318, 39.05942284 ] ], [ [ -77.29725586, 39.05692198 ], [ -77.29566907, 39.05658774 ], [ -77.29567048, 39.05704213 ], [ -77.29807182, 39.05741158 ], [ -77.29725586, 39.05692198 ] ] ], [ [ [ -77.34228646, 39.07214889 ], [ -77.34223109, 39.07236182 ], [ -77.34222722, 39.07208875 ], [ -77.34228646, 39.07214889 ] ] ], [ [ [ -76.8265946, 39.07386788 ], [ -76.82664692, 39.07381276 ], [ -76.82672396, 39.07385085 ], [ -76.8265946, 39.07386788 ] ] ], [ [ [ -76.82782793, 39.07427165 ], [ -76.83200018, 39.06959298 ], [ -76.83482598, 39.06540674 ], [ -76.83514009, 39.06550673 ], [ -76.83107975, 39.07130642 ], [ -76.83105933, 39.07069036 ], [ -76.82782793, 39.07427165 ] ] ], [ [ [ -76.82606084, 39.07443014 ], [ -76.82613134, 39.07435587 ], [ -76.82610944, 39.07443774 ], [ -76.82606084, 39.07443014 ] ] ], [ [ [ -77.4176577, 39.0745842 ], [ -77.41816758, 39.07429517 ], [ -77.41792613, 39.07401931 ], [ -77.41725198, 39.07438631 ], [ -77.41798896, 39.07501293 ], [ -77.40611579, 39.07204119 ], [ -77.39684669, 39.0704929 ], [ -77.39539579, 39.07013383 ], [ -77.39667884, 39.06962598 ], [ -77.39521426, 39.06903118 ], [ -77.39434372, 39.06988981 ], [ -77.39246902, 39.06889871 ], [ -77.37815662, 39.06838812 ], [ -77.37825959, 39.06753831 ], [ -77.37390104, 39.06734404 ], [ -77.35580204, 39.06820014 ], [ -77.35602525, 39.06777866 ], [ -77.37235129, 39.06678168 ], [ -77.39026806, 39.06770125 ], [ -77.39997077, 39.06970559 ], [ -77.40768401, 39.07052354 ], [ -77.42016265, 39.07431901 ], [ -77.41925542, 39.0753035 ], [ -77.41842188, 39.07511672 ], [ -77.41883264, 39.0745707 ], [ -77.4176577, 39.0745842 ] ] ], [ [ [ -76.82487366, 39.07742939 ], [ -76.82505447, 39.07733808 ], [ -76.82493067, 39.07745183 ], [ -76.82487366, 39.07742939 ] ] ], [ [ [ -76.82526775, 39.07758455 ], [ -76.82504076, 39.07749518 ], [ -76.8252359, 39.07724646 ], [ -76.82526775, 39.07758455 ] ] ], [ [ [ -77.34235854, 39.07461601 ], [ -77.34216994, 39.07607819 ], [ -77.34188251, 39.07781849 ], [ -77.34183535, 39.07781132 ], [ -77.34235854, 39.07461601 ] ] ], [ [ [ -76.82526775, 39.07758455 ], [ -76.82534411, 39.07763017 ], [ -76.82513163, 39.07785728 ], [ -76.82526775, 39.07758455 ] ] ], [ [ [ -76.8248051, 39.07575287 ], [ -76.8227246, 39.07821084 ], [ -76.82127151, 39.07907463 ], [ -76.8239169, 39.07668841 ], [ -76.8248051, 39.07575287 ] ] ], [ [ [ -77.34188251, 39.07781849 ], [ -77.34242368, 39.07760364 ], [ -77.34259614, 39.07148135 ], [ -77.34392014, 39.06930787 ], [ -77.34616333, 39.06909163 ], [ -77.34641637, 39.0683114 ], [ -77.34586594, 39.06879668 ], [ -77.34502361, 39.06839567 ], [ -77.34523347, 39.06904935 ], [ -77.34418971, 39.0686806 ], [ -77.34301959, 39.0701828 ], [ -77.34135685, 39.07006143 ], [ -77.34097792, 39.06894787 ], [ -77.34145167, 39.06888349 ], [ -77.34104619, 39.06868535 ], [ -77.34989834, 39.06757712 ], [ -77.35498846, 39.06780728 ], [ -77.35580204, 39.06820014 ], [ -77.35541443, 39.06858415 ], [ -77.35621389, 39.06890021 ], [ -77.35614746, 39.06961713 ], [ -77.35546093, 39.06951278 ], [ -77.35597102, 39.06922401 ], [ -77.35572983, 39.06894803 ], [ -77.35552915, 39.06925025 ], [ -77.35445042, 39.06888653 ], [ -77.35196644, 39.06946233 ], [ -77.35190004, 39.06999725 ], [ -77.34606095, 39.07059747 ], [ -77.34609091, 39.07159024 ], [ -77.34471895, 39.07177797 ], [ -77.34582564, 39.07425637 ], [ -77.34388901, 39.07380167 ], [ -77.34332644, 39.07415052 ], [ -77.34300606, 39.07672918 ], [ -77.34543322, 39.07739453 ], [ -77.34495491, 39.07759283 ], [ -77.34481909, 39.07868605 ], [ -77.34279799, 39.07916475 ], [ -77.34633584, 39.07970493 ], [ -77.34634579, 39.0800346 ], [ -77.34180292, 39.07969679 ], [ -77.34127811, 39.07890526 ], [ -77.34188251, 39.07781849 ] ] ], [ [ [ -76.82009375, 39.08155359 ], [ -76.8201077, 39.08154685 ], [ -76.81944961, 39.08206168 ], [ -76.81859084, 39.08270245 ], [ -76.82009375, 39.08155359 ] ] ], [ [ [ -76.81784779, 39.08325685 ], [ -76.81788076, 39.08311953 ], [ -76.81800345, 39.08314071 ], [ -76.81784779, 39.08325685 ] ] ], [ [ [ -76.81699131, 39.08380025 ], [ -76.81716489, 39.08376637 ], [ -76.81696331, 39.08391677 ], [ -76.81699131, 39.08380025 ] ] ], [ [ [ -76.81589329, 39.08458947 ], [ -76.81612707, 39.08454068 ], [ -76.81513483, 39.08532125 ], [ -76.81589329, 39.08458947 ] ] ], [ [ [ -76.81447896, 39.08585829 ], [ -76.81451139, 39.08573714 ], [ -76.81460837, 39.08575232 ], [ -76.81447896, 39.08585829 ] ] ], [ [ [ -76.81396766, 39.08607374 ], [ -76.81427472, 39.08602552 ], [ -76.81402189, 39.08623254 ], [ -76.81396766, 39.08607374 ] ] ], [ [ [ -76.81184609, 39.08804068 ], [ -76.81190286, 39.08803853 ], [ -76.81184731, 39.08809052 ], [ -76.81184609, 39.08804068 ] ] ], [ [ [ -76.80726077, 39.09279873 ], [ -76.80737873, 39.09235824 ], [ -76.80771307, 39.09242723 ], [ -76.80731323, 39.09280695 ], [ -76.80726077, 39.09279873 ] ] ], [ [ [ -76.80369058, 39.09278623 ], [ -76.80361846, 39.09281322 ], [ -76.80371467, 39.09269629 ], [ -76.80369058, 39.09278623 ] ] ], [ [ [ -76.80369058, 39.09278623 ], [ -76.80488506, 39.09222567 ], [ -76.80511806, 39.09231854 ], [ -76.8036621, 39.09351858 ], [ -76.80369058, 39.09278623 ] ] ], [ [ [ -76.80296733, 39.0940408 ], [ -76.80307822, 39.09383486 ], [ -76.80348399, 39.09395749 ], [ -76.8029554, 39.09406296 ], [ -76.80296733, 39.0940408 ] ] ], [ [ [ -76.80539726, 39.09441953 ], [ -76.80631823, 39.09335624 ], [ -76.80726077, 39.09279873 ], [ -76.80561517, 39.09441999 ], [ -76.80539726, 39.09441953 ] ] ], [ [ [ -76.80539726, 39.09441953 ], [ -76.80519424, 39.09472087 ], [ -76.80495505, 39.09444382 ], [ -76.80539726, 39.09441953 ] ] ], [ [ [ -76.80224477, 39.09466234 ], [ -76.80258424, 39.09476875 ], [ -76.80195334, 39.09505965 ], [ -76.80187138, 39.09489686 ], [ -76.80224477, 39.09466234 ] ] ], [ [ [ -76.80136555, 39.09521456 ], [ -76.80147577, 39.09571808 ], [ -76.80074584, 39.09560378 ], [ -76.8007794, 39.0955827 ], [ -76.80136555, 39.09521456 ] ] ], [ [ [ -76.79671928, 39.09879832 ], [ -76.79666299, 39.09869716 ], [ -76.79789013, 39.0978215 ], [ -76.79801329, 39.09826936 ], [ -76.79671928, 39.09879832 ] ] ], [ [ [ -76.80021951, 39.09907325 ], [ -76.80042257, 39.09877192 ], [ -76.80060059, 39.09897813 ], [ -76.8004602, 39.09906004 ], [ -76.80021951, 39.09907325 ] ] ], [ [ [ -76.79623575, 39.09926904 ], [ -76.79607191, 39.09879685 ], [ -76.79671928, 39.09879832 ], [ -76.79657875, 39.09932276 ], [ -76.79623575, 39.09926904 ] ] ], [ [ [ -76.79582248, 39.09947754 ], [ -76.79591234, 39.09921838 ], [ -76.79623575, 39.09926904 ], [ -76.79616548, 39.09953126 ], [ -76.79582248, 39.09947754 ] ] ], [ [ [ -76.79582248, 39.09947754 ], [ -76.79551346, 39.10003415 ], [ -76.79492567, 39.10015674 ], [ -76.79495304, 39.1000546 ], [ -76.79582248, 39.09947754 ] ] ], [ [ [ -76.79492567, 39.10015674 ], [ -76.79464769, 39.10059295 ], [ -76.79313198, 39.10151514 ], [ -76.79319793, 39.10126909 ], [ -76.79492567, 39.10015674 ] ] ], [ [ [ -76.80021951, 39.09907325 ], [ -76.79881742, 39.10049232 ], [ -76.79681829, 39.10167254 ], [ -76.79703381, 39.10092691 ], [ -76.80021951, 39.09907325 ] ] ], [ [ [ -76.79313198, 39.10151514 ], [ -76.7897047, 39.10421082 ], [ -76.78943654, 39.10404674 ], [ -76.7929776, 39.10142155 ], [ -76.79313198, 39.10151514 ] ] ], [ [ [ -77.42617318, 39.07614659 ], [ -77.42607288, 39.075785 ], [ -77.4254111, 39.07592063 ], [ -77.42641156, 39.07662096 ], [ -77.4245808, 39.07627098 ], [ -77.42499249, 39.07583233 ], [ -77.42109104, 39.0751042 ], [ -77.42114546, 39.07553186 ], [ -77.42309854, 39.07598918 ], [ -77.41959711, 39.07536187 ], [ -77.4197177, 39.07489621 ], [ -77.42108451, 39.07434325 ], [ -77.43942001, 39.07799045 ], [ -77.45360859, 39.08239122 ], [ -77.45709865, 39.08434075 ], [ -77.46318077, 39.08868856 ], [ -77.46625461, 39.09165724 ], [ -77.46609164, 39.09214867 ], [ -77.46726948, 39.09350708 ], [ -77.47046795, 39.09618903 ], [ -77.47223491, 39.0992789 ], [ -77.47252855, 39.10141744 ], [ -77.47355257, 39.10322673 ], [ -77.4724878, 39.10350603 ], [ -77.47186717, 39.10449795 ], [ -77.47053782, 39.10468148 ], [ -77.46948527, 39.10527547 ], [ -77.468826, 39.10360082 ], [ -77.46907199, 39.10281383 ], [ -77.46805711, 39.10067911 ], [ -77.46823315, 39.09949506 ], [ -77.46984656, 39.09878095 ], [ -77.46946737, 39.09830678 ], [ -77.47008951, 39.09804258 ], [ -77.46265463, 39.08999716 ], [ -77.45969541, 39.08750845 ], [ -77.45556343, 39.0849446 ], [ -77.45049662, 39.08213237 ], [ -77.44980406, 39.08229772 ], [ -77.43792798, 39.07832038 ], [ -77.42743354, 39.0756739 ], [ -77.42617318, 39.07614659 ] ] ], [ [ [ -76.79124754, 39.10515511 ], [ -76.79491617, 39.10253371 ], [ -76.79517029, 39.1028412 ], [ -76.79147281, 39.10529313 ], [ -76.79124754, 39.10515511 ] ] ], [ [ [ -76.78893999, 39.10680395 ], [ -76.79032762, 39.10581243 ], [ -76.78395015, 39.11072289 ], [ -76.78893999, 39.10680395 ] ] ], [ [ [ -76.7815438, 39.11093454 ], [ -76.78161699, 39.11095568 ], [ -76.78144663, 39.1110035 ], [ -76.7815438, 39.11093454 ] ] ], [ [ [ -77.47688335, 39.11327856 ], [ -77.47301117, 39.10554203 ], [ -77.47225539, 39.10494076 ], [ -77.47334939, 39.1034689 ], [ -77.47944785, 39.10954574 ], [ -77.48166493, 39.11116072 ], [ -77.47818977, 39.11374852 ], [ -77.47709126, 39.1138556 ], [ -77.47722691, 39.1133304 ], [ -77.47688335, 39.11327856 ] ] ], [ [ [ -77.47688779, 39.11464339 ], [ -77.4775964, 39.11514504 ], [ -77.47675214, 39.11516858 ], [ -77.47688779, 39.11464339 ] ] ], [ [ [ -77.47675214, 39.11516858 ], [ -77.47655184, 39.11547101 ], [ -77.47631003, 39.11519526 ], [ -77.47675214, 39.11516858 ] ] ], [ [ [ -77.47551795, 39.11580084 ], [ -77.47571825, 39.11549842 ], [ -77.47596006, 39.11577417 ], [ -77.47551795, 39.11580084 ] ] ], [ [ [ -77.47510655, 39.1160116 ], [ -77.47517438, 39.115749 ], [ -77.47551795, 39.11580084 ], [ -77.47545012, 39.11606344 ], [ -77.47510655, 39.1160116 ] ] ], [ [ [ -76.77393175, 39.11614703 ], [ -76.77394454, 39.11614715 ], [ -76.77351522, 39.1165488 ], [ -76.77351998, 39.11641827 ], [ -76.77393175, 39.11614703 ] ] ], [ [ [ -77.47503871, 39.11627419 ], [ -77.47543439, 39.11642729 ], [ -77.47507361, 39.11661211 ], [ -77.47503871, 39.11627419 ] ] ], [ [ [ -76.77291646, 39.11682727 ], [ -76.77298285, 39.11677984 ], [ -76.77304473, 39.11681046 ], [ -76.77291646, 39.11682727 ] ] ], [ [ [ -77.47005863, 39.10515481 ], [ -77.47122485, 39.10478519 ], [ -77.47253107, 39.10525521 ], [ -77.47467663, 39.11000287 ], [ -77.47688335, 39.11327856 ], [ -77.47688779, 39.11464339 ], [ -77.47492376, 39.11313432 ], [ -77.47295285, 39.11406142 ], [ -77.47510655, 39.1160116 ], [ -77.47445688, 39.11663054 ], [ -77.47339548, 39.11667339 ], [ -77.47398793, 39.11589274 ], [ -77.47267522, 39.11527032 ], [ -77.47318553, 39.11612321 ], [ -77.47217811, 39.11714177 ], [ -77.4705402, 39.10811599 ], [ -77.46963618, 39.10565888 ], [ -77.47005863, 39.10515481 ] ] ], [ [ [ -77.47332524, 39.11737978 ], [ -77.47358391, 39.11706938 ], [ -77.47366881, 39.11743163 ], [ -77.47332524, 39.11737978 ] ] ], [ [ [ -77.48788671, 39.11766666 ], [ -77.48905259, 39.1174688 ], [ -77.48926106, 39.1178739 ], [ -77.48802909, 39.11791726 ], [ -77.48788671, 39.11766666 ] ] ], [ [ [ -77.50238057, 39.11821446 ], [ -77.50261248, 39.11804793 ], [ -77.50306777, 39.118318 ], [ -77.50238057, 39.11821446 ] ] ], [ [ [ -76.76968391, 39.11913675 ], [ -76.76961883, 39.11929656 ], [ -76.76928618, 39.11942089 ], [ -76.76941946, 39.11932568 ], [ -76.76968391, 39.11913675 ] ] ], [ [ [ -76.76835644, 39.12058382 ], [ -76.76855969, 39.12028255 ], [ -76.76879882, 39.12055967 ], [ -76.76835644, 39.12058382 ] ] ], [ [ [ -77.48926106, 39.1178739 ], [ -77.49057285, 39.1179474 ], [ -77.49061113, 39.11733918 ], [ -77.48992067, 39.11731381 ], [ -77.48962803, 39.11598829 ], [ -77.48860817, 39.11547402 ], [ -77.48839039, 39.11462564 ], [ -77.48729283, 39.11521665 ], [ -77.48788671, 39.11766666 ], [ -77.48607712, 39.11752362 ], [ -77.48389397, 39.11646808 ], [ -77.48309279, 39.11759423 ], [ -77.48170215, 39.11811667 ], [ -77.48060371, 39.11684102 ], [ -77.47991656, 39.11673735 ], [ -77.47998437, 39.11647475 ], [ -77.47758336, 39.11474408 ], [ -77.47818977, 39.11374852 ], [ -77.48216349, 39.11147146 ], [ -77.48986917, 39.11498717 ], [ -77.5013388, 39.11773818 ], [ -77.50238057, 39.11821446 ], [ -77.50234066, 39.1191733 ], [ -77.50178301, 39.12007091 ], [ -77.50020605, 39.12071545 ], [ -77.49553601, 39.1193347 ], [ -77.49240617, 39.11912312 ], [ -77.49311822, 39.11973815 ], [ -77.49159343, 39.1194954 ], [ -77.49076726, 39.1198365 ], [ -77.49100417, 39.12029652 ], [ -77.49023258, 39.11987202 ], [ -77.49075315, 39.11921758 ], [ -77.48965866, 39.11886987 ], [ -77.48926106, 39.1178739 ] ], [ [ -77.49252846, 39.11777785 ], [ -77.49320904, 39.11828795 ], [ -77.49369057, 39.1177728 ], [ -77.49296805, 39.1173415 ], [ -77.49252846, 39.11777785 ] ], [ [ -77.49874136, 39.11848453 ], [ -77.49826742, 39.11854951 ], [ -77.49870861, 39.11908504 ], [ -77.49906935, 39.11890016 ], [ -77.49874136, 39.11848453 ], [ -77.49976091, 39.11850509 ], [ -77.49982777, 39.11743988 ], [ -77.49730316, 39.11734727 ], [ -77.49724715, 39.11823989 ], [ -77.49869641, 39.11803855 ], [ -77.49874136, 39.11848453 ] ] ], [ [ [ -77.47229452, 39.11722422 ], [ -77.47332524, 39.11737978 ], [ -77.47319876, 39.1185602 ], [ -77.47366881, 39.11743163 ], [ -77.4763745, 39.11877979 ], [ -77.47677435, 39.1193662 ], [ -77.47882602, 39.11855325 ], [ -77.47969537, 39.11756884 ], [ -77.47924329, 39.11658129 ], [ -77.4796408, 39.11642292 ], [ -77.47984874, 39.11699995 ], [ -77.48053589, 39.11710362 ], [ -77.48136319, 39.11804691 ], [ -77.47973362, 39.11897831 ], [ -77.47776058, 39.12101415 ], [ -77.47611244, 39.11889783 ], [ -77.47434525, 39.11828183 ], [ -77.4731741, 39.11857498 ], [ -77.47253, 39.11835066 ], [ -77.47229452, 39.11722422 ] ] ], [ [ [ -76.76259796, 39.12989125 ], [ -76.76367075, 39.12867254 ], [ -76.76196949, 39.13105604 ], [ -76.76259796, 39.12989125 ] ] ], [ [ [ -76.76835644, 39.12058382 ], [ -76.76107248, 39.12891897 ], [ -76.75887439, 39.13263006 ], [ -76.75782472, 39.13334036 ], [ -76.75852167, 39.13122508 ], [ -76.75945197, 39.130991 ], [ -76.76676473, 39.12077488 ], [ -76.76739647, 39.12102012 ], [ -76.76835644, 39.12058382 ] ] ], [ [ [ -76.75810544, 39.13345807 ], [ -76.75849969, 39.13361344 ], [ -76.75813701, 39.13379618 ], [ -76.75810544, 39.13345807 ] ] ], [ [ [ -76.75733965, 39.13497744 ], [ -76.75754299, 39.13467618 ], [ -76.75778213, 39.13495332 ], [ -76.75733965, 39.13497744 ] ] ], [ [ [ -76.75733965, 39.13497744 ], [ -76.75665022, 39.13711519 ], [ -76.75510878, 39.13811065 ], [ -76.75694751, 39.13505906 ], [ -76.75733965, 39.13497744 ] ] ], [ [ [ -76.75539437, 39.13822452 ], [ -76.75580798, 39.13801615 ], [ -76.75622229, 39.13832438 ], [ -76.75559083, 39.13861505 ], [ -76.75539437, 39.13822452 ] ] ], [ [ [ -76.7580923, 39.13694901 ], [ -76.75878279, 39.13689001 ], [ -76.75777981, 39.13951579 ], [ -76.75758426, 39.13866185 ], [ -76.7580923, 39.13694901 ] ] ], [ [ [ -77.51720751, 39.15209353 ], [ -77.51676221, 39.15241323 ], [ -77.51641638, 39.15231875 ], [ -77.51647059, 39.15201925 ], [ -77.51720751, 39.15209353 ] ] ], [ [ [ -77.51720751, 39.15209353 ], [ -77.51740472, 39.14805382 ], [ -77.51792649, 39.1469312 ], [ -77.51733797, 39.14652291 ], [ -77.51733337, 39.14510917 ], [ -77.51512876, 39.14013413 ], [ -77.51379054, 39.13343802 ], [ -77.5147894, 39.12909463 ], [ -77.51445779, 39.1275208 ], [ -77.51328309, 39.12571313 ], [ -77.51093911, 39.12362559 ], [ -77.50882913, 39.12261113 ], [ -77.50761978, 39.12251501 ], [ -77.50782974, 39.12293024 ], [ -77.5065922, 39.12258585 ], [ -77.50619933, 39.12201002 ], [ -77.50230863, 39.1209246 ], [ -77.50306777, 39.118318 ], [ -77.50954577, 39.12033514 ], [ -77.51294996, 39.12271145 ], [ -77.51457036, 39.12463979 ], [ -77.51552535, 39.12816809 ], [ -77.51478151, 39.1330991 ], [ -77.51498401, 39.13547834 ], [ -77.52033418, 39.14946714 ], [ -77.52003593, 39.15296366 ], [ -77.51927171, 39.15443152 ], [ -77.51717218, 39.15467726 ], [ -77.51720751, 39.15209353 ] ] ], [ [ [ -77.51777003, 39.15545191 ], [ -77.51797027, 39.15514942 ], [ -77.51821237, 39.15542509 ], [ -77.51777003, 39.15545191 ] ] ], [ [ [ -77.48715387, 39.1647068 ], [ -77.4877431, 39.16465843 ], [ -77.48823236, 39.16536468 ], [ -77.48806474, 39.16617415 ], [ -77.48668522, 39.16628754 ], [ -77.48715387, 39.1647068 ] ] ], [ [ [ -77.50538598, 39.17022976 ], [ -77.50498995, 39.17007676 ], [ -77.50535092, 39.16989186 ], [ -77.50538598, 39.17022976 ] ] ], [ [ [ -77.49762771, 39.17260826 ], [ -77.49764235, 39.1723173 ], [ -77.49793097, 39.17256249 ], [ -77.49762771, 39.17260826 ] ] ], [ [ [ -77.46722237, 39.20867857 ], [ -77.46831401, 39.20715415 ], [ -77.46901109, 39.20496339 ], [ -77.46784212, 39.20446619 ], [ -77.46809874, 39.19778398 ], [ -77.46936856, 39.19682847 ], [ -77.4694275, 39.19499049 ], [ -77.4683829, 39.19488539 ], [ -77.46848955, 39.19375681 ], [ -77.46955343, 39.19369493 ], [ -77.47087056, 39.1907664 ], [ -77.47009895, 39.19047011 ], [ -77.47077408, 39.18971556 ], [ -77.46778943, 39.18880193 ], [ -77.46926396, 39.18897239 ], [ -77.46968055, 39.18781015 ], [ -77.47269603, 39.18622871 ], [ -77.47478304, 39.18399725 ], [ -77.47638613, 39.1849905 ], [ -77.47870593, 39.18428603 ], [ -77.47869627, 39.18245466 ], [ -77.47669832, 39.18268169 ], [ -77.47678031, 39.18192974 ], [ -77.47925856, 39.18004993 ], [ -77.48502073, 39.17355967 ], [ -77.48715531, 39.16679618 ], [ -77.48785155, 39.16692321 ], [ -77.48796233, 39.16638293 ], [ -77.48861141, 39.16674317 ], [ -77.48950172, 39.168626 ], [ -77.49429169, 39.16910721 ], [ -77.49408623, 39.17036125 ], [ -77.49710658, 39.17184827 ], [ -77.49586223, 39.17196363 ], [ -77.49762771, 39.17260826 ], [ -77.49768307, 39.17327615 ], [ -77.49819653, 39.1727814 ], [ -77.49930419, 39.1734913 ], [ -77.5023019, 39.17099078 ], [ -77.50358893, 39.17129082 ], [ -77.50538598, 39.17022976 ], [ -77.51047723, 39.16925676 ], [ -77.51066257, 39.16857691 ], [ -77.51253696, 39.16843631 ], [ -77.51365915, 39.16776409 ], [ -77.51471248, 39.1657197 ], [ -77.51447969, 39.16459915 ], [ -77.51564293, 39.15999756 ], [ -77.51642451, 39.1590158 ], [ -77.5170245, 39.15577546 ], [ -77.51777003, 39.15545191 ], [ -77.51762555, 39.15666555 ], [ -77.51797882, 39.15697606 ], [ -77.51885279, 39.15647162 ], [ -77.51864941, 39.15544383 ], [ -77.51946134, 39.15528099 ], [ -77.51648456, 39.16531181 ], [ -77.51407179, 39.16894841 ], [ -77.5066936, 39.17069943 ], [ -77.50365013, 39.17189709 ], [ -77.50080464, 39.17367992 ], [ -77.49449269, 39.17911226 ], [ -77.48955637, 39.18108795 ], [ -77.48582833, 39.18159586 ], [ -77.4830791, 39.1825472 ], [ -77.47692459, 39.18623857 ], [ -77.47414689, 39.18989885 ], [ -77.47190987, 39.19406387 ], [ -77.47190927, 39.19626008 ], [ -77.47277837, 39.20010175 ], [ -77.47246507, 39.20327837 ], [ -77.4714318, 39.20556122 ], [ -77.46948594, 39.20502764 ], [ -77.46797696, 39.20798648 ], [ -77.46722237, 39.20867857 ] ], [ [ -77.47915429, 39.18166137 ], [ -77.47986121, 39.18119894 ], [ -77.4791641, 39.18046666 ], [ -77.47915429, 39.18166137 ] ], [ [ -77.51795912, 39.15829413 ], [ -77.51750437, 39.15786724 ], [ -77.51634483, 39.16096598 ], [ -77.51666897, 39.16141185 ], [ -77.51795912, 39.15829413 ] ] ], [ [ [ -77.46722237, 39.20867857 ], [ -77.46715442, 39.20894116 ], [ -77.46692174, 39.20884699 ], [ -77.46705121, 39.20865276 ], [ -77.46722237, 39.20867857 ] ] ], [ [ [ -77.44931398, 39.22262097 ], [ -77.44629511, 39.22243823 ], [ -77.44795902, 39.22100361 ], [ -77.44865858, 39.22120516 ], [ -77.45160669, 39.22039674 ], [ -77.45369635, 39.21809559 ], [ -77.45411909, 39.21831471 ], [ -77.46084896, 39.21428353 ], [ -77.4650276, 39.21136449 ], [ -77.46738903, 39.20890909 ], [ -77.46604347, 39.21074347 ], [ -77.46655533, 39.21092143 ], [ -77.4630696, 39.2128134 ], [ -77.46298442, 39.21337715 ], [ -77.45873184, 39.21622949 ], [ -77.45652586, 39.21856402 ], [ -77.4548642, 39.22154989 ], [ -77.45343664, 39.22270851 ], [ -77.45158634, 39.22350956 ], [ -77.45153651, 39.22283257 ], [ -77.44974442, 39.22230169 ], [ -77.44931398, 39.22262097 ] ] ], [ [ [ -77.44649351, 39.22246818 ], [ -77.44786973, 39.22267588 ], [ -77.44811888, 39.22309411 ], [ -77.44931398, 39.22262097 ], [ -77.45158634, 39.22350956 ], [ -77.44904579, 39.22516822 ], [ -77.44636889, 39.22795644 ], [ -77.44492443, 39.22596831 ], [ -77.44556907, 39.22325727 ], [ -77.44649351, 39.22246818 ] ] ], [ [ [ -77.44767731, 39.22755823 ], [ -77.44775651, 39.22861196 ], [ -77.44723867, 39.22816555 ], [ -77.4469952, 39.22849809 ], [ -77.44767731, 39.22755823 ] ] ], [ [ [ -77.44873621, 39.23126281 ], [ -77.44937712, 39.2309434 ], [ -77.45114292, 39.23327899 ], [ -77.45021078, 39.23356826 ], [ -77.44873621, 39.23126281 ] ] ], [ [ [ -77.45147804, 39.23358878 ], [ -77.45113393, 39.23353687 ], [ -77.45118966, 39.23332179 ], [ -77.45147901, 39.23358505 ], [ -77.45147804, 39.23358878 ] ] ], [ [ [ -77.45147804, 39.23358878 ], [ -77.45198659, 39.23404258 ], [ -77.45224904, 39.2342299 ], [ -77.45164276, 39.2340373 ], [ -77.45147804, 39.23358878 ] ] ], [ [ [ -77.45325747, 39.23445788 ], [ -77.45326806, 39.23445568 ], [ -77.45326812, 39.23446772 ], [ -77.45325747, 39.23445788 ] ] ], [ [ [ -77.45265041, 39.2345842 ], [ -77.45230629, 39.23453229 ], [ -77.45236347, 39.23431158 ], [ -77.45266524, 39.23452696 ], [ -77.45265041, 39.2345842 ] ] ], [ [ [ -77.45265041, 39.2345842 ], [ -77.45272399, 39.23456889 ], [ -77.45321908, 39.23494284 ], [ -77.45258238, 39.23484679 ], [ -77.45265041, 39.2345842 ] ] ], [ [ [ -77.45330546, 39.23528854 ], [ -77.45327416, 39.23498498 ], [ -77.45352568, 39.23517597 ], [ -77.45330546, 39.23528854 ] ] ], [ [ [ -77.46352634, 39.23677003 ], [ -77.46392265, 39.23692316 ], [ -77.46356124, 39.23710795 ], [ -77.46352634, 39.23677003 ] ] ], [ [ [ -77.45671546, 39.23740387 ], [ -77.45680471, 39.23731927 ], [ -77.45680064, 39.23746925 ], [ -77.45671546, 39.23740387 ] ] ], [ [ [ -77.46614346, 39.23771023 ], [ -77.46437667, 39.23706515 ], [ -77.46498544, 39.23660603 ], [ -77.46614346, 39.23771023 ] ] ], [ [ [ -77.45678794, 39.23793678 ], [ -77.45637846, 39.23772328 ], [ -77.45658841, 39.23752429 ], [ -77.45678794, 39.23793678 ] ] ], [ [ [ -77.45754422, 39.23777798 ], [ -77.45763695, 39.23803039 ], [ -77.45757472, 39.23806336 ], [ -77.45727622, 39.23783426 ], [ -77.45754422, 39.23777798 ] ] ], [ [ [ -77.46614346, 39.23771023 ], [ -77.46683174, 39.23781398 ], [ -77.46703993, 39.23839104 ], [ -77.46630828, 39.23815873 ], [ -77.46614346, 39.23771023 ] ] ], [ [ [ -77.45844061, 39.23845886 ], [ -77.45841668, 39.23855123 ], [ -77.45819975, 39.23838236 ], [ -77.45844061, 39.23845886 ] ] ], [ [ [ -77.45678794, 39.23793678 ], [ -77.45744508, 39.23820493 ], [ -77.45686559, 39.23864527 ], [ -77.45678794, 39.23793678 ] ] ], [ [ [ -77.46703993, 39.23839104 ], [ -77.46743625, 39.23854417 ], [ -77.46707484, 39.23872897 ], [ -77.46703993, 39.23839104 ] ] ], [ [ [ -77.45933701, 39.23913973 ], [ -77.45930945, 39.23924616 ], [ -77.45913323, 39.239109 ], [ -77.45933701, 39.23913973 ] ] ], [ [ [ -77.46869268, 39.23891298 ], [ -77.46844174, 39.23937316 ], [ -77.46756994, 39.23885328 ], [ -77.46869268, 39.23891298 ] ] ], [ [ [ -77.45961315, 39.23945421 ], [ -77.45964206, 39.23950508 ], [ -77.45956796, 39.2394474 ], [ -77.45961315, 39.23945421 ] ] ], [ [ [ -77.45940699, 39.23950756 ], [ -77.45968732, 39.23958471 ], [ -77.45982151, 39.23982078 ], [ -77.45940699, 39.23950756 ] ] ], [ [ [ -77.468208, 39.24050818 ], [ -77.46814461, 39.23964892 ], [ -77.46915757, 39.24044372 ], [ -77.468208, 39.24050818 ] ] ], [ [ [ -77.46085372, 39.24018696 ], [ -77.46181816, 39.24060521 ], [ -77.46225946, 39.24166291 ], [ -77.46040015, 39.240258 ], [ -77.46085372, 39.24018696 ] ] ], [ [ [ -77.47195203, 39.24704373 ], [ -77.47124147, 39.24676564 ], [ -77.47120844, 39.24668044 ], [ -77.47195203, 39.24704373 ] ] ], [ [ [ -77.47883588, 39.24808068 ], [ -77.47918007, 39.24813252 ], [ -77.47892096, 39.24844293 ], [ -77.47883588, 39.24808068 ] ] ], [ [ [ -77.48048893, 39.24860246 ], [ -77.48083313, 39.24865429 ], [ -77.4807652, 39.2489169 ], [ -77.48042099, 39.24886507 ], [ -77.48048893, 39.24860246 ] ] ], [ [ [ -77.48278398, 39.25000273 ], [ -77.48308921, 39.24976543 ], [ -77.48362947, 39.25028107 ], [ -77.48336495, 39.25047206 ], [ -77.48278398, 39.25000273 ] ] ], [ [ [ -77.4754663, 39.24866452 ], [ -77.47633874, 39.24841598 ], [ -77.47633702, 39.24732742 ], [ -77.47531647, 39.24816794 ], [ -77.4754663, 39.24866452 ], [ -77.47493092, 39.24845684 ], [ -77.47481239, 39.24778386 ], [ -77.47432876, 39.24818217 ], [ -77.47296461, 39.24755991 ], [ -77.47339053, 39.24738502 ], [ -77.47321243, 39.24687898 ], [ -77.47291663, 39.2474619 ], [ -77.47195203, 39.24704373 ], [ -77.47262106, 39.24623315 ], [ -77.46933621, 39.24588222 ], [ -77.46625485, 39.24442511 ], [ -77.46437196, 39.24323878 ], [ -77.46436826, 39.24256411 ], [ -77.46230247, 39.24149677 ], [ -77.46188616, 39.24034262 ], [ -77.45961315, 39.23945421 ], [ -77.45968115, 39.23919162 ], [ -77.45827584, 39.23801035 ], [ -77.45754422, 39.23777798 ], [ -77.4578308, 39.23627643 ], [ -77.45690258, 39.23537212 ], [ -77.45564967, 39.23212531 ], [ -77.45584703, 39.23130335 ], [ -77.45440964, 39.22981194 ], [ -77.45422318, 39.22835481 ], [ -77.45249643, 39.22515769 ], [ -77.45032964, 39.22573539 ], [ -77.44767731, 39.22755823 ], [ -77.44842459, 39.22651882 ], [ -77.4520904, 39.22385154 ], [ -77.45379689, 39.22346084 ], [ -77.45451498, 39.22612076 ], [ -77.45648521, 39.22887168 ], [ -77.46296035, 39.23409825 ], [ -77.47035114, 39.23874845 ], [ -77.48049596, 39.24773025 ], [ -77.48048893, 39.24860246 ], [ -77.47959479, 39.24837615 ], [ -77.47909499, 39.24777026 ], [ -77.47842439, 39.24783539 ], [ -77.47710033, 39.24626764 ], [ -77.47544905, 39.24541874 ], [ -77.47499681, 39.24576894 ], [ -77.47645979, 39.24691641 ], [ -77.47738669, 39.24677106 ], [ -77.47742849, 39.24845116 ], [ -77.47792829, 39.24921626 ], [ -77.48083296, 39.25096806 ], [ -77.4754663, 39.24866452 ] ], [ [ -77.46869268, 39.23891298 ], [ -77.46400424, 39.23556683 ], [ -77.46347756, 39.23595772 ], [ -77.46352634, 39.23677003 ], [ -77.46295274, 39.23656058 ], [ -77.4614381, 39.23537206 ], [ -77.46186952, 39.23488315 ], [ -77.46267875, 39.23489592 ], [ -77.46170294, 39.23471469 ], [ -77.46191105, 39.23410445 ], [ -77.46034221, 39.23296302 ], [ -77.45871593, 39.23260241 ], [ -77.45991965, 39.23505331 ], [ -77.46416626, 39.23786236 ], [ -77.46399471, 39.23836514 ], [ -77.46157305, 39.23813861 ], [ -77.46829261, 39.24262442 ], [ -77.47063089, 39.24318035 ], [ -77.4711141, 39.24266937 ], [ -77.47115569, 39.243781 ], [ -77.47342065, 39.24577755 ], [ -77.47448902, 39.2459465 ], [ -77.47379065, 39.24473647 ], [ -77.47382835, 39.24330813 ], [ -77.47219535, 39.24165765 ], [ -77.47126836, 39.24219142 ], [ -77.47065045, 39.24174953 ], [ -77.47154523, 39.2413456 ], [ -77.46869268, 39.23891298 ] ], [ [ -77.45884455, 39.23551843 ], [ -77.45923917, 39.23507127 ], [ -77.45827291, 39.23331538 ], [ -77.45720372, 39.23326764 ], [ -77.45885797, 39.2361293 ], [ -77.45956686, 39.23597946 ], [ -77.45884455, 39.23551843 ] ] ], [ [ [ -77.53225818, 39.27248256 ], [ -77.53653222, 39.27309409 ], [ -77.53553396, 39.27188687 ], [ -77.53381563, 39.27199156 ], [ -77.53264356, 39.27153935 ], [ -77.53225818, 39.27248256 ], [ -77.52962776, 39.27096407 ], [ -77.51919014, 39.26202396 ], [ -77.4886384, 39.25461328 ], [ -77.48735467, 39.25416234 ], [ -77.48121271, 39.2513341 ], [ -77.48258948, 39.2504624 ], [ -77.48086119, 39.24965955 ], [ -77.48141185, 39.24938916 ], [ -77.48079828, 39.24912785 ], [ -77.48124001, 39.24885198 ], [ -77.48083313, 39.24865429 ], [ -77.48140601, 39.2483365 ], [ -77.48301993, 39.24969931 ], [ -77.48237917, 39.25022302 ], [ -77.48358963, 39.25073248 ], [ -77.48386991, 39.25051055 ], [ -77.48724236, 39.25315092 ], [ -77.49144378, 39.25461271 ], [ -77.49704625, 39.25480076 ], [ -77.49723754, 39.25508423 ], [ -77.49642265, 39.2554676 ], [ -77.4971092, 39.25641908 ], [ -77.49855717, 39.25554904 ], [ -77.497612, 39.25501707 ], [ -77.49888175, 39.2552932 ], [ -77.51864649, 39.26122621 ], [ -77.52466215, 39.26561533 ], [ -77.52904154, 39.26980838 ], [ -77.54028515, 39.27253751 ], [ -77.53940849, 39.27367196 ], [ -77.53452407, 39.2734995 ], [ -77.53225818, 39.27248256 ] ], [ [ -77.53719042, 39.27302396 ], [ -77.53855227, 39.27353616 ], [ -77.53847854, 39.2724665 ], [ -77.53735017, 39.27215558 ], [ -77.53719042, 39.27302396 ] ], [ [ -77.4844927, 39.25247935 ], [ -77.4835609, 39.25146074 ], [ -77.48319947, 39.25164559 ], [ -77.4835959, 39.25179866 ], [ -77.48346004, 39.25232388 ], [ -77.48488914, 39.25263242 ], [ -77.4844927, 39.25247935 ] ] ], [ [ [ -77.54382993, 39.27443815 ], [ -77.54403416, 39.27439125 ], [ -77.54420893, 39.27472356 ], [ -77.54405653, 39.27458896 ], [ -77.54382993, 39.27443815 ] ] ], [ [ [ -77.54770988, 39.28052982 ], [ -77.54731315, 39.28037694 ], [ -77.5475754, 39.28024268 ], [ -77.54770988, 39.28052982 ] ] ], [ [ [ -77.54770988, 39.28052982 ], [ -77.54804276, 39.28062612 ], [ -77.54798655, 39.28084411 ], [ -77.54764215, 39.28079246 ], [ -77.54770988, 39.28052982 ] ] ], [ [ [ -77.54798655, 39.28084411 ], [ -77.54838775, 39.28090427 ], [ -77.54860764, 39.28121005 ], [ -77.54791883, 39.28110675 ], [ -77.54798655, 39.28084411 ] ] ], [ [ [ -77.54395153, 39.28393764 ], [ -77.54299839, 39.28282058 ], [ -77.5416834, 39.28370323 ], [ -77.53911599, 39.28079226 ], [ -77.54084836, 39.27867928 ], [ -77.5421804, 39.27497799 ], [ -77.54332699, 39.27455367 ], [ -77.54443779, 39.27566931 ], [ -77.54785433, 39.28272219 ], [ -77.55046199, 39.28616283 ], [ -77.55303065, 39.28829771 ], [ -77.54622463, 39.28662573 ], [ -77.54395153, 39.28393764 ] ] ], [ [ [ -77.76823255, 39.30144055 ], [ -77.76827253, 39.30143742 ], [ -77.76817126, 39.30163185 ], [ -77.76819559, 39.3015059 ], [ -77.76823255, 39.30144055 ] ] ], [ [ [ -77.76772147, 39.30319835 ], [ -77.76774727, 39.30319441 ], [ -77.76773652, 39.30319884 ], [ -77.76772147, 39.30319835 ] ] ], [ [ [ -77.59911196, 39.30459333 ], [ -77.59889929, 39.30451151 ], [ -77.59910522, 39.30452927 ], [ -77.59911196, 39.30459333 ] ] ], [ [ [ -77.59622043, 39.30470659 ], [ -77.59545541, 39.30448167 ], [ -77.59611896, 39.30434513 ], [ -77.59622043, 39.30470659 ] ] ], [ [ [ -77.59247348, 39.30471604 ], [ -77.59312407, 39.30490691 ], [ -77.59176318, 39.30478824 ], [ -77.59247348, 39.30471604 ] ] ], [ [ [ -77.75980046, 39.30480422 ], [ -77.75994596, 39.30483033 ], [ -77.75965472, 39.3049927 ], [ -77.75971415, 39.30486333 ], [ -77.75980046, 39.30480422 ] ] ], [ [ [ -77.59043732, 39.30493293 ], [ -77.59100849, 39.30483904 ], [ -77.59112642, 39.30503599 ], [ -77.59043732, 39.30493293 ] ] ], [ [ [ -77.7647412, 39.30511189 ], [ -77.76523432, 39.30489685 ], [ -77.76542114, 39.30449049 ], [ -77.76657105, 39.30401618 ], [ -77.76768597, 39.30327142 ], [ -77.7662944, 39.30458734 ], [ -77.7647412, 39.30511189 ] ] ], [ [ [ -77.75834738, 39.30425234 ], [ -77.75817037, 39.30439664 ], [ -77.75801078, 39.30518896 ], [ -77.75800683, 39.30458498 ], [ -77.75811443, 39.30438065 ], [ -77.75834738, 39.30425234 ] ] ], [ [ [ -77.59043732, 39.30493293 ], [ -77.59023698, 39.30523555 ], [ -77.59000412, 39.30497138 ], [ -77.59011139, 39.30495285 ], [ -77.59043732, 39.30493293 ] ] ], [ [ [ -77.59622043, 39.30470659 ], [ -77.59664018, 39.30507156 ], [ -77.59574486, 39.30527441 ], [ -77.59622043, 39.30470659 ] ] ], [ [ [ -77.74928886, 39.30445093 ], [ -77.74962208, 39.30362018 ], [ -77.7511659, 39.30240487 ], [ -77.75066714, 39.30298234 ], [ -77.75151252, 39.30325783 ], [ -77.75089644, 39.30483212 ], [ -77.75087543, 39.30415843 ], [ -77.75036558, 39.30528576 ], [ -77.74928886, 39.30445093 ] ] ], [ [ [ -77.75953104, 39.30483586 ], [ -77.75958007, 39.30499587 ], [ -77.75894644, 39.3053876 ], [ -77.75902357, 39.30505889 ], [ -77.75953104, 39.30483586 ] ] ], [ [ [ -77.76284051, 39.30507511 ], [ -77.76157268, 39.30440831 ], [ -77.75958502, 39.30465543 ], [ -77.75880509, 39.30516299 ], [ -77.75847895, 39.30464474 ], [ -77.76080801, 39.30380332 ], [ -77.76528349, 39.3037717 ], [ -77.76710349, 39.30329282 ], [ -77.76689437, 39.30371462 ], [ -77.76521323, 39.3044654 ], [ -77.76453339, 39.30519343 ], [ -77.76321126, 39.30541556 ], [ -77.76284051, 39.30507511 ] ] ], [ [ [ -77.58816725, 39.30541174 ], [ -77.58831172, 39.30529255 ], [ -77.58883993, 39.3051826 ], [ -77.58885635, 39.30551481 ], [ -77.58816725, 39.30541174 ] ] ], [ [ [ -77.60779343, 39.305618 ], [ -77.60765635, 39.30557771 ], [ -77.60778128, 39.30557473 ], [ -77.60779343, 39.305618 ] ] ], [ [ [ -77.58816725, 39.30541174 ], [ -77.58809965, 39.30567441 ], [ -77.58769217, 39.30547707 ], [ -77.58816725, 39.30541174 ] ] ], [ [ [ -77.58734295, 39.30583401 ], [ -77.586946, 39.30568126 ], [ -77.58731198, 39.30553929 ], [ -77.58734295, 39.30583401 ] ] ], [ [ [ -77.75763039, 39.30564754 ], [ -77.75772441, 39.30577975 ], [ -77.75760107, 39.30583809 ], [ -77.75756535, 39.30570422 ], [ -77.75763039, 39.30564754 ] ] ], [ [ [ -77.5862417, 39.30594205 ], [ -77.5865281, 39.30574783 ], [ -77.58658624, 39.30599359 ], [ -77.5862417, 39.30594205 ] ] ], [ [ [ -77.58651864, 39.30625626 ], [ -77.58658624, 39.30599359 ], [ -77.58693079, 39.30604513 ], [ -77.58686319, 39.3063078 ], [ -77.58651864, 39.30625626 ] ] ], [ [ [ -77.60779343, 39.305618 ], [ -77.61080545, 39.30565277 ], [ -77.61356181, 39.30616248 ], [ -77.61343013, 39.30651999 ], [ -77.60812888, 39.30606715 ], [ -77.60779343, 39.305618 ] ] ], [ [ [ -77.76227496, 39.30664087 ], [ -77.76177144, 39.30660469 ], [ -77.76146486, 39.30660897 ], [ -77.7619688, 39.30658334 ], [ -77.76266206, 39.30670634 ], [ -77.76303642, 39.30683628 ], [ -77.76227496, 39.30664087 ] ] ], [ [ [ -77.76030077, 39.30674423 ], [ -77.76070289, 39.30669751 ], [ -77.75999454, 39.30693938 ], [ -77.76030077, 39.30674423 ] ] ], [ [ [ -77.7645914, 39.30721343 ], [ -77.76402269, 39.30711368 ], [ -77.76667981, 39.30702458 ], [ -77.76569168, 39.30723852 ], [ -77.7645914, 39.30721343 ] ] ], [ [ [ -77.59911196, 39.30459333 ], [ -77.60304326, 39.30493547 ], [ -77.60716744, 39.30593882 ], [ -77.614007, 39.30722294 ], [ -77.61424161, 39.30764928 ], [ -77.60220853, 39.30526056 ], [ -77.59837936, 39.30495557 ], [ -77.59911196, 39.30459333 ] ] ], [ [ [ -77.56145962, 39.30768813 ], [ -77.56152732, 39.30742547 ], [ -77.56187185, 39.30747708 ], [ -77.56180416, 39.30773974 ], [ -77.56145962, 39.30768813 ] ] ], [ [ [ -77.75642745, 39.30739239 ], [ -77.75650068, 39.3073081 ], [ -77.75654919, 39.30788191 ], [ -77.75630594, 39.30772832 ], [ -77.75642745, 39.30739239 ] ] ], [ [ [ -77.61786055, 39.30821277 ], [ -77.61676322, 39.30842077 ], [ -77.61563799, 39.30800167 ], [ -77.6176875, 39.3078208 ], [ -77.61786055, 39.30821277 ] ] ], [ [ [ -77.61786055, 39.30821277 ], [ -77.6187751, 39.30817965 ], [ -77.6193568, 39.30852809 ], [ -77.61810066, 39.30863274 ], [ -77.61786055, 39.30821277 ] ] ], [ [ [ -77.62302933, 39.30898448 ], [ -77.62372337, 39.30975134 ], [ -77.62184251, 39.30898391 ], [ -77.62243413, 39.30898419 ], [ -77.62302933, 39.30898448 ] ] ], [ [ [ -77.62530653, 39.30986992 ], [ -77.62273965, 39.30856219 ], [ -77.61643521, 39.30757054 ], [ -77.61699367, 39.30696843 ], [ -77.62149836, 39.3073513 ], [ -77.62466097, 39.30883741 ], [ -77.62712762, 39.30922289 ], [ -77.62764706, 39.31039613 ], [ -77.62530653, 39.30986992 ] ] ], [ [ [ -77.62530653, 39.30986992 ], [ -77.62497322, 39.31046224 ], [ -77.62443585, 39.31008117 ], [ -77.62530653, 39.30986992 ] ] ], [ [ [ -77.62914438, 39.31066464 ], [ -77.62917223, 39.310662 ], [ -77.62919512, 39.31067374 ], [ -77.62914438, 39.31066464 ] ] ], [ [ [ -77.54860764, 39.28121005 ], [ -77.55319693, 39.28445081 ], [ -77.55315909, 39.28503446 ], [ -77.55554812, 39.28880724 ], [ -77.55515002, 39.28883146 ], [ -77.55567115, 39.28894291 ], [ -77.55686387, 39.29143478 ], [ -77.5579718, 39.29232609 ], [ -77.55845679, 39.29367687 ], [ -77.55744431, 39.29935886 ], [ -77.55881867, 39.30173279 ], [ -77.55887979, 39.30308102 ], [ -77.56192566, 39.30653888 ], [ -77.56484516, 39.3077775 ], [ -77.56599209, 39.30925216 ], [ -77.56732301, 39.30993025 ], [ -77.56718764, 39.31045557 ], [ -77.56804233, 39.31101951 ], [ -77.56730193, 39.31117837 ], [ -77.56770521, 39.31128989 ], [ -77.56312336, 39.31007201 ], [ -77.56084149, 39.30906905 ], [ -77.55750416, 39.30598924 ], [ -77.55645484, 39.30388528 ], [ -77.5563326, 39.30156413 ], [ -77.55785582, 39.29375533 ], [ -77.55412309, 39.28875993 ], [ -77.55073604, 39.28585975 ], [ -77.54677474, 39.28010111 ], [ -77.5514083, 39.28612599 ], [ -77.55163105, 39.28565428 ], [ -77.54887897, 39.28221033 ], [ -77.54860764, 39.28121005 ] ], [ [ -77.56159502, 39.30716282 ], [ -77.56105219, 39.3074907 ], [ -77.56154518, 39.30805033 ], [ -77.5625456, 39.30794417 ], [ -77.56155963, 39.30682491 ], [ -77.56119812, 39.30700999 ], [ -77.56159502, 39.30716282 ] ] ], [ [ [ -77.56787676, 39.31055875 ], [ -77.56801212, 39.31003343 ], [ -77.56732301, 39.30993025 ], [ -77.56839225, 39.30920098 ], [ -77.56669791, 39.30893581 ], [ -77.56760009, 39.30839585 ], [ -77.57351454, 39.30891145 ], [ -77.58080941, 39.30758437 ], [ -77.58084489, 39.30792227 ], [ -77.58100023, 39.30746148 ], [ -77.58583941, 39.30593549 ], [ -77.58660432, 39.30661845 ], [ -77.58734295, 39.30583401 ], [ -77.590366, 39.30554414 ], [ -77.59112642, 39.30503599 ], [ -77.59556657, 39.30514839 ], [ -77.58008108, 39.30929718 ], [ -77.5708963, 39.31124628 ], [ -77.56947414, 39.31139441 ], [ -77.56787676, 39.31055875 ] ] ], [ [ [ -77.63378668, 39.31168085 ], [ -77.63385001, 39.31210516 ], [ -77.63716537, 39.3124576 ], [ -77.6392866, 39.31322798 ], [ -77.63140702, 39.31196496 ], [ -77.63150722, 39.31147195 ], [ -77.63378668, 39.31168085 ] ] ], [ [ [ -77.78138254, 39.31370063 ], [ -77.78074638, 39.31417542 ], [ -77.77945818, 39.31423393 ], [ -77.78114011, 39.31371164 ], [ -77.78138254, 39.31370063 ] ] ], [ [ [ -77.77945818, 39.31423393 ], [ -77.7792586, 39.31453685 ], [ -77.77907462, 39.31432905 ], [ -77.77937582, 39.31423909 ], [ -77.77945818, 39.31423393 ] ] ], [ [ [ -77.78138254, 39.31370063 ], [ -77.78236299, 39.313353 ], [ -77.78221599, 39.31464196 ], [ -77.78159865, 39.31427662 ], [ -77.78198207, 39.31388892 ], [ -77.78138254, 39.31370063 ] ] ], [ [ [ -77.64557872, 39.31453043 ], [ -77.64532377, 39.31418944 ], [ -77.63716537, 39.3124576 ], [ -77.63679555, 39.31198305 ], [ -77.63378668, 39.31168085 ], [ -77.63358809, 39.31133352 ], [ -77.6362081, 39.31138284 ], [ -77.6371805, 39.31071133 ], [ -77.63862726, 39.3111993 ], [ -77.63940854, 39.31225049 ], [ -77.64360531, 39.31339873 ], [ -77.64666966, 39.31469306 ], [ -77.64557872, 39.31453043 ] ] ], [ [ [ -77.74049288, 39.31465689 ], [ -77.74081627, 39.31456987 ], [ -77.74042671, 39.31476804 ], [ -77.74049288, 39.31465689 ] ] ], [ [ [ -77.64557872, 39.31453043 ], [ -77.64470834, 39.31489117 ], [ -77.64021992, 39.31385221 ], [ -77.64273088, 39.31375358 ], [ -77.64557872, 39.31453043 ] ] ], [ [ [ -77.64723449, 39.31505001 ], [ -77.64726443, 39.31493332 ], [ -77.64840307, 39.31534273 ], [ -77.64723449, 39.31505001 ] ] ], [ [ [ -77.78221599, 39.31464196 ], [ -77.78226814, 39.31537525 ], [ -77.78214798, 39.31542289 ], [ -77.78221599, 39.31464196 ] ] ], [ [ [ -77.75041697, 39.31729582 ], [ -77.75067517, 39.31698484 ], [ -77.75076169, 39.31734691 ], [ -77.75041697, 39.31729582 ] ] ], [ [ [ -77.75788997, 39.31740768 ], [ -77.75881459, 39.31663126 ], [ -77.7592324, 39.31708354 ], [ -77.75788997, 39.31740768 ] ] ], [ [ [ -77.73709978, 39.31748266 ], [ -77.73792208, 39.31693044 ], [ -77.7386924, 39.317069 ], [ -77.73794782, 39.31738524 ], [ -77.73709978, 39.31748266 ] ] ], [ [ [ -77.75469168, 39.31727971 ], [ -77.75393162, 39.31687266 ], [ -77.75628909, 39.31724162 ], [ -77.75640605, 39.31747275 ], [ -77.7558264, 39.31725137 ], [ -77.75508421, 39.31769349 ], [ -77.75469168, 39.31727971 ] ] ], [ [ [ -77.64551132, 39.31479313 ], [ -77.64723449, 39.31505001 ], [ -77.65468965, 39.31807028 ], [ -77.65229014, 39.31767858 ], [ -77.64578372, 39.31524726 ], [ -77.64551132, 39.31479313 ] ] ], [ [ [ -77.74796484, 39.31852873 ], [ -77.7495311, 39.31747877 ], [ -77.74795722, 39.31866779 ], [ -77.74796484, 39.31852873 ] ] ], [ [ [ -77.73541191, 39.31861617 ], [ -77.73497412, 39.31883235 ], [ -77.7346017, 39.31860518 ], [ -77.73541191, 39.31861617 ] ] ], [ [ [ -77.73541191, 39.31861617 ], [ -77.73693614, 39.31759255 ], [ -77.73798159, 39.31750632 ], [ -77.73909721, 39.31697365 ], [ -77.74093442, 39.31463338 ], [ -77.74345552, 39.31385973 ], [ -77.74455057, 39.31299096 ], [ -77.74624342, 39.31329533 ], [ -77.74531329, 39.31225054 ], [ -77.74699921, 39.31038618 ], [ -77.74746691, 39.30918075 ], [ -77.75009336, 39.30667856 ], [ -77.75382482, 39.30773219 ], [ -77.75836161, 39.30258871 ], [ -77.76428536, 39.3009288 ], [ -77.76733929, 39.30237562 ], [ -77.75815949, 39.30399138 ], [ -77.75756549, 39.3047074 ], [ -77.75753498, 39.30586934 ], [ -77.75607549, 39.30761501 ], [ -77.75655775, 39.30798317 ], [ -77.7559578, 39.30904761 ], [ -77.75388547, 39.31129151 ], [ -77.75207277, 39.31164283 ], [ -77.7482688, 39.31586434 ], [ -77.74353334, 39.31851069 ], [ -77.74191732, 39.31893604 ], [ -77.73849437, 39.31832035 ], [ -77.73541191, 39.31861617 ] ] ], [ [ [ -77.75028292, 39.31782134 ], [ -77.75296326, 39.31565289 ], [ -77.75798673, 39.31016001 ], [ -77.75977846, 39.30713021 ], [ -77.76226929, 39.30672087 ], [ -77.76300082, 39.30690671 ], [ -77.76264018, 39.30692925 ], [ -77.76288371, 39.30720445 ], [ -77.76306693, 39.30692646 ], [ -77.76381381, 39.30724395 ], [ -77.76522168, 39.30733445 ], [ -77.76671969, 39.30709685 ], [ -77.76732915, 39.30769716 ], [ -77.76621023, 39.31007179 ], [ -77.76498489, 39.31032006 ], [ -77.76533761, 39.31129513 ], [ -77.76359004, 39.3106404 ], [ -77.76185544, 39.31348668 ], [ -77.76234637, 39.3148339 ], [ -77.76129007, 39.31324919 ], [ -77.76302776, 39.31061462 ], [ -77.7624589, 39.30992655 ], [ -77.76289127, 39.30839736 ], [ -77.76258254, 39.30751175 ], [ -77.76004204, 39.30827077 ], [ -77.75966504, 39.30969831 ], [ -77.75995418, 39.3114815 ], [ -77.7584881, 39.31319749 ], [ -77.76056213, 39.31557532 ], [ -77.75940861, 39.31632811 ], [ -77.76085767, 39.31712909 ], [ -77.75987795, 39.31800534 ], [ -77.7590819, 39.31626316 ], [ -77.75980351, 39.31586635 ], [ -77.75889495, 39.31561859 ], [ -77.75878711, 39.31469735 ], [ -77.75828828, 39.31518707 ], [ -77.75817134, 39.31402201 ], [ -77.75380185, 39.31579619 ], [ -77.75365349, 39.31680249 ], [ -77.75291543, 39.31675604 ], [ -77.74974511, 39.31895863 ], [ -77.75028292, 39.31782134 ] ] ], [ [ [ -77.75041697, 39.31729582 ], [ -77.75028292, 39.31782134 ], [ -77.74791176, 39.31949752 ], [ -77.74795112, 39.31877917 ], [ -77.75041697, 39.31729582 ] ] ], [ [ [ -77.77447149, 39.31976754 ], [ -77.77407408, 39.31961539 ], [ -77.77443511, 39.3194297 ], [ -77.77447149, 39.31976754 ] ] ], [ [ [ -77.77447149, 39.31976754 ], [ -77.77487957, 39.31996427 ], [ -77.77440456, 39.32003031 ], [ -77.77447149, 39.31976754 ] ] ], [ [ [ -77.7621495, 39.31986857 ], [ -77.76282717, 39.31913437 ], [ -77.76324636, 39.31942853 ], [ -77.76267459, 39.3203065 ], [ -77.7621495, 39.31986857 ] ] ], [ [ [ -77.72476897, 39.32048436 ], [ -77.72034785, 39.32073776 ], [ -77.71785843, 39.32023924 ], [ -77.71645726, 39.31854926 ], [ -77.71979331, 39.31873794 ], [ -77.72144724, 39.31677644 ], [ -77.724993, 39.31645614 ], [ -77.73341964, 39.31180859 ], [ -77.73787002, 39.30556402 ], [ -77.74002697, 39.30559428 ], [ -77.74211139, 39.30653935 ], [ -77.74265975, 39.30295173 ], [ -77.74474871, 39.30147612 ], [ -77.74470354, 39.30064709 ], [ -77.74730969, 39.29870145 ], [ -77.74985352, 39.29587324 ], [ -77.75426382, 39.28773743 ], [ -77.75508941, 39.28245522 ], [ -77.75455589, 39.27840348 ], [ -77.75499337, 39.27740653 ], [ -77.75685957, 39.2776703 ], [ -77.75836163, 39.28001838 ], [ -77.75552049, 39.27993745 ], [ -77.75502758, 39.28031708 ], [ -77.75832936, 39.28065247 ], [ -77.75830815, 39.28135823 ], [ -77.75771856, 39.28149484 ], [ -77.7593085, 39.28379787 ], [ -77.7586277, 39.28360247 ], [ -77.75848236, 39.28427234 ], [ -77.75579642, 39.2838876 ], [ -77.75564954, 39.2862345 ], [ -77.75607502, 39.28628788 ], [ -77.75622851, 39.28865268 ], [ -77.75466887, 39.29206214 ], [ -77.75436979, 39.29197624 ], [ -77.75440577, 39.29263728 ], [ -77.75553285, 39.29294861 ], [ -77.75113983, 39.29970331 ], [ -77.74898204, 39.30055245 ], [ -77.74872314, 39.30106211 ], [ -77.74915256, 39.30135292 ], [ -77.75001119, 39.30095956 ], [ -77.75011381, 39.30208036 ], [ -77.74867348, 39.30392654 ], [ -77.74653042, 39.30982542 ], [ -77.7429121, 39.31325148 ], [ -77.7403248, 39.31322721 ], [ -77.73960731, 39.31398936 ], [ -77.73902248, 39.3161384 ], [ -77.72814561, 39.32075199 ], [ -77.72476897, 39.32048436 ] ] ], [ [ [ -77.75100468, 39.31999106 ], [ -77.74996077, 39.32079218 ], [ -77.74880985, 39.32080857 ], [ -77.75100468, 39.31999106 ] ] ], [ [ [ -77.7351529, 39.32103205 ], [ -77.73475556, 39.32087977 ], [ -77.73511669, 39.32069419 ], [ -77.7351529, 39.32103205 ] ] ], [ [ [ -77.71063588, 39.32115539 ], [ -77.71365541, 39.3197505 ], [ -77.71687568, 39.32035957 ], [ -77.71433513, 39.32051072 ], [ -77.71361945, 39.32107522 ], [ -77.71063588, 39.32115539 ] ] ], [ [ [ -77.7402195, 39.32118641 ], [ -77.74167, 39.32094965 ], [ -77.74180114, 39.32106309 ], [ -77.74107928, 39.32112646 ], [ -77.7402195, 39.32118641 ] ] ], [ [ [ -77.77440456, 39.32003031 ], [ -77.77448284, 39.32124391 ], [ -77.77370534, 39.32079745 ], [ -77.77440456, 39.32003031 ] ] ], [ [ [ -77.77989257, 39.32116512 ], [ -77.78053303, 39.31984644 ], [ -77.7800106, 39.32134922 ], [ -77.77989257, 39.32116512 ] ] ], [ [ [ -77.7351529, 39.32103205 ], [ -77.7370733, 39.32085515 ], [ -77.73898555, 39.32129152 ], [ -77.73533176, 39.32139412 ], [ -77.7351529, 39.32103205 ] ] ], [ [ [ -77.73860018, 39.3215433 ], [ -77.73837929, 39.32142481 ], [ -77.73863655, 39.32140083 ], [ -77.73860018, 39.3215433 ] ] ], [ [ [ -77.730336, 39.32168101 ], [ -77.73396573, 39.32074639 ], [ -77.73461228, 39.32135612 ], [ -77.730336, 39.32168101 ] ] ], [ [ [ -77.73860018, 39.3215433 ], [ -77.74028971, 39.32125748 ], [ -77.74205008, 39.32127843 ], [ -77.73880219, 39.32182438 ], [ -77.73860018, 39.3215433 ] ] ], [ [ [ -77.730336, 39.32168101 ], [ -77.7301362, 39.32198386 ], [ -77.72990376, 39.32172106 ], [ -77.72994135, 39.32170556 ], [ -77.730336, 39.32168101 ] ] ], [ [ [ -77.74059419, 39.32212958 ], [ -77.74046991, 39.32200004 ], [ -77.74132117, 39.32200231 ], [ -77.74092166, 39.32206286 ], [ -77.74059419, 39.32212958 ] ] ], [ [ [ -77.74087919, 39.32242663 ], [ -77.74072993, 39.32227105 ], [ -77.74110613, 39.32220396 ], [ -77.74087919, 39.32242663 ] ] ], [ [ [ -77.738845, 39.3224885 ], [ -77.73893782, 39.32232305 ], [ -77.73894176, 39.3224753 ], [ -77.738845, 39.3224885 ] ] ], [ [ [ -77.73612933, 39.32281306 ], [ -77.73632912, 39.32251021 ], [ -77.73657261, 39.32278546 ], [ -77.73612933, 39.32281306 ] ] ], [ [ [ -77.73860956, 39.32290818 ], [ -77.73875912, 39.32264158 ], [ -77.73894571, 39.32262782 ], [ -77.7389543, 39.3229593 ], [ -77.73860956, 39.32290818 ] ] ], [ [ [ -77.74087919, 39.32242663 ], [ -77.7415016, 39.32279161 ], [ -77.74096964, 39.32311126 ], [ -77.74087919, 39.32242663 ] ] ], [ [ [ -77.73612933, 39.32281306 ], [ -77.73506848, 39.32316278 ], [ -77.73300429, 39.32273157 ], [ -77.73399149, 39.32218508 ], [ -77.73612933, 39.32281306 ] ] ], [ [ [ -77.77608154, 39.32327793 ], [ -77.77628235, 39.32248962 ], [ -77.77697187, 39.32259165 ], [ -77.77677108, 39.32337996 ], [ -77.77608154, 39.32327793 ] ] ], [ [ [ -77.73860956, 39.32290818 ], [ -77.73918978, 39.32320474 ], [ -77.73679555, 39.32331572 ], [ -77.73712005, 39.32279941 ], [ -77.73860956, 39.32290818 ] ] ], [ [ [ -77.69405073, 39.32365556 ], [ -77.69365346, 39.32350315 ], [ -77.69402479, 39.3234122 ], [ -77.69405073, 39.32365556 ] ] ], [ [ [ -77.69405073, 39.32365556 ], [ -77.69448301, 39.32342415 ], [ -77.69547965, 39.3235617 ], [ -77.69488501, 39.32370558 ], [ -77.69405073, 39.32365556 ] ] ], [ [ [ -77.69294936, 39.32376455 ], [ -77.69321412, 39.32380391 ], [ -77.69289134, 39.32385241 ], [ -77.69294936, 39.32376455 ] ] ], [ [ [ -77.7415016, 39.32279161 ], [ -77.74188709, 39.32240789 ], [ -77.74133417, 39.32216768 ], [ -77.74245613, 39.32200533 ], [ -77.74486062, 39.32198137 ], [ -77.74572133, 39.32246274 ], [ -77.74502342, 39.32234379 ], [ -77.74487764, 39.32319368 ], [ -77.74548831, 39.32333876 ], [ -77.74493415, 39.32386401 ], [ -77.74379784, 39.3237888 ], [ -77.74361393, 39.32256964 ], [ -77.7415016, 39.32279161 ] ] ], [ [ [ -77.77374518, 39.32402289 ], [ -77.77319344, 39.3238017 ], [ -77.77364187, 39.32209433 ], [ -77.77440284, 39.32126722 ], [ -77.77374518, 39.32402289 ] ] ], [ [ [ -77.71795316, 39.32393387 ], [ -77.7188497, 39.32380834 ], [ -77.71947365, 39.32403855 ], [ -77.71795316, 39.32393387 ] ] ], [ [ [ -77.71795316, 39.32393387 ], [ -77.7177533, 39.3242367 ], [ -77.71751532, 39.32396756 ], [ -77.71761598, 39.32395481 ], [ -77.71795316, 39.32393387 ] ] ], [ [ [ -77.68888858, 39.32425168 ], [ -77.6887219, 39.32422689 ], [ -77.68887087, 39.32417729 ], [ -77.68888858, 39.32425168 ] ] ], [ [ [ -77.67579791, 39.32406753 ], [ -77.6687427, 39.31906941 ], [ -77.66995847, 39.31826288 ], [ -77.67297563, 39.31968291 ], [ -77.6722237, 39.32124436 ], [ -77.67428772, 39.32288133 ], [ -77.67599984, 39.32118386 ], [ -77.67875899, 39.32244454 ], [ -77.67951837, 39.32215656 ], [ -77.68070324, 39.32129619 ], [ -77.68453205, 39.31613359 ], [ -77.68923107, 39.31199828 ], [ -77.6919881, 39.31068196 ], [ -77.69354756, 39.30921649 ], [ -77.69800135, 39.31256491 ], [ -77.70038196, 39.31526443 ], [ -77.70150483, 39.31525185 ], [ -77.70130187, 39.3164182 ], [ -77.69980906, 39.31788952 ], [ -77.70271702, 39.31967542 ], [ -77.69455619, 39.31786984 ], [ -77.69124762, 39.31846309 ], [ -77.68576227, 39.32038366 ], [ -77.68555827, 39.31979654 ], [ -77.68400923, 39.32026273 ], [ -77.68503897, 39.32085243 ], [ -77.682011, 39.32357129 ], [ -77.67752962, 39.32435332 ], [ -77.67579791, 39.32406753 ] ], [ [ -77.68612375, 39.31862022 ], [ -77.68575269, 39.31833079 ], [ -77.68536103, 39.31897552 ], [ -77.68614937, 39.3193193 ], [ -77.68612375, 39.31862022 ] ] ], [ [ [ -77.68847662, 39.32446314 ], [ -77.68830147, 39.32437854 ], [ -77.68851979, 39.3242945 ], [ -77.68847662, 39.32446314 ] ] ], [ [ [ -77.77068913, 39.32416414 ], [ -77.77064229, 39.32356364 ], [ -77.77225048, 39.32398675 ], [ -77.77191411, 39.32457259 ], [ -77.77068913, 39.32416414 ] ] ], [ [ [ -77.69880949, 39.32463561 ], [ -77.69804395, 39.32441131 ], [ -77.69877207, 39.32450302 ], [ -77.69880949, 39.32463561 ] ] ], [ [ [ -77.77251003, 39.32465813 ], [ -77.77264393, 39.32413259 ], [ -77.77416053, 39.32426863 ], [ -77.77369371, 39.32489349 ], [ -77.77251003, 39.32465813 ] ] ], [ [ [ -77.71177151, 39.32523511 ], [ -77.71226896, 39.32467843 ], [ -77.71349549, 39.32513438 ], [ -77.71177151, 39.32523511 ] ] ], [ [ [ -77.7111436, 39.32537715 ], [ -77.7113435, 39.32507434 ], [ -77.7115869, 39.32534964 ], [ -77.7111436, 39.32537715 ] ] ], [ [ [ -77.69880949, 39.32463561 ], [ -77.70274572, 39.3252975 ], [ -77.70289712, 39.32562157 ], [ -77.7006287, 39.32531385 ], [ -77.69880949, 39.32463561 ] ] ], [ [ [ -77.70398031, 39.32540396 ], [ -77.70373648, 39.32567745 ], [ -77.70317003, 39.32539277 ], [ -77.70398031, 39.32540396 ] ] ], [ [ [ -77.70398031, 39.32540396 ], [ -77.7046565, 39.32513309 ], [ -77.70622047, 39.32562358 ], [ -77.70465822, 39.32574424 ], [ -77.70398031, 39.32540396 ] ] ], [ [ [ -77.7111436, 39.32537715 ], [ -77.70842357, 39.32585758 ], [ -77.7077466, 39.32543308 ], [ -77.71019503, 39.32506157 ], [ -77.7111436, 39.32537715 ] ] ], [ [ [ -77.7318347, 39.32592357 ], [ -77.73177117, 39.32584897 ], [ -77.73200303, 39.3259611 ], [ -77.7318347, 39.32592357 ] ] ], [ [ [ -77.77251003, 39.32465813 ], [ -77.77164611, 39.32602481 ], [ -77.77033887, 39.32548727 ], [ -77.77251003, 39.32465813 ] ] ], [ [ [ -77.7327769, 39.32613363 ], [ -77.73210422, 39.32598366 ], [ -77.73162089, 39.32547775 ], [ -77.73280632, 39.32566197 ], [ -77.7327769, 39.32613363 ] ] ], [ [ [ -77.7327769, 39.32613363 ], [ -77.7334664, 39.32623591 ], [ -77.73339931, 39.32649865 ], [ -77.73270981, 39.32639638 ], [ -77.7327769, 39.32613363 ] ] ], [ [ [ -77.73374406, 39.32654979 ], [ -77.73381115, 39.32628704 ], [ -77.73481596, 39.32655575 ], [ -77.73477832, 39.32670319 ], [ -77.73374406, 39.32654979 ] ] ], [ [ [ -77.73339931, 39.32649865 ], [ -77.73374406, 39.32654979 ], [ -77.73348575, 39.32686074 ], [ -77.73339931, 39.32649865 ] ] ], [ [ [ -77.75069488, 39.32742658 ], [ -77.75016668, 39.32722188 ], [ -77.75006515, 39.32703601 ], [ -77.75061934, 39.32676255 ], [ -77.75069488, 39.32742658 ] ] ], [ [ [ -77.73477832, 39.32670319 ], [ -77.73701264, 39.32720774 ], [ -77.73889264, 39.3274058 ], [ -77.73471123, 39.32696594 ], [ -77.73477832, 39.32670319 ] ] ], [ [ [ -77.74031643, 39.32765331 ], [ -77.73966698, 39.32749727 ], [ -77.74010135, 39.32754859 ], [ -77.74031643, 39.32765331 ] ] ], [ [ [ -77.73788185, 39.3269196 ], [ -77.74078172, 39.32717198 ], [ -77.7409382, 39.32771277 ], [ -77.74038006, 39.32743268 ], [ -77.73788185, 39.3269196 ] ] ], [ [ [ -77.67968199, 39.32806418 ], [ -77.67946776, 39.32798197 ], [ -77.67967134, 39.32796414 ], [ -77.67968199, 39.32806418 ] ] ], [ [ [ -77.7741201, 39.32816855 ], [ -77.77431973, 39.32786563 ], [ -77.77456339, 39.32814082 ], [ -77.7741201, 39.32816855 ] ] ], [ [ [ -77.77370836, 39.3283803 ], [ -77.77377531, 39.32811753 ], [ -77.7741201, 39.32816855 ], [ -77.77405315, 39.32843132 ], [ -77.77370836, 39.3283803 ] ] ], [ [ [ -77.73884831, 39.32757945 ], [ -77.74035067, 39.32766998 ], [ -77.74161474, 39.3285916 ], [ -77.73911669, 39.32795305 ], [ -77.73884831, 39.32757945 ] ] ], [ [ [ -77.77370836, 39.3283803 ], [ -77.77364141, 39.32864307 ], [ -77.77323329, 39.32844633 ], [ -77.77370836, 39.3283803 ] ] ], [ [ [ -77.77185051, 39.32865071 ], [ -77.7710847, 39.32842686 ], [ -77.77174814, 39.32828938 ], [ -77.77185051, 39.32865071 ] ] ], [ [ [ -77.77405315, 39.32843132 ], [ -77.77446127, 39.32862806 ], [ -77.7739862, 39.32869409 ], [ -77.77405315, 39.32843132 ] ] ], [ [ [ -77.75069488, 39.32742658 ], [ -77.75171271, 39.32827792 ], [ -77.75159608, 39.32871531 ], [ -77.75031404, 39.32849028 ], [ -77.75069488, 39.32742658 ] ] ], [ [ [ -77.74586138, 39.32922405 ], [ -77.74596175, 39.32888358 ], [ -77.74614964, 39.32898431 ], [ -77.74606827, 39.32926033 ], [ -77.74586138, 39.32922405 ] ] ], [ [ [ -77.76779649, 39.32926169 ], [ -77.76784426, 39.329172 ], [ -77.7678841, 39.32924275 ], [ -77.76779649, 39.32926169 ] ] ], [ [ [ -77.74618505, 39.32928082 ], [ -77.7462545, 39.32904052 ], [ -77.74681913, 39.32934322 ], [ -77.7468057, 39.32938969 ], [ -77.74618505, 39.32928082 ] ] ], [ [ [ -77.65468965, 39.31807028 ], [ -77.65552439, 39.31805828 ], [ -77.64970457, 39.3157645 ], [ -77.65586144, 39.31697528 ], [ -77.66250294, 39.31923636 ], [ -77.66501448, 39.32131597 ], [ -77.66533995, 39.32286077 ], [ -77.66671624, 39.32473025 ], [ -77.66915353, 39.32690397 ], [ -77.67130463, 39.32785213 ], [ -77.67387022, 39.32772036 ], [ -77.67681304, 39.32857432 ], [ -77.67947742, 39.32820114 ], [ -77.68303583, 39.32732175 ], [ -77.68613765, 39.32531741 ], [ -77.68882133, 39.3245144 ], [ -77.69078056, 39.32355473 ], [ -77.69279795, 39.32340273 ], [ -77.69294936, 39.32376455 ], [ -77.68886367, 39.32506358 ], [ -77.68207667, 39.32933257 ], [ -77.67175218, 39.32967355 ], [ -77.67197265, 39.32901408 ], [ -77.66836871, 39.32758765 ], [ -77.66737725, 39.32765299 ], [ -77.6651269, 39.32529265 ], [ -77.66489191, 39.32552291 ], [ -77.66506245, 39.32518706 ], [ -77.65923566, 39.32065633 ], [ -77.65439469, 39.31844112 ], [ -77.65468965, 39.31807028 ] ] ], [ [ [ -77.74802456, 39.33023367 ], [ -77.74549601, 39.32923644 ], [ -77.74547749, 39.32921919 ], [ -77.747911, 39.32965731 ], [ -77.74867109, 39.33056721 ], [ -77.74802456, 39.33023367 ] ] ], [ [ [ -77.77185051, 39.32865071 ], [ -77.77270555, 39.32889602 ], [ -77.77287512, 39.32954489 ], [ -77.77364141, 39.32864307 ], [ -77.77492886, 39.3289212 ], [ -77.77490172, 39.32820553 ], [ -77.77587752, 39.32743709 ], [ -77.77652147, 39.32765167 ], [ -77.77540074, 39.32845139 ], [ -77.7756444, 39.32872657 ], [ -77.77759103, 39.32794524 ], [ -77.77668262, 39.32977189 ], [ -77.77443093, 39.33054989 ], [ -77.77395356, 39.33062235 ], [ -77.76860742, 39.32962167 ], [ -77.76912111, 39.32866587 ], [ -77.77014764, 39.3298883 ], [ -77.77053431, 39.32883097 ], [ -77.77157358, 39.3290519 ], [ -77.77185051, 39.32865071 ] ] ], [ [ [ -77.75328504, 39.33066868 ], [ -77.75339598, 39.33036431 ], [ -77.75440093, 39.33061676 ], [ -77.7542529, 39.33099274 ], [ -77.75238037, 39.33078737 ], [ -77.75328504, 39.33066868 ] ] ], [ [ [ -77.75173554, 39.33087197 ], [ -77.75215246, 39.33081727 ], [ -77.75162854, 39.33129004 ], [ -77.75173554, 39.33087197 ] ] ], [ [ [ -77.75087591, 39.33170463 ], [ -77.75114241, 39.33069498 ], [ -77.75162042, 39.33080981 ], [ -77.75143001, 39.33151067 ], [ -77.75087591, 39.33170463 ] ] ], [ [ [ -77.75490111, 39.33113668 ], [ -77.75556873, 39.33109225 ], [ -77.75560228, 39.33172571 ], [ -77.75501858, 39.33223621 ], [ -77.75336073, 39.3317307 ], [ -77.75490111, 39.33113668 ] ] ], [ [ [ -77.75976862, 39.33207134 ], [ -77.7582536, 39.33159938 ], [ -77.75784507, 39.33222183 ], [ -77.75696347, 39.33230654 ], [ -77.76048686, 39.32649648 ], [ -77.75985409, 39.32615646 ], [ -77.76066696, 39.32460807 ], [ -77.7639943, 39.31943903 ], [ -77.76455282, 39.31863764 ], [ -77.76665422, 39.31818072 ], [ -77.76535454, 39.32038143 ], [ -77.76622406, 39.32069519 ], [ -77.76636582, 39.32143347 ], [ -77.76496211, 39.32260995 ], [ -77.76286267, 39.32630158 ], [ -77.7636044, 39.32732287 ], [ -77.76226412, 39.3266956 ], [ -77.76202126, 39.32719175 ], [ -77.76468577, 39.32865537 ], [ -77.76394059, 39.32953009 ], [ -77.76205857, 39.32989492 ], [ -77.7631286, 39.33054893 ], [ -77.7617941, 39.33329778 ], [ -77.75996573, 39.33383946 ], [ -77.75927646, 39.33455544 ], [ -77.75754806, 39.33380042 ], [ -77.76089484, 39.33274097 ], [ -77.75976862, 39.33207134 ] ] ], [ [ [ -77.75979279, 39.33462179 ], [ -77.76057224, 39.33416881 ], [ -77.76098686, 39.33444784 ], [ -77.76067954, 39.33477441 ], [ -77.75979279, 39.33462179 ] ] ], [ [ [ -77.7477259, 39.33625817 ], [ -77.74749455, 39.33616956 ], [ -77.74771667, 39.33617217 ], [ -77.7477259, 39.33625817 ] ] ], [ [ [ -77.73587787, 39.33641076 ], [ -77.73620259, 39.33645891 ], [ -77.73597597, 39.33666462 ], [ -77.73587787, 39.33641076 ] ] ], [ [ [ -77.73669231, 39.33462263 ], [ -77.7381734, 39.33308727 ], [ -77.73874471, 39.33429193 ], [ -77.7383268, 39.33724077 ], [ -77.7378653, 39.33703435 ], [ -77.73812283, 39.33614071 ], [ -77.7364612, 39.33563476 ], [ -77.73622972, 39.33643428 ], [ -77.73669231, 39.33462263 ] ] ], [ [ [ -77.7293728, 39.34226358 ], [ -77.72958925, 39.34229568 ], [ -77.72928214, 39.34261844 ], [ -77.7293728, 39.34226358 ] ] ], [ [ [ -77.72889373, 39.34273793 ], [ -77.72894226, 39.34274513 ], [ -77.72888659, 39.34276588 ], [ -77.72889373, 39.34273793 ] ] ], [ [ [ -77.73669231, 39.33462263 ], [ -77.73634752, 39.3345715 ], [ -77.73587787, 39.33641076 ], [ -77.73552686, 39.33638397 ], [ -77.73268205, 39.33456038 ], [ -77.73103469, 39.33477736 ], [ -77.72852933, 39.33322557 ], [ -77.72784917, 39.33521638 ], [ -77.72703836, 39.33517296 ], [ -77.7257302, 39.33669369 ], [ -77.72638184, 39.33845196 ], [ -77.72705178, 39.33862764 ], [ -77.72740571, 39.33958258 ], [ -77.7267229, 39.34115264 ], [ -77.72314134, 39.34027505 ], [ -77.72945216, 39.34207904 ], [ -77.72794959, 39.34355283 ], [ -77.72739443, 39.34339376 ], [ -77.72686472, 39.34460706 ], [ -77.72538643, 39.34418866 ], [ -77.72380943, 39.34617295 ], [ -77.7080225, 39.34166404 ], [ -77.7093465, 39.33935901 ], [ -77.71033185, 39.33964084 ], [ -77.71054585, 39.33926854 ], [ -77.70958768, 39.33899177 ], [ -77.71021996, 39.3378814 ], [ -77.7112706, 39.33817438 ], [ -77.71197537, 39.33705491 ], [ -77.71122424, 39.33646368 ], [ -77.71180425, 39.3354678 ], [ -77.71276633, 39.33574297 ], [ -77.71298486, 39.33536774 ], [ -77.71215391, 39.33486743 ], [ -77.71363152, 39.33529005 ], [ -77.71343899, 39.3346443 ], [ -77.71397521, 39.33348565 ], [ -77.71313225, 39.33324455 ], [ -77.71423804, 39.33083308 ], [ -77.71513903, 39.33110169 ], [ -77.71532878, 39.33068787 ], [ -77.7144278, 39.33041926 ], [ -77.71519212, 39.32875232 ], [ -77.71434442, 39.32608715 ], [ -77.71589576, 39.32575226 ], [ -77.71594951, 39.32538303 ], [ -77.72246046, 39.32424979 ], [ -77.72522879, 39.32434694 ], [ -77.7301965, 39.32874925 ], [ -77.73527484, 39.33141366 ], [ -77.73697981, 39.33280616 ], [ -77.73669231, 39.33462263 ] ] ], [ [ [ -77.39370179, 39.34644556 ], [ -77.39368371, 39.3464333 ], [ -77.39376991, 39.34648066 ], [ -77.39370179, 39.34644556 ] ] ], [ [ [ -77.39928276, 39.34637022 ], [ -77.39943747, 39.34634704 ], [ -77.39860218, 39.34714833 ], [ -77.39859488, 39.347059 ], [ -77.39928276, 39.34637022 ] ] ], [ [ [ -77.38853318, 39.34407028 ], [ -77.39172725, 39.34223459 ], [ -77.39363714, 39.34336688 ], [ -77.3918494, 39.34542552 ], [ -77.39246526, 39.34576388 ], [ -77.39153544, 39.3458594 ], [ -77.39059101, 39.34726096 ], [ -77.38844368, 39.3447321 ], [ -77.38853318, 39.34407028 ] ] ], [ [ [ -77.39200586, 39.34822086 ], [ -77.39230271, 39.34763811 ], [ -77.3924805, 39.34814428 ], [ -77.39200586, 39.34822086 ] ] ], [ [ [ -77.39200586, 39.34822086 ], [ -77.3919375, 39.34848342 ], [ -77.39153031, 39.34828544 ], [ -77.39200586, 39.34822086 ] ] ], [ [ [ -77.39578344, 39.34846462 ], [ -77.39583002, 39.34797307 ], [ -77.39640672, 39.34866174 ], [ -77.39616045, 39.34891558 ], [ -77.39578344, 39.34846462 ] ] ], [ [ [ -77.3903568, 39.3504277 ], [ -77.39055811, 39.3501254 ], [ -77.39080037, 39.35040133 ], [ -77.3903568, 39.3504277 ] ] ], [ [ [ -77.3919375, 39.34848342 ], [ -77.39572412, 39.34936531 ], [ -77.39493232, 39.35018144 ], [ -77.39579896, 39.35064051 ], [ -77.39342486, 39.35023989 ], [ -77.3932093, 39.34929629 ], [ -77.39242153, 39.3492959 ], [ -77.3919375, 39.34848342 ] ] ], [ [ [ -77.40262377, 39.35146232 ], [ -77.40315722, 39.35002501 ], [ -77.40480607, 39.34757726 ], [ -77.40527326, 39.34794468 ], [ -77.40331531, 39.35107302 ], [ -77.40262377, 39.35146232 ] ] ], [ [ [ -77.40262377, 39.35146232 ], [ -77.40217042, 39.35258695 ], [ -77.40211772, 39.35159843 ], [ -77.40262377, 39.35146232 ] ] ], [ [ [ -77.38496659, 39.35310914 ], [ -77.38546632, 39.35304922 ], [ -77.38549803, 39.35336784 ], [ -77.38496659, 39.35310914 ] ] ], [ [ [ -77.39230944, 39.35434518 ], [ -77.3914647, 39.35305119 ], [ -77.39290892, 39.35360649 ], [ -77.39230944, 39.35434518 ] ] ], [ [ [ -77.3903568, 39.3504277 ], [ -77.39002809, 39.35175136 ], [ -77.39044947, 39.35255185 ], [ -77.38950815, 39.35452885 ], [ -77.38880533, 39.35419113 ], [ -77.38791295, 39.35484845 ], [ -77.38738163, 39.3544802 ], [ -77.38815163, 39.35370545 ], [ -77.38747857, 39.35232309 ], [ -77.38831267, 39.35118122 ], [ -77.38988069, 39.35141735 ], [ -77.38922742, 39.35093925 ], [ -77.3903568, 39.3504277 ] ] ], [ [ [ -77.73999423, 39.35392839 ], [ -77.74061691, 39.35429338 ], [ -77.74038715, 39.35519315 ], [ -77.7400463, 39.35520392 ], [ -77.74050371, 39.35436724 ], [ -77.73976148, 39.35415957 ], [ -77.73999423, 39.35392839 ] ] ], [ [ [ -77.74061691, 39.35429338 ], [ -77.73998772, 39.35391088 ], [ -77.74142988, 39.35232557 ], [ -77.74413036, 39.34683709 ], [ -77.74347561, 39.34671958 ], [ -77.74339464, 39.34445757 ], [ -77.74233108, 39.34434058 ], [ -77.74291395, 39.34311307 ], [ -77.73994144, 39.34163034 ], [ -77.73997911, 39.34128173 ], [ -77.74569237, 39.34189911 ], [ -77.74719902, 39.33972512 ], [ -77.74794258, 39.34010426 ], [ -77.74887701, 39.33933143 ], [ -77.74829098, 39.33825076 ], [ -77.75001507, 39.33850622 ], [ -77.75090584, 39.33782012 ], [ -77.75311847, 39.33896598 ], [ -77.75332923, 39.33954259 ], [ -77.75367406, 39.33959367 ], [ -77.75353999, 39.34011919 ], [ -77.75441393, 39.34090181 ], [ -77.75543601, 39.34056873 ], [ -77.7560923, 39.33969608 ], [ -77.75598808, 39.33897575 ], [ -77.75476588, 39.33811925 ], [ -77.75489994, 39.33759373 ], [ -77.75417503, 39.33686747 ], [ -77.75351148, 39.33700486 ], [ -77.75455512, 39.33754265 ], [ -77.75442106, 39.33806818 ], [ -77.75532148, 39.33874693 ], [ -77.75557197, 39.33973844 ], [ -77.75485229, 39.34058626 ], [ -77.75388482, 39.34017027 ], [ -77.75401888, 39.33964475 ], [ -77.75311847, 39.33896598 ], [ -77.75304912, 39.33807346 ], [ -77.75133565, 39.33749972 ], [ -77.75021621, 39.33771794 ], [ -77.75008212, 39.33824346 ], [ -77.74835803, 39.337988 ], [ -77.74538966, 39.34146731 ], [ -77.74459853, 39.34107118 ], [ -77.74528874, 39.34015865 ], [ -77.74227131, 39.34094523 ], [ -77.74151362, 39.34033127 ], [ -77.74064175, 39.34042399 ], [ -77.7405726, 39.3391746 ], [ -77.73922544, 39.33887624 ], [ -77.73942754, 39.33726216 ], [ -77.73871985, 39.33723644 ], [ -77.73958905, 39.33466065 ], [ -77.73901491, 39.33327395 ], [ -77.74598836, 39.33620693 ], [ -77.74730605, 39.33650114 ], [ -77.75207218, 39.33597509 ], [ -77.75409704, 39.33654611 ], [ -77.7558372, 39.33761186 ], [ -77.75709064, 39.33897591 ], [ -77.7575593, 39.34036664 ], [ -77.75654096, 39.34329443 ], [ -77.7546106, 39.34467843 ], [ -77.75309666, 39.34531034 ], [ -77.75019527, 39.34560009 ], [ -77.74699333, 39.34750545 ], [ -77.74214012, 39.3534499 ], [ -77.74022376, 39.3572348 ], [ -77.7409618, 39.35434449 ], [ -77.74061691, 39.35429338 ] ] ], [ [ [ -77.74022376, 39.3572348 ], [ -77.73999353, 39.35868921 ], [ -77.74008972, 39.35738233 ], [ -77.74022376, 39.3572348 ] ] ], [ [ [ -77.39189192, 39.35966525 ], [ -77.39117558, 39.35910323 ], [ -77.39176399, 39.35844287 ], [ -77.39228611, 39.35902192 ], [ -77.39189192, 39.35966525 ] ] ], [ [ [ -77.40909149, 39.35376687 ], [ -77.40813797, 39.352295 ], [ -77.41103216, 39.35487454 ], [ -77.4115437, 39.35591476 ], [ -77.41139985, 39.35838849 ], [ -77.41009636, 39.35981446 ], [ -77.41100893, 39.35584588 ], [ -77.40909149, 39.35376687 ] ] ], [ [ [ -77.39189192, 39.35966525 ], [ -77.39228875, 39.35981862 ], [ -77.39192655, 39.36000321 ], [ -77.39189192, 39.35966525 ] ] ], [ [ [ -77.40925924, 39.36037797 ], [ -77.4094605, 39.36007564 ], [ -77.40970287, 39.36035153 ], [ -77.40925924, 39.36037797 ] ] ], [ [ [ -77.40378888, 39.35993641 ], [ -77.40450207, 39.35938686 ], [ -77.40528989, 39.35967451 ], [ -77.40337342, 39.36040913 ], [ -77.40378888, 39.35993641 ] ] ], [ [ [ -77.40884626, 39.36058851 ], [ -77.40891456, 39.36032594 ], [ -77.40925924, 39.36037797 ], [ -77.40919094, 39.36064055 ], [ -77.40884626, 39.36058851 ] ] ], [ [ [ -77.38879275, 39.36056141 ], [ -77.3889295, 39.36003628 ], [ -77.38996349, 39.36019254 ], [ -77.38982675, 39.36071767 ], [ -77.38879275, 39.36056141 ] ] ], [ [ [ -77.39831238, 39.35921332 ], [ -77.39787172, 39.35807451 ], [ -77.3990239, 39.35788745 ], [ -77.39883246, 39.35840258 ], [ -77.39927481, 39.35899666 ], [ -77.40010826, 39.35809873 ], [ -77.40113914, 39.35546676 ], [ -77.40449101, 39.3510034 ], [ -77.40671213, 39.34902666 ], [ -77.40680727, 39.34840204 ], [ -77.40752799, 39.34869652 ], [ -77.40696133, 39.34938774 ], [ -77.40743695, 39.35091052 ], [ -77.40636731, 39.35470349 ], [ -77.40496619, 39.35645411 ], [ -77.400766, 39.35942515 ], [ -77.4023817, 39.36128957 ], [ -77.40005835, 39.36129813 ], [ -77.39831238, 39.35921332 ] ] ], [ [ [ -77.40884626, 39.36058851 ], [ -77.40830427, 39.36145027 ], [ -77.40753898, 39.36148271 ], [ -77.40834111, 39.36069614 ], [ -77.40884626, 39.36058851 ] ] ], [ [ [ -77.39464817, 39.36146948 ], [ -77.39513355, 39.3609737 ], [ -77.39561367, 39.36196152 ], [ -77.39464817, 39.36146948 ] ] ], [ [ [ -77.40705768, 39.36195582 ], [ -77.4071943, 39.36143068 ], [ -77.40753898, 39.36148271 ], [ -77.40740237, 39.36200786 ], [ -77.40705768, 39.36195582 ] ] ], [ [ [ -77.73994107, 39.36039806 ], [ -77.73997818, 39.36020816 ], [ -77.73986425, 39.36230064 ], [ -77.73986063, 39.36123484 ], [ -77.73994107, 39.36039806 ] ] ], [ [ [ -77.40292452, 39.36269622 ], [ -77.40252766, 39.36254288 ], [ -77.40288985, 39.36235826 ], [ -77.40292452, 39.36269622 ] ] ], [ [ [ -77.40705768, 39.36195582 ], [ -77.40710847, 39.3628108 ], [ -77.40596694, 39.3628324 ], [ -77.40682579, 39.36203228 ], [ -77.40705768, 39.36195582 ] ] ], [ [ [ -77.39792943, 39.3634009 ], [ -77.39796226, 39.36249258 ], [ -77.39867328, 39.36311298 ], [ -77.39792943, 39.3634009 ] ] ], [ [ [ -77.4050283, 39.36304898 ], [ -77.40540567, 39.36279796 ], [ -77.40611675, 39.36341832 ], [ -77.40394631, 39.36367663 ], [ -77.4050283, 39.36304898 ] ] ], [ [ [ -77.40056213, 39.36395016 ], [ -77.39954601, 39.36191311 ], [ -77.40098195, 39.3623451 ], [ -77.40077255, 39.36333522 ], [ -77.40134589, 39.3638933 ], [ -77.40056213, 39.36395016 ] ] ], [ [ [ -77.40292452, 39.36269622 ], [ -77.40388078, 39.36369992 ], [ -77.40223819, 39.36395703 ], [ -77.40255598, 39.3632978 ], [ -77.40292452, 39.36269622 ] ] ], [ [ [ -77.40223819, 39.36395703 ], [ -77.4020369, 39.36425935 ], [ -77.40179454, 39.36398344 ], [ -77.40223819, 39.36395703 ] ] ], [ [ [ -77.73958097, 39.36395703 ], [ -77.7387178, 39.36466762 ], [ -77.73853595, 39.3626616 ], [ -77.73984048, 39.36243963 ], [ -77.73958097, 39.36395703 ] ] ], [ [ [ -77.38464911, 39.36550726 ], [ -77.38452812, 39.36455614 ], [ -77.38558517, 39.36526078 ], [ -77.38464911, 39.36550726 ] ] ], [ [ [ -77.39569495, 39.36569771 ], [ -77.39602935, 39.3650045 ], [ -77.39779787, 39.36398698 ], [ -77.39778024, 39.36344519 ], [ -77.39916292, 39.36393618 ], [ -77.39793296, 39.36548138 ], [ -77.3970579, 39.36518664 ], [ -77.39569495, 39.36569771 ] ] ], [ [ [ -77.73890902, 39.36488146 ], [ -77.73905444, 39.36474984 ], [ -77.73898194, 39.36598753 ], [ -77.73876461, 39.36526876 ], [ -77.73890902, 39.36488146 ] ] ], [ [ [ -77.3837968, 39.36213638 ], [ -77.38407195, 39.36183436 ], [ -77.38647862, 39.36301723 ], [ -77.38779697, 39.3663879 ], [ -77.3859824, 39.36575455 ], [ -77.38569654, 39.36479764 ], [ -77.38441201, 39.36414297 ], [ -77.38488782, 39.36286364 ], [ -77.3837968, 39.36213638 ] ] ], [ [ [ -77.38508342, 39.36655038 ], [ -77.38430664, 39.36629479 ], [ -77.38480828, 39.3658861 ], [ -77.38508342, 39.36655038 ] ] ], [ [ [ -77.38508342, 39.36655038 ], [ -77.38549069, 39.36674838 ], [ -77.38501502, 39.36681294 ], [ -77.38508342, 39.36655038 ] ] ], [ [ [ -77.39362966, 39.36675019 ], [ -77.39497436, 39.36572817 ], [ -77.39569495, 39.36569771 ], [ -77.39548988, 39.36648542 ], [ -77.39480048, 39.36638128 ], [ -77.39466376, 39.36690641 ], [ -77.39362966, 39.36675019 ] ] ], [ [ [ -77.39321659, 39.36696069 ], [ -77.39328496, 39.36669812 ], [ -77.39362966, 39.36675019 ], [ -77.39356129, 39.36701276 ], [ -77.39321659, 39.36696069 ] ] ], [ [ [ -77.39176942, 39.36701494 ], [ -77.39210069, 39.36643065 ], [ -77.39211412, 39.36706702 ], [ -77.39176942, 39.36701494 ] ] ], [ [ [ -77.37502162, 39.3666666 ], [ -77.37536631, 39.36671872 ], [ -77.37539862, 39.36707592 ], [ -77.37484647, 39.36692946 ], [ -77.37502162, 39.3666666 ] ] ], [ [ [ -77.39748974, 39.36706039 ], [ -77.3977528, 39.3664947 ], [ -77.39825639, 39.36709023 ], [ -77.39748974, 39.36706039 ] ] ], [ [ [ -77.39280352, 39.36717118 ], [ -77.39287189, 39.36690861 ], [ -77.39321659, 39.36696069 ], [ -77.39314823, 39.36722325 ], [ -77.39280352, 39.36717118 ] ] ], [ [ [ -77.39707669, 39.36727089 ], [ -77.39714504, 39.36700832 ], [ -77.39748974, 39.36706039 ], [ -77.39742139, 39.36732296 ], [ -77.39707669, 39.36727089 ] ] ], [ [ [ -77.39211412, 39.36706702 ], [ -77.39280352, 39.36717118 ], [ -77.39236343, 39.36748545 ], [ -77.39211412, 39.36706702 ] ] ], [ [ [ -77.38501502, 39.36681294 ], [ -77.38487823, 39.36733807 ], [ -77.38412044, 39.36749643 ], [ -77.38442607, 39.36693833 ], [ -77.38501502, 39.36681294 ] ] ], [ [ [ -77.39666363, 39.3674814 ], [ -77.39673198, 39.36721883 ], [ -77.39707669, 39.36727089 ], [ -77.39700833, 39.36753346 ], [ -77.39666363, 39.3674814 ] ] ], [ [ [ -77.39128798, 39.36748799 ], [ -77.39142472, 39.36696286 ], [ -77.39176942, 39.36701494 ], [ -77.39163268, 39.36754007 ], [ -77.39128798, 39.36748799 ] ] ], [ [ [ -77.38487823, 39.36733807 ], [ -77.38527509, 39.36749146 ], [ -77.38491282, 39.36767603 ], [ -77.38487823, 39.36733807 ] ] ], [ [ [ -77.39625057, 39.3676919 ], [ -77.39631892, 39.36742933 ], [ -77.39666363, 39.3674814 ], [ -77.39659527, 39.36774397 ], [ -77.39625057, 39.3676919 ] ] ], [ [ [ -77.39625057, 39.3676919 ], [ -77.39604924, 39.36799421 ], [ -77.39580689, 39.36771829 ], [ -77.39625057, 39.3676919 ] ] ], [ [ [ -77.37867637, 39.36776505 ], [ -77.37926788, 39.36810222 ], [ -77.37848745, 39.36789521 ], [ -77.37867637, 39.36776505 ] ] ], [ [ [ -77.39397725, 39.36816718 ], [ -77.39358037, 39.36801382 ], [ -77.39394261, 39.36782922 ], [ -77.39397725, 39.36816718 ] ] ], [ [ [ -77.39432195, 39.36821925 ], [ -77.39461887, 39.3676365 ], [ -77.39479672, 39.36814267 ], [ -77.39432195, 39.36821925 ] ] ], [ [ [ -77.39390888, 39.36842975 ], [ -77.39397725, 39.36816718 ], [ -77.39432195, 39.36821925 ], [ -77.39425359, 39.36848182 ], [ -77.39390888, 39.36842975 ] ] ], [ [ [ -77.39128798, 39.36748799 ], [ -77.39051963, 39.36858981 ], [ -77.38993073, 39.3680735 ], [ -77.39128798, 39.36748799 ] ] ], [ [ [ -77.38757889, 39.36734947 ], [ -77.38797775, 39.36644201 ], [ -77.3891139, 39.36839073 ], [ -77.38794911, 39.36901762 ], [ -77.38720217, 39.3686561 ], [ -77.38647206, 39.36753218 ], [ -77.38757889, 39.36734947 ] ] ], [ [ [ -77.39390888, 39.36842975 ], [ -77.39357341, 39.36902147 ], [ -77.39303684, 39.36863933 ], [ -77.39390888, 39.36842975 ] ] ], [ [ [ -77.38784652, 39.36969696 ], [ -77.38804789, 39.36939466 ], [ -77.38829021, 39.3696706 ], [ -77.38784652, 39.36969696 ] ] ], [ [ [ -77.38357323, 39.36959693 ], [ -77.38426264, 39.36970113 ], [ -77.38419424, 39.36996369 ], [ -77.38376603, 39.36989897 ], [ -77.38357323, 39.36959693 ] ] ], [ [ [ -77.38419424, 39.36996369 ], [ -77.38495929, 39.37018992 ], [ -77.3844075, 39.37030241 ], [ -77.38419424, 39.36996369 ] ] ], [ [ [ -77.38357323, 39.36959693 ], [ -77.37893998, 39.36732405 ], [ -77.37867637, 39.36776505 ], [ -77.37746625, 39.36747061 ], [ -77.37528161, 39.36635639 ], [ -77.37432541, 39.36679126 ], [ -77.37430424, 39.36611195 ], [ -77.37455066, 39.36598165 ], [ -77.37860522, 39.36751441 ], [ -77.38102203, 39.36496224 ], [ -77.38244822, 39.36688068 ], [ -77.38412044, 39.36749643 ], [ -77.38355457, 39.36879626 ], [ -77.38784652, 39.36969696 ], [ -77.38710258, 39.37027492 ], [ -77.38746889, 39.37057252 ], [ -77.38726844, 39.37136093 ], [ -77.38494658, 39.37062754 ], [ -77.38612153, 39.37001626 ], [ -77.38424933, 39.36911427 ], [ -77.38357323, 39.36959693 ] ] ], [ [ [ -77.73940784, 39.36883998 ], [ -77.73929069, 39.37015557 ], [ -77.7396951, 39.37051875 ], [ -77.73929924, 39.37206857 ], [ -77.73921454, 39.37090082 ], [ -77.73775249, 39.37055547 ], [ -77.73885329, 39.3694931 ], [ -77.73839831, 39.36715641 ], [ -77.73879509, 39.36684521 ], [ -77.73940784, 39.36883998 ] ] ], [ [ [ -77.73946043, 39.37215159 ], [ -77.73937482, 39.3721075 ], [ -77.73949224, 39.3721249 ], [ -77.73946043, 39.37215159 ] ] ], [ [ [ -77.3868179, 39.37227051 ], [ -77.38701928, 39.37196822 ], [ -77.38698053, 39.37226085 ], [ -77.3868179, 39.37227051 ] ] ], [ [ [ -77.3868179, 39.37227051 ], [ -77.38626496, 39.37374896 ], [ -77.38514671, 39.37328514 ], [ -77.38648635, 39.37155228 ], [ -77.3868179, 39.37227051 ] ] ], [ [ [ -77.39122549, 39.37436355 ], [ -77.39130216, 39.37431257 ], [ -77.39141862, 39.3744142 ], [ -77.39126959, 39.37440191 ], [ -77.39122549, 39.37436355 ] ] ], [ [ [ -77.391702, 39.37468243 ], [ -77.39197986, 39.37490398 ], [ -77.39196606, 39.37511789 ], [ -77.3918431, 39.37492969 ], [ -77.391702, 39.37468243 ] ] ], [ [ [ -77.39445362, 39.37762998 ], [ -77.39441058, 39.37751109 ], [ -77.39501505, 39.37766428 ], [ -77.39445362, 39.37762998 ] ] ], [ [ [ -77.73945485, 39.37566447 ], [ -77.73910986, 39.37561335 ], [ -77.73864002, 39.37745264 ], [ -77.73829502, 39.37740152 ], [ -77.73695459, 39.37927312 ], [ -77.73624373, 39.37982457 ], [ -77.73505662, 39.37985862 ], [ -77.73665228, 39.37789438 ], [ -77.73819676, 39.37696973 ], [ -77.73982427, 39.3742182 ], [ -77.73945485, 39.37566447 ] ] ], [ [ [ -77.73421092, 39.38497739 ], [ -77.73407908, 39.38497499 ], [ -77.73432906, 39.3848692 ], [ -77.73421092, 39.38497739 ] ] ], [ [ [ -77.73239459, 39.38521834 ], [ -77.73093195, 39.38301295 ], [ -77.73247543, 39.38325644 ], [ -77.73363071, 39.38496681 ], [ -77.73239459, 39.38521834 ] ] ], [ [ [ -77.73352804, 39.39605712 ], [ -77.73347108, 39.39614338 ], [ -77.73342923, 39.39606326 ], [ -77.73352804, 39.39605712 ] ] ], [ [ [ -77.73422751, 39.3975243 ], [ -77.73420792, 39.39755396 ], [ -77.73419353, 39.39752641 ], [ -77.73422751, 39.3975243 ] ] ], [ [ [ -77.73570303, 39.40156079 ], [ -77.73568396, 39.40163542 ], [ -77.73564935, 39.40155284 ], [ -77.73570303, 39.40156079 ] ] ], [ [ [ -77.73591383, 39.40213743 ], [ -77.73590645, 39.40216631 ], [ -77.73589306, 39.40213436 ], [ -77.73591383, 39.40213743 ] ] ], [ [ [ -77.7364026, 39.40302796 ], [ -77.73637422, 39.40313899 ], [ -77.73630431, 39.40303549 ], [ -77.7364026, 39.40302796 ] ] ], [ [ [ -77.73716935, 39.40423237 ], [ -77.73715819, 39.40427603 ], [ -77.73712185, 39.40422533 ], [ -77.73716935, 39.40423237 ] ] ], [ [ [ -77.73744732, 39.40454625 ], [ -77.73742554, 39.40463146 ], [ -77.73735038, 39.40453189 ], [ -77.73744732, 39.40454625 ] ] ], [ [ [ -77.7377253, 39.40486013 ], [ -77.73769221, 39.40498959 ], [ -77.7375695, 39.40483705 ], [ -77.7377253, 39.40486013 ] ] ], [ [ [ -77.73800327, 39.40517401 ], [ -77.73796232, 39.40533427 ], [ -77.73781737, 39.40514647 ], [ -77.73800327, 39.40517401 ] ] ], [ [ [ -77.6391748, 39.40569969 ], [ -77.63933761, 39.40566564 ], [ -77.6396121, 39.40576766 ], [ -77.63920236, 39.4059625 ], [ -77.6391748, 39.40569969 ] ] ], [ [ [ -77.73828125, 39.40548789 ], [ -77.73865218, 39.40613394 ], [ -77.73805492, 39.40545437 ], [ -77.73828125, 39.40548789 ] ] ], [ [ [ -77.74042861, 39.40689676 ], [ -77.74048633, 39.4066709 ], [ -77.74077817, 39.40693059 ], [ -77.74077375, 39.40694788 ], [ -77.74042861, 39.40689676 ] ] ], [ [ [ -77.74070661, 39.40721064 ], [ -77.74077375, 39.40694788 ], [ -77.74107109, 39.40718608 ], [ -77.74105175, 39.40726175 ], [ -77.74070661, 39.40721064 ] ] ], [ [ [ -77.73967119, 39.40705729 ], [ -77.73960404, 39.40732004 ], [ -77.73994919, 39.40737116 ], [ -77.74075607, 39.40913053 ], [ -77.73895496, 39.40649986 ], [ -77.73967119, 39.40705729 ] ] ], [ [ [ -77.74265266, 39.40940775 ], [ -77.7427198, 39.40914499 ], [ -77.7430569, 39.4092276 ], [ -77.74299781, 39.40945886 ], [ -77.74265266, 39.40940775 ] ] ], [ [ [ -77.74103599, 39.40975906 ], [ -77.74161432, 39.41057722 ], [ -77.74169339, 39.41159465 ], [ -77.74134135, 39.41084048 ], [ -77.74103599, 39.40975906 ] ] ], [ [ [ -77.74194536, 39.4121401 ], [ -77.74217152, 39.41292886 ], [ -77.74219392, 39.41401348 ], [ -77.74178904, 39.41180134 ], [ -77.74194536, 39.4121401 ] ] ], [ [ [ -77.73994919, 39.40737116 ], [ -77.73970106, 39.40657902 ], [ -77.73690388, 39.40392034 ], [ -77.73591383, 39.40213743 ], [ -77.73573335, 39.40144215 ], [ -77.73616041, 39.40138202 ], [ -77.73503057, 39.39845799 ], [ -77.73466377, 39.39844758 ], [ -77.73454071, 39.39774401 ], [ -77.73352804, 39.39605712 ], [ -77.73366236, 39.39553161 ], [ -77.73324918, 39.39547038 ], [ -77.732114, 39.39035144 ], [ -77.73260479, 39.38815443 ], [ -77.73208742, 39.3879505 ], [ -77.73315566, 39.38588512 ], [ -77.7324145, 39.38524837 ], [ -77.73501306, 39.38496538 ], [ -77.73489915, 39.38465568 ], [ -77.73784571, 39.38346873 ], [ -77.74271108, 39.38280487 ], [ -77.73474085, 39.3804505 ], [ -77.73491691, 39.38011568 ], [ -77.7361766, 39.38008733 ], [ -77.73975154, 39.37870815 ], [ -77.74140945, 39.37922648 ], [ -77.74141043, 39.38038767 ], [ -77.7435108, 39.3813076 ], [ -77.74443884, 39.3805032 ], [ -77.74286377, 39.38085283 ], [ -77.74140945, 39.37922648 ], [ -77.74154368, 39.37870097 ], [ -77.74085367, 39.37859874 ], [ -77.74165901, 39.37544565 ], [ -77.74512142, 39.37341096 ], [ -77.74487773, 39.37313572 ], [ -77.74196192, 39.37488668 ], [ -77.74142744, 39.37552273 ], [ -77.74046236, 39.37815668 ], [ -77.73975154, 39.37870815 ], [ -77.7381374, 39.3786721 ], [ -77.74020253, 39.37413905 ], [ -77.74072459, 39.37398146 ], [ -77.74072178, 39.37274603 ], [ -77.7398978, 39.3740939 ], [ -77.74109145, 39.37207559 ], [ -77.74043832, 39.37133086 ], [ -77.73968399, 39.37196397 ], [ -77.74004006, 39.37056987 ], [ -77.7396951, 39.37051875 ], [ -77.73940784, 39.36883998 ], [ -77.73958097, 39.36395703 ], [ -77.74057365, 39.36367845 ], [ -77.74160464, 39.36688756 ], [ -77.74993782, 39.37800335 ], [ -77.75104983, 39.38055577 ], [ -77.7508887, 39.38111641 ], [ -77.74845435, 39.38253033 ], [ -77.73801108, 39.3838559 ], [ -77.73509689, 39.38575676 ], [ -77.73311728, 39.38792859 ], [ -77.73298714, 39.3912549 ], [ -77.73632143, 39.40045842 ], [ -77.7386175, 39.4048586 ], [ -77.74045744, 39.40663931 ], [ -77.74002015, 39.40669991 ], [ -77.74036147, 39.40715952 ], [ -77.74079319, 39.40757273 ], [ -77.74120517, 39.40730995 ], [ -77.74268695, 39.40872244 ], [ -77.7427198, 39.40914499 ], [ -77.74224417, 39.40921091 ], [ -77.74273925, 39.40976984 ], [ -77.74330828, 39.40967654 ], [ -77.74496301, 39.41438576 ], [ -77.74440002, 39.41444642 ], [ -77.74223261, 39.41030693 ], [ -77.74238727, 39.40984881 ], [ -77.73994919, 39.40737116 ] ] ], [ [ [ -77.74360127, 39.41691117 ], [ -77.742887, 39.41668683 ], [ -77.74271345, 39.41596781 ], [ -77.74331899, 39.41614288 ], [ -77.74360127, 39.41691117 ] ] ], [ [ [ -77.73815486, 39.41719547 ], [ -77.7380922, 39.41718619 ], [ -77.73812252, 39.41710705 ], [ -77.73815486, 39.41719547 ] ] ], [ [ [ -77.7445507, 39.41459742 ], [ -77.74533185, 39.41474197 ], [ -77.74619295, 39.41723167 ], [ -77.74536136, 39.41694958 ], [ -77.7445507, 39.41459742 ] ] ], [ [ [ -77.74360127, 39.41691117 ], [ -77.74375786, 39.41697108 ], [ -77.74399916, 39.41706342 ], [ -77.74363757, 39.41724903 ], [ -77.74360127, 39.41691117 ] ] ], [ [ [ -77.73815486, 39.41719547 ], [ -77.73874388, 39.41693936 ], [ -77.73835713, 39.41638182 ], [ -77.74052004, 39.41696211 ], [ -77.74010658, 39.41636292 ], [ -77.74185262, 39.41650491 ], [ -77.74157257, 39.41796932 ], [ -77.73923361, 39.41781928 ], [ -77.73797474, 39.41749275 ], [ -77.73815486, 39.41719547 ] ] ], [ [ [ -77.7465066, 39.41815939 ], [ -77.7461087, 39.41800715 ], [ -77.7464703, 39.41782153 ], [ -77.7465066, 39.41815939 ] ] ], [ [ [ -77.7465066, 39.41815939 ], [ -77.7478762, 39.41935496 ], [ -77.74755176, 39.4196776 ], [ -77.74656502, 39.41890984 ], [ -77.7465066, 39.41815939 ] ] ], [ [ [ -77.74755176, 39.4196776 ], [ -77.74794967, 39.41982984 ], [ -77.74758807, 39.42001546 ], [ -77.74755176, 39.4196776 ] ] ], [ [ [ -77.74704295, 39.4224251 ], [ -77.74678851, 39.4220983 ], [ -77.74565613, 39.42242114 ], [ -77.74456365, 39.42183252 ], [ -77.74455782, 39.42035803 ], [ -77.7470253, 39.42195531 ], [ -77.74740243, 39.42285171 ], [ -77.74704295, 39.4224251 ] ] ], [ [ [ -77.7496518, 39.42407892 ], [ -77.7498518, 39.42377603 ], [ -77.75009569, 39.42405127 ], [ -77.7496518, 39.42407892 ] ] ], [ [ [ -77.7496518, 39.42407892 ], [ -77.74925213, 39.42498187 ], [ -77.74859731, 39.42494307 ], [ -77.74794781, 39.42382283 ], [ -77.7496518, 39.42407892 ] ] ], [ [ [ -77.74981811, 39.42518463 ], [ -77.74973299, 39.4247828 ], [ -77.75007249, 39.42504518 ], [ -77.74981811, 39.42518463 ] ] ], [ [ [ -77.7565088, 39.42809316 ], [ -77.75573397, 39.42784991 ], [ -77.75604499, 39.42740551 ], [ -77.75680215, 39.42780146 ], [ -77.7565088, 39.42809316 ] ] ], [ [ [ -77.7565088, 39.42809316 ], [ -77.75754456, 39.42824637 ], [ -77.75747746, 39.42850914 ], [ -77.75650357, 39.42836508 ], [ -77.7565088, 39.42809316 ] ] ], [ [ [ -77.75741035, 39.42877191 ], [ -77.75826905, 39.42847967 ], [ -77.75844612, 39.42892512 ], [ -77.75741035, 39.42877191 ] ] ], [ [ [ -77.77224675, 39.42960213 ], [ -77.77156235, 39.42950098 ], [ -77.77222319, 39.42956303 ], [ -77.77224675, 39.42960213 ] ] ], [ [ [ -77.75837902, 39.42918789 ], [ -77.7593904, 39.42890256 ], [ -77.76055014, 39.42972857 ], [ -77.75837902, 39.42918789 ] ] ], [ [ [ -77.77224675, 39.42960213 ], [ -77.77264477, 39.42975429 ], [ -77.77228319, 39.42993998 ], [ -77.77224675, 39.42960213 ] ] ], [ [ [ -77.76148637, 39.42964746 ], [ -77.76128639, 39.42995036 ], [ -77.76104244, 39.42967515 ], [ -77.76148637, 39.42964746 ] ] ], [ [ [ -77.7678353, 39.43004081 ], [ -77.76832224, 39.42974857 ], [ -77.77155594, 39.42950054 ], [ -77.77131172, 39.42991317 ], [ -77.7678353, 39.43004081 ] ] ], [ [ [ -77.7678353, 39.43004081 ], [ -77.7676985, 39.43028616 ], [ -77.76664465, 39.43002277 ], [ -77.76744871, 39.42981572 ], [ -77.7678353, 39.43004081 ] ] ], [ [ [ -77.76349087, 39.43021657 ], [ -77.76392973, 39.42990098 ], [ -77.7641814, 39.43031867 ], [ -77.76349087, 39.43021657 ] ] ], [ [ [ -77.75741035, 39.42877191 ], [ -77.75744554, 39.42922264 ], [ -77.76209337, 39.43034856 ], [ -77.75945511, 39.42985532 ], [ -77.75934622, 39.43028331 ], [ -77.75704702, 39.42964532 ], [ -77.7567003, 39.42910555 ], [ -77.75741035, 39.42877191 ] ] ], [ [ [ -77.76204272, 39.43027512 ], [ -77.76217689, 39.42974957 ], [ -77.76152297, 39.42950406 ], [ -77.76349087, 39.43021657 ], [ -77.76204272, 39.43027512 ] ] ], [ [ [ -77.76574795, 39.43003332 ], [ -77.76588728, 39.43043888 ], [ -77.7650761, 39.4303495 ], [ -77.76557739, 39.43004027 ], [ -77.76574795, 39.43003332 ] ] ], [ [ [ -77.7641814, 39.43031867 ], [ -77.76457941, 39.43047086 ], [ -77.76421069, 39.43059053 ], [ -77.7641814, 39.43031867 ] ] ], [ [ [ -77.76468356, 39.43115739 ], [ -77.76468157, 39.43111515 ], [ -77.76470139, 39.43112043 ], [ -77.76468356, 39.43115739 ] ] ], [ [ [ -77.78329563, 39.43123457 ], [ -77.78271039, 39.4315483 ], [ -77.77782358, 39.43090488 ], [ -77.77273968, 39.42979029 ], [ -77.78329563, 39.43123457 ] ] ], [ [ [ -77.78240402, 39.43192092 ], [ -77.78297703, 39.43160173 ], [ -77.78355387, 39.43232116 ], [ -77.78258856, 39.43193528 ], [ -77.78240402, 39.43192092 ] ] ], [ [ [ -77.78240402, 39.43192092 ], [ -77.78170871, 39.43200839 ], [ -77.78164728, 39.43269689 ], [ -77.77494771, 39.43177686 ], [ -77.77518586, 39.43136004 ], [ -77.77396232, 39.43115056 ], [ -77.77496558, 39.43112862 ], [ -77.77654357, 39.43177281 ], [ -77.78240402, 39.43192092 ] ] ], [ [ [ -77.78513172, 39.43326788 ], [ -77.78731556, 39.43306049 ], [ -77.78801286, 39.43267207 ], [ -77.78742097, 39.4335958 ], [ -77.78513172, 39.43326788 ] ] ], [ [ [ -77.79593759, 39.43364645 ], [ -77.79599664, 39.43355693 ], [ -77.79615221, 39.433633 ], [ -77.79593759, 39.43364645 ] ] ], [ [ [ -77.78329563, 39.43123457 ], [ -77.78610036, 39.43128091 ], [ -77.79358259, 39.43276317 ], [ -77.7928429, 39.43275355 ], [ -77.79337532, 39.43307733 ], [ -77.79370958, 39.43279217 ], [ -77.79593759, 39.43364645 ], [ -77.78329563, 39.43123457 ] ] ], [ [ [ -77.7988445, 39.43489346 ], [ -77.79894002, 39.43477845 ], [ -77.79916097, 39.43494016 ], [ -77.7988445, 39.43489346 ] ] ], [ [ [ -77.7977416, 39.43500338 ], [ -77.79773061, 39.4350465 ], [ -77.7976226, 39.43498582 ], [ -77.7977416, 39.43500338 ] ] ], [ [ [ -77.79836527, 39.43536809 ], [ -77.79835795, 39.43539679 ], [ -77.79829683, 39.43535799 ], [ -77.79836527, 39.43536809 ] ] ], [ [ [ -77.79836527, 39.43536809 ], [ -77.79780856, 39.43474059 ], [ -77.79620235, 39.43417407 ], [ -77.79659648, 39.43381288 ], [ -77.79841651, 39.43452763 ], [ -77.80048802, 39.43654274 ], [ -77.79836527, 39.43536809 ] ] ], [ [ [ -77.7283194, 39.44164599 ], [ -77.72800795, 39.44177575 ], [ -77.72814313, 39.44153814 ], [ -77.7283194, 39.44164599 ] ] ], [ [ [ -77.72874112, 39.44279931 ], [ -77.72854883, 39.44331625 ], [ -77.72791087, 39.44202659 ], [ -77.72874112, 39.44279931 ] ] ], [ [ [ -77.72860669, 39.44332482 ], [ -77.72895199, 39.44337597 ], [ -77.72888477, 39.44363872 ], [ -77.72871616, 39.44361375 ], [ -77.72860669, 39.44332482 ] ] ], [ [ [ -77.72888477, 39.44363872 ], [ -77.72950817, 39.44400378 ], [ -77.72937373, 39.44452929 ], [ -77.72914351, 39.44439314 ], [ -77.72888477, 39.44363872 ] ] ], [ [ [ -77.72937373, 39.44452929 ], [ -77.72971904, 39.44458043 ], [ -77.72965183, 39.44484319 ], [ -77.72934342, 39.44479751 ], [ -77.72937373, 39.44452929 ] ] ], [ [ [ -77.72965183, 39.44484319 ], [ -77.72999714, 39.44489434 ], [ -77.72986271, 39.44541985 ], [ -77.72951739, 39.4453687 ], [ -77.72965183, 39.44484319 ] ] ], [ [ [ -77.72986271, 39.44541985 ], [ -77.73041891, 39.44604765 ], [ -77.73009575, 39.44636412 ], [ -77.72942789, 39.44585194 ], [ -77.72986271, 39.44541985 ] ] ], [ [ [ -77.72537625, 39.44652145 ], [ -77.72552722, 39.44646905 ], [ -77.72556161, 39.44656549 ], [ -77.72537625, 39.44652145 ] ] ], [ [ [ -77.73704724, 39.44675648 ], [ -77.73780509, 39.44659597 ], [ -77.73760352, 39.44738425 ], [ -77.73719002, 39.44713981 ], [ -77.73704724, 39.44675648 ] ] ], [ [ [ -77.73104233, 39.4464127 ], [ -77.7311188, 39.44751487 ], [ -77.73050047, 39.4476245 ], [ -77.73035347, 39.44660995 ], [ -77.73104233, 39.4464127 ] ] ], [ [ [ -77.72644488, 39.44620772 ], [ -77.72803543, 39.44575476 ], [ -77.73023201, 39.44740557 ], [ -77.72794741, 39.44800923 ], [ -77.72644488, 39.44620772 ] ] ], [ [ [ -77.7311188, 39.44751487 ], [ -77.73156796, 39.447418 ], [ -77.73110955, 39.44614994 ], [ -77.73041891, 39.44604765 ], [ -77.73025002, 39.44458098 ], [ -77.72895199, 39.44337597 ], [ -77.72908643, 39.44285046 ], [ -77.7283194, 39.44164599 ], [ -77.73487608, 39.44074096 ], [ -77.73533972, 39.44106254 ], [ -77.73592624, 39.4439646 ], [ -77.73655374, 39.44429253 ], [ -77.73745976, 39.44654484 ], [ -77.73687032, 39.4466189 ], [ -77.73668442, 39.44577325 ], [ -77.73301567, 39.4468108 ], [ -77.7323866, 39.44759124 ], [ -77.73098437, 39.44804038 ], [ -77.7311188, 39.44751487 ] ], [ [ -77.73331588, 39.44593127 ], [ -77.73412754, 39.4459422 ], [ -77.73269245, 39.44556623 ], [ -77.73254876, 39.44472682 ], [ -77.7315815, 39.444205 ], [ -77.73095716, 39.44473432 ], [ -77.73141464, 39.44543678 ], [ -77.73177641, 39.44525121 ], [ -77.73137839, 39.44509891 ], [ -77.73151282, 39.4445734 ], [ -77.73185813, 39.44462454 ], [ -77.73269245, 39.44556623 ], [ -77.73209811, 39.44615686 ], [ -77.73299601, 39.44652093 ], [ -77.73331588, 39.44593127 ] ] ], [ [ [ -77.73760352, 39.44738425 ], [ -77.73802046, 39.44763919 ], [ -77.73753001, 39.44827192 ], [ -77.73760352, 39.44738425 ] ] ], [ [ [ -77.72596158, 39.44740589 ], [ -77.72604718, 39.44731913 ], [ -77.72735853, 39.44850526 ], [ -77.72654092, 39.44796295 ], [ -77.72596158, 39.44740589 ] ] ], [ [ [ -77.72919973, 39.44941234 ], [ -77.7291987, 39.44941389 ], [ -77.72919448, 39.44941267 ], [ -77.72919973, 39.44941234 ] ] ], [ [ [ -77.72995762, 39.44925188 ], [ -77.72984515, 39.44908129 ], [ -77.7282121, 39.4484597 ], [ -77.72866036, 39.44804559 ], [ -77.73098437, 39.44804038 ], [ -77.73168429, 39.4495076 ], [ -77.72995762, 39.44925188 ] ] ], [ [ [ -77.72919973, 39.44941234 ], [ -77.72926695, 39.44914958 ], [ -77.72995762, 39.44925188 ], [ -77.7298904, 39.44951463 ], [ -77.72919973, 39.44941234 ] ] ], [ [ [ -77.73665344, 39.44969797 ], [ -77.73625539, 39.44954569 ], [ -77.73661716, 39.4493601 ], [ -77.73665344, 39.44969797 ] ] ], [ [ [ -77.7298904, 39.44951463 ], [ -77.73168429, 39.4495076 ], [ -77.7321035, 39.44994386 ], [ -77.73019195, 39.44988467 ], [ -77.7298904, 39.44951463 ] ] ], [ [ [ -77.7293434, 39.45025176 ], [ -77.72928971, 39.45023121 ], [ -77.72932937, 39.45012098 ], [ -77.7293434, 39.45025176 ] ] ], [ [ [ -77.731281, 39.45108414 ], [ -77.73088295, 39.45093185 ], [ -77.73124475, 39.45074627 ], [ -77.731281, 39.45108414 ] ] ], [ [ [ -77.73190447, 39.45144918 ], [ -77.73256195, 39.45090611 ], [ -77.73259516, 39.45155146 ], [ -77.73190447, 39.45144918 ] ] ], [ [ [ -77.7386677, 39.45163241 ], [ -77.73896218, 39.45104882 ], [ -77.73914265, 39.45155451 ], [ -77.7386677, 39.45163241 ] ] ], [ [ [ -77.73665344, 39.44969797 ], [ -77.73821729, 39.44925384 ], [ -77.73745989, 39.44996823 ], [ -77.73701769, 39.45166525 ], [ -77.73593327, 39.45099956 ], [ -77.73665344, 39.44969797 ] ] ], [ [ [ -77.7293434, 39.45025176 ], [ -77.73033071, 39.4503103 ], [ -77.72953395, 39.45169461 ], [ -77.72945308, 39.4506521 ], [ -77.7293434, 39.45025176 ] ] ], [ [ [ -77.73273887, 39.45239088 ], [ -77.73246074, 39.45207698 ], [ -77.73259516, 39.45155146 ], [ -77.73307859, 39.4518373 ], [ -77.73308422, 39.45244201 ], [ -77.73273887, 39.45239088 ] ] ], [ [ [ -77.73591425, 39.45258833 ], [ -77.73551618, 39.45243605 ], [ -77.73587798, 39.45225046 ], [ -77.73591425, 39.45258833 ] ] ], [ [ [ -77.7362596, 39.45263946 ], [ -77.73645975, 39.45233659 ], [ -77.73670368, 39.45261185 ], [ -77.7362596, 39.45263946 ] ] ], [ [ [ -77.73584705, 39.45285109 ], [ -77.73591425, 39.45258833 ], [ -77.7362596, 39.45263946 ], [ -77.7361924, 39.45290222 ], [ -77.73584705, 39.45285109 ] ] ], [ [ [ -77.73308422, 39.45244201 ], [ -77.73349879, 39.45277611 ], [ -77.7329498, 39.45296753 ], [ -77.73308422, 39.45244201 ] ] ], [ [ [ -77.7386677, 39.45163241 ], [ -77.73832582, 39.45326299 ], [ -77.73785199, 39.45342061 ], [ -77.73791909, 39.45126386 ], [ -77.7386677, 39.45163241 ] ] ], [ [ [ -77.73584705, 39.45285109 ], [ -77.73551398, 39.45344373 ], [ -77.73497498, 39.45306306 ], [ -77.73584705, 39.45285109 ] ] ], [ [ [ -77.731281, 39.45108414 ], [ -77.73190447, 39.45144918 ], [ -77.73177004, 39.4519747 ], [ -77.73273887, 39.45239088 ], [ -77.73257443, 39.45356876 ], [ -77.73158404, 39.45319506 ], [ -77.73099254, 39.45208447 ], [ -77.731281, 39.45108414 ] ] ], [ [ [ -77.73709408, 39.45358112 ], [ -77.73689393, 39.45388399 ], [ -77.73665, 39.45360872 ], [ -77.73709408, 39.45358112 ] ] ], [ [ [ -77.73709408, 39.45358112 ], [ -77.73785199, 39.45342061 ], [ -77.73749462, 39.45426919 ], [ -77.7373083, 39.45369952 ], [ -77.73709408, 39.45358112 ] ] ], [ [ [ -77.72798997, 39.45371462 ], [ -77.72876161, 39.45166668 ], [ -77.72885024, 39.45305352 ], [ -77.72821635, 39.4535514 ], [ -77.72824839, 39.45441117 ], [ -77.72672184, 39.454444 ], [ -77.72798997, 39.45371462 ] ] ], [ [ [ -77.73130877, 39.45517893 ], [ -77.73158822, 39.45486584 ], [ -77.73212053, 39.45518988 ], [ -77.73130877, 39.45517893 ] ] ], [ [ [ -77.72845455, 39.45553339 ], [ -77.72855276, 39.45542693 ], [ -77.72893121, 39.4559311 ], [ -77.72845455, 39.45553339 ] ] ], [ [ [ -77.73076174, 39.45591606 ], [ -77.73096341, 39.45512779 ], [ -77.73130877, 39.45517893 ], [ -77.73110711, 39.45596721 ], [ -77.73076174, 39.45591606 ] ] ], [ [ [ -77.73110711, 39.45596721 ], [ -77.73150518, 39.4561195 ], [ -77.73114336, 39.45630508 ], [ -77.73110711, 39.45596721 ] ] ], [ [ [ -77.73076174, 39.45591606 ], [ -77.7299306, 39.45676496 ], [ -77.72939163, 39.45631526 ], [ -77.73076174, 39.45591606 ] ] ], [ [ [ -77.73269951, 39.45674843 ], [ -77.73204331, 39.45683269 ], [ -77.7330372, 39.45454983 ], [ -77.73379504, 39.4540784 ], [ -77.73269951, 39.45674843 ] ] ], [ [ [ -77.73269951, 39.45674843 ], [ -77.7330976, 39.45690072 ], [ -77.73273578, 39.4570863 ], [ -77.73269951, 39.45674843 ] ] ], [ [ [ -77.72945381, 39.45774325 ], [ -77.72965178, 39.4576028 ], [ -77.72936313, 39.45782689 ], [ -77.72945381, 39.45774325 ] ] ], [ [ [ -77.73102571, 39.4579485 ], [ -77.73152896, 39.45712052 ], [ -77.73224891, 39.45768061 ], [ -77.73102571, 39.4579485 ] ] ], [ [ [ -77.72839896, 39.45877658 ], [ -77.72861838, 39.45854915 ], [ -77.72867736, 39.45871655 ], [ -77.72839896, 39.45877658 ] ] ], [ [ [ -77.72960964, 39.459018 ], [ -77.72986844, 39.45870705 ], [ -77.72995502, 39.45906915 ], [ -77.72960964, 39.459018 ] ] ], [ [ [ -77.72995502, 39.45906915 ], [ -77.73035311, 39.45922145 ], [ -77.72999127, 39.45940702 ], [ -77.72995502, 39.45906915 ] ] ], [ [ [ -77.72809366, 39.45933892 ], [ -77.72849174, 39.45949122 ], [ -77.7281299, 39.45967679 ], [ -77.72809366, 39.45933892 ] ] ], [ [ [ -77.72960964, 39.459018 ], [ -77.72918085, 39.46013697 ], [ -77.7286216, 39.45979295 ], [ -77.7293577, 39.45907231 ], [ -77.72960964, 39.459018 ] ] ], [ [ [ -77.80017991, 39.43808991 ], [ -77.80021648, 39.43842775 ], [ -77.80057804, 39.43824198 ], [ -77.80017991, 39.43808991 ], [ -77.8008093, 39.43687173 ], [ -77.80114546, 39.43776384 ], [ -77.80035522, 39.43916392 ], [ -77.79804993, 39.44006139 ], [ -77.79184082, 39.44053023 ], [ -77.78622275, 39.4420586 ], [ -77.78447111, 39.44321535 ], [ -77.78333646, 39.44570831 ], [ -77.78350361, 39.44696639 ], [ -77.78627015, 39.45000323 ], [ -77.78644329, 39.44974087 ], [ -77.78868039, 39.45082864 ], [ -77.78824266, 39.45087334 ], [ -77.79219111, 39.45279015 ], [ -77.79364776, 39.45368527 ], [ -77.7932329, 39.45379131 ], [ -77.79347705, 39.45406646 ], [ -77.79381289, 39.45378356 ], [ -77.79431436, 39.45407491 ], [ -77.79385671, 39.45415604 ], [ -77.79410086, 39.45443119 ], [ -77.79441624, 39.45414527 ], [ -77.79472468, 39.45479592 ], [ -77.79491579, 39.45450629 ], [ -77.79601414, 39.45537737 ], [ -77.79569806, 39.45569653 ], [ -77.79693929, 39.45642928 ], [ -77.79749947, 39.45801544 ], [ -77.79703129, 39.45938922 ], [ -77.7961367, 39.45957998 ], [ -77.79610014, 39.45924213 ], [ -77.79594342, 39.45970038 ], [ -77.79418497, 39.46043398 ], [ -77.79179842, 39.46048231 ], [ -77.78134974, 39.45856609 ], [ -77.79099181, 39.46000233 ], [ -77.7947249, 39.45952306 ], [ -77.79618311, 39.45874211 ], [ -77.79639234, 39.45724522 ], [ -77.79390836, 39.45459155 ], [ -77.78377681, 39.4488061 ], [ -77.78290125, 39.44760167 ], [ -77.78271217, 39.44536309 ], [ -77.78198466, 39.44544869 ], [ -77.78207395, 39.44485973 ], [ -77.78280824, 39.44494325 ], [ -77.78460514, 39.44274163 ], [ -77.7856924, 39.44213348 ], [ -77.78939254, 39.44097607 ], [ -77.79002894, 39.43873689 ], [ -77.79569883, 39.4395765 ], [ -77.79857627, 39.43870372 ], [ -77.7986346, 39.43771264 ], [ -77.79979112, 39.43709576 ], [ -77.80017991, 39.43808991 ] ] ], [ [ [ -77.72809366, 39.45933892 ], [ -77.72721609, 39.460719 ], [ -77.72694878, 39.46083511 ], [ -77.72818005, 39.45900131 ], [ -77.72809366, 39.45933892 ] ] ], [ [ [ -77.72948441, 39.46090845 ], [ -77.72974321, 39.4605975 ], [ -77.7298298, 39.4609596 ], [ -77.72948441, 39.46090845 ] ] ], [ [ [ -77.72948441, 39.46090845 ], [ -77.72928421, 39.46121131 ], [ -77.72904028, 39.46093603 ], [ -77.72948441, 39.46090845 ] ] ], [ [ [ -77.7298298, 39.4609596 ], [ -77.730044, 39.46086262 ], [ -77.73073371, 39.4604642 ], [ -77.73018501, 39.46141361 ], [ -77.7298298, 39.4609596 ] ] ], [ [ [ -77.77413753, 39.46151329 ], [ -77.77458164, 39.46148556 ], [ -77.77395226, 39.46127027 ], [ -77.77456343, 39.4606627 ], [ -77.77508144, 39.46093524 ], [ -77.7743408, 39.46181601 ], [ -77.77413753, 39.46151329 ] ] ], [ [ [ -77.77601899, 39.4639727 ], [ -77.77490843, 39.46270613 ], [ -77.77620838, 39.46006604 ], [ -77.77851971, 39.45877417 ], [ -77.78027371, 39.45862141 ], [ -77.77792389, 39.45931605 ], [ -77.77641234, 39.46099329 ], [ -77.77601899, 39.4639727 ] ] ], [ [ [ -77.77636443, 39.46402372 ], [ -77.77656443, 39.46372079 ], [ -77.77680855, 39.46399598 ], [ -77.77636443, 39.46402372 ] ] ], [ [ [ -77.77650867, 39.46486309 ], [ -77.77657573, 39.4646003 ], [ -77.77610017, 39.46438692 ], [ -77.77601899, 39.4639727 ], [ -77.77698824, 39.46438854 ], [ -77.77650867, 39.46486309 ] ] ], [ [ [ -77.77685411, 39.4649141 ], [ -77.77736752, 39.46459656 ], [ -77.77747793, 39.46527892 ], [ -77.77680278, 39.46511523 ], [ -77.77685411, 39.4649141 ] ] ], [ [ [ -77.77650867, 39.46486309 ], [ -77.77631733, 39.46537471 ], [ -77.77587167, 39.46493702 ], [ -77.77609038, 39.46480131 ], [ -77.77650867, 39.46486309 ] ] ], [ [ [ -77.77741087, 39.4655417 ], [ -77.77740719, 39.46555163 ], [ -77.7773856, 39.46553797 ], [ -77.77741087, 39.4655417 ] ] ], [ [ [ -77.72648761, 39.46161446 ], [ -77.72673883, 39.46118991 ], [ -77.72501444, 39.46519666 ], [ -77.72391479, 39.46585585 ], [ -77.72648761, 39.46161446 ] ] ], [ [ [ -77.72456576, 39.46617711 ], [ -77.72458145, 39.46617218 ], [ -77.72459178, 39.4661798 ], [ -77.72456494, 39.46620168 ], [ -77.72456576, 39.46617711 ] ] ], [ [ [ -77.77741087, 39.4655417 ], [ -77.77928673, 39.46567135 ], [ -77.77976194, 39.46616157 ], [ -77.77900399, 39.46632234 ], [ -77.77741087, 39.4655417 ] ] ], [ [ [ -77.77900399, 39.46632234 ], [ -77.77899979, 39.46633879 ], [ -77.77897177, 39.46632681 ], [ -77.77900399, 39.46632234 ] ] ], [ [ [ -77.78031874, 39.46678916 ], [ -77.78031361, 39.46680926 ], [ -77.78021152, 39.46677333 ], [ -77.78031874, 39.46678916 ] ] ], [ [ [ -77.78342783, 39.46724819 ], [ -77.78352137, 39.46713567 ], [ -77.78377329, 39.46729918 ], [ -77.78342783, 39.46724819 ] ] ], [ [ [ -77.78031874, 39.46678916 ], [ -77.77976194, 39.46616157 ], [ -77.78232067, 39.46674335 ], [ -77.78266987, 39.46740897 ], [ -77.78031874, 39.46678916 ] ] ], [ [ [ -77.72690272, 39.46695935 ], [ -77.72734148, 39.46732754 ], [ -77.72723593, 39.46761486 ], [ -77.72719885, 39.46732228 ], [ -77.72690272, 39.46695935 ] ] ], [ [ [ -77.7265746, 39.46947712 ], [ -77.72603844, 39.4692834 ], [ -77.72650044, 39.46864799 ], [ -77.72677635, 39.46868885 ], [ -77.7265746, 39.46947712 ] ] ], [ [ [ -77.61673553, 39.47055131 ], [ -77.61680637, 39.47055094 ], [ -77.61680685, 39.47060584 ], [ -77.61673601, 39.47060621 ], [ -77.61673553, 39.47055131 ] ] ], [ [ [ -77.72391672, 39.47031322 ], [ -77.72406432, 39.47019107 ], [ -77.72329888, 39.47105059 ], [ -77.72331742, 39.47098541 ], [ -77.72391672, 39.47031322 ] ] ], [ [ [ -77.79346717, 39.47145661 ], [ -77.79352082, 39.47139207 ], [ -77.79365112, 39.47148375 ], [ -77.79346717, 39.47145661 ] ] ], [ [ [ -77.72279323, 39.47251306 ], [ -77.72210921, 39.47195355 ], [ -77.72276745, 39.47228171 ], [ -77.72290421, 39.47158528 ], [ -77.72279323, 39.47251306 ] ] ], [ [ [ -77.72474036, 39.47384165 ], [ -77.72468447, 39.47405998 ], [ -77.724514, 39.47392054 ], [ -77.72474036, 39.47384165 ] ] ], [ [ [ -77.72529674, 39.47446949 ], [ -77.72496369, 39.47470864 ], [ -77.72493761, 39.4744163 ], [ -77.72529674, 39.47446949 ] ] ], [ [ [ -77.73089125, 39.47502516 ], [ -77.73082401, 39.47528792 ], [ -77.73041518, 39.47509103 ], [ -77.73089125, 39.47502516 ] ] ], [ [ [ -77.73116947, 39.47533906 ], [ -77.73089125, 39.47502516 ], [ -77.73148763, 39.47447954 ], [ -77.73225898, 39.47538817 ], [ -77.73116947, 39.47533906 ] ] ], [ [ [ -77.73075677, 39.47555068 ], [ -77.73082401, 39.47528792 ], [ -77.73116947, 39.47533906 ], [ -77.73110223, 39.47560182 ], [ -77.73075677, 39.47555068 ] ] ], [ [ [ -77.72578586, 39.47536007 ], [ -77.72550631, 39.47567315 ], [ -77.72502087, 39.47534972 ], [ -77.72578586, 39.47536007 ] ] ], [ [ [ -77.73075677, 39.47555068 ], [ -77.73055654, 39.47585354 ], [ -77.73031256, 39.47557826 ], [ -77.73075677, 39.47555068 ] ] ], [ [ [ -77.73207138, 39.47601801 ], [ -77.73167319, 39.47586572 ], [ -77.73203511, 39.47568014 ], [ -77.73207138, 39.47601801 ] ] ], [ [ [ -77.72558408, 39.47614834 ], [ -77.72551682, 39.4764111 ], [ -77.725108, 39.4762142 ], [ -77.72558408, 39.47614834 ] ] ], [ [ [ -77.73207138, 39.47601801 ], [ -77.73310946, 39.47585349 ], [ -77.73257666, 39.47673003 ], [ -77.73128598, 39.47707088 ], [ -77.73207138, 39.47601801 ] ] ], [ [ [ -77.75106295, 39.47746438 ], [ -77.75008237, 39.47640499 ], [ -77.75118451, 39.47573275 ], [ -77.75106295, 39.47746438 ] ] ], [ [ [ -77.71428484, 39.475392 ], [ -77.71467554, 39.47513085 ], [ -77.7168631, 39.47680998 ], [ -77.71585051, 39.47761111 ], [ -77.71450887, 39.47736906 ], [ -77.71521122, 39.4758546 ], [ -77.71428484, 39.475392 ] ] ], [ [ [ -77.72551682, 39.4764111 ], [ -77.7259929, 39.47634524 ], [ -77.72558408, 39.47614834 ], [ -77.7261569, 39.47557941 ], [ -77.72515397, 39.47408614 ], [ -77.72474036, 39.47384165 ], [ -77.72719291, 39.47329995 ], [ -77.7265746, 39.46947712 ], [ -77.72703787, 39.47014649 ], [ -77.72793403, 39.46891449 ], [ -77.72687327, 39.46834029 ], [ -77.72747575, 39.46809905 ], [ -77.7284379, 39.46886639 ], [ -77.72770946, 39.47084943 ], [ -77.72837056, 39.47013298 ], [ -77.72907481, 39.47058521 ], [ -77.72834428, 39.4725744 ], [ -77.73147078, 39.47362455 ], [ -77.73117242, 39.4744368 ], [ -77.72797627, 39.47460262 ], [ -77.72733765, 39.47565305 ], [ -77.7283106, 39.47729039 ], [ -77.72983316, 39.47745454 ], [ -77.72861133, 39.47777721 ], [ -77.72785384, 39.47689169 ], [ -77.72551682, 39.4764111 ] ] ], [ [ [ -77.73603095, 39.47807288 ], [ -77.73543478, 39.4777309 ], [ -77.73539158, 39.47705489 ], [ -77.73610604, 39.47731297 ], [ -77.73603095, 39.47807288 ] ] ], [ [ [ -77.75106295, 39.47746438 ], [ -77.75147465, 39.47767692 ], [ -77.75104864, 39.47808197 ], [ -77.75106295, 39.47746438 ] ] ], [ [ [ -77.75379272, 39.47854217 ], [ -77.75430729, 39.47834409 ], [ -77.75487288, 39.47940473 ], [ -77.75382591, 39.47942744 ], [ -77.75379272, 39.47854217 ] ] ], [ [ [ -77.75025071, 39.48019999 ], [ -77.75020698, 39.4790904 ], [ -77.75114424, 39.4792736 ], [ -77.75148524, 39.47861763 ], [ -77.75173697, 39.47928586 ], [ -77.75136305, 39.47983532 ], [ -77.75025071, 39.48019999 ] ] ], [ [ [ -77.73939976, 39.48108425 ], [ -77.73942166, 39.48092381 ], [ -77.73987553, 39.48108774 ], [ -77.73939976, 39.48108425 ] ] ], [ [ [ -77.79354022, 39.48101116 ], [ -77.79393856, 39.48116325 ], [ -77.79357678, 39.48134901 ], [ -77.79354022, 39.48101116 ] ] ], [ [ [ -77.75248149, 39.48055475 ], [ -77.75253137, 39.48013583 ], [ -77.75371016, 39.48041391 ], [ -77.75452574, 39.48167676 ], [ -77.75287452, 39.48259232 ], [ -77.75248149, 39.48055475 ] ] ], [ [ [ -77.7931634, 39.47686538 ], [ -77.79495797, 39.47685743 ], [ -77.79553618, 39.47630404 ], [ -77.79529195, 39.47602888 ], [ -77.79426695, 39.4767555 ], [ -77.79226514, 39.47673286 ], [ -77.79261271, 39.47353454 ], [ -77.78257192, 39.46870287 ], [ -77.78262263, 39.46794737 ], [ -77.78468495, 39.46836232 ], [ -77.78266987, 39.46740897 ], [ -77.78377329, 39.46729918 ], [ -77.7851246, 39.46810381 ], [ -77.78548634, 39.46791808 ], [ -77.7852393, 39.4676647 ], [ -77.78608679, 39.46788389 ], [ -77.78980207, 39.46933885 ], [ -77.79101602, 39.47034768 ], [ -77.7925333, 39.47078248 ], [ -77.79208876, 39.47084422 ], [ -77.79253428, 39.47137876 ], [ -77.79289602, 39.471193 ], [ -77.79256081, 39.47079353 ], [ -77.79355409, 39.47181867 ], [ -77.79408262, 39.47176325 ], [ -77.79637435, 39.47439243 ], [ -77.79667324, 39.47799532 ], [ -77.79612621, 39.4792709 ], [ -77.792746, 39.48146952 ], [ -77.78707322, 39.48387456 ], [ -77.78717835, 39.48346247 ], [ -77.79239781, 39.48117871 ], [ -77.79404346, 39.47998446 ], [ -77.79203376, 39.47863503 ], [ -77.79222182, 39.47708901 ], [ -77.7931634, 39.47686538 ] ] ], [ [ [ -77.78666063, 39.48408636 ], [ -77.78672768, 39.48382357 ], [ -77.78707322, 39.48387456 ], [ -77.78700617, 39.48413735 ], [ -77.78666063, 39.48408636 ] ] ], [ [ [ -77.78555696, 39.48419618 ], [ -77.78612744, 39.48377621 ], [ -77.78666063, 39.48408636 ], [ -77.78659359, 39.48434915 ], [ -77.78555696, 39.48419618 ] ] ], [ [ [ -77.78479883, 39.48435698 ], [ -77.7850377, 39.48411954 ], [ -77.78555696, 39.48419618 ], [ -77.78548991, 39.48445897 ], [ -77.78479883, 39.48435698 ] ] ], [ [ [ -77.78479883, 39.48435698 ], [ -77.7845988, 39.48465992 ], [ -77.78435458, 39.48438475 ], [ -77.78479883, 39.48435698 ] ] ], [ [ [ -77.7836281, 39.48472956 ], [ -77.78386355, 39.48446653 ], [ -77.78407235, 39.48470179 ], [ -77.7836281, 39.48472956 ] ] ], [ [ [ -77.74414321, 39.48489483 ], [ -77.74443778, 39.48431123 ], [ -77.74461837, 39.48481691 ], [ -77.74414321, 39.48489483 ] ] ], [ [ [ -77.78286996, 39.48489035 ], [ -77.78314484, 39.48465824 ], [ -77.7836281, 39.48472956 ], [ -77.78356104, 39.48499235 ], [ -77.78286996, 39.48489035 ] ] ], [ [ [ -77.78286996, 39.48489035 ], [ -77.78254873, 39.4852051 ], [ -77.78204475, 39.48531392 ], [ -77.78214583, 39.48491783 ], [ -77.78286996, 39.48489035 ] ] ], [ [ [ -77.78204475, 39.48531392 ], [ -77.78184372, 39.48561575 ], [ -77.78160049, 39.48534169 ], [ -77.78204475, 39.48531392 ] ] ], [ [ [ -77.74414321, 39.48489483 ], [ -77.74376826, 39.48575157 ], [ -77.74365313, 39.48500709 ], [ -77.74414321, 39.48489483 ] ] ], [ [ [ -77.74278011, 39.48742028 ], [ -77.7423607, 39.48713639 ], [ -77.74291738, 39.48626133 ], [ -77.74278011, 39.48742028 ] ] ], [ [ [ -77.74278011, 39.48742028 ], [ -77.74317839, 39.48757254 ], [ -77.74281644, 39.48775815 ], [ -77.74278011, 39.48742028 ] ] ], [ [ [ -77.75280055, 39.48890211 ], [ -77.75240224, 39.48874988 ], [ -77.75276417, 39.48856424 ], [ -77.75280055, 39.48890211 ] ] ], [ [ [ -77.76812903, 39.48925837 ], [ -77.76832914, 39.48895545 ], [ -77.76857331, 39.48923066 ], [ -77.76812903, 39.48925837 ] ] ], [ [ [ -77.76778348, 39.48920733 ], [ -77.76812903, 39.48925837 ], [ -77.76787029, 39.48956941 ], [ -77.76778348, 39.48920733 ] ] ], [ [ [ -77.74088619, 39.48895564 ], [ -77.74097836, 39.48853578 ], [ -77.74089828, 39.48987545 ], [ -77.74088619, 39.48895564 ] ] ], [ [ [ -77.74156081, 39.49078513 ], [ -77.74127895, 39.48878952 ], [ -77.74199872, 39.48855019 ], [ -77.74198158, 39.48809078 ], [ -77.74282267, 39.48807266 ], [ -77.74318282, 39.49053383 ], [ -77.74184796, 39.4903252 ], [ -77.74156081, 39.49078513 ] ] ], [ [ [ -77.74156081, 39.49078513 ], [ -77.7419591, 39.49093739 ], [ -77.7416132, 39.49111476 ], [ -77.74156081, 39.49078513 ] ] ], [ [ [ -77.75280055, 39.48890211 ], [ -77.75358675, 39.48926374 ], [ -77.75321573, 39.49111703 ], [ -77.75222905, 39.4910941 ], [ -77.75338104, 39.4900561 ], [ -77.75224582, 39.49033914 ], [ -77.75200572, 39.48955098 ], [ -77.75280055, 39.48890211 ] ] ], [ [ [ -77.76227321, 39.49416078 ], [ -77.76233992, 39.49415141 ], [ -77.76232327, 39.49416725 ], [ -77.76227321, 39.49416078 ] ] ], [ [ [ -77.77329225, 39.487294 ], [ -77.77325578, 39.48695614 ], [ -77.7730581, 39.4874451 ], [ -77.77223962, 39.48724194 ], [ -77.76812038, 39.48870338 ], [ -77.76629667, 39.49023041 ], [ -77.76522988, 39.49039191 ], [ -77.76332535, 39.49437501 ], [ -77.76208211, 39.49336366 ], [ -77.76320008, 39.48991604 ], [ -77.76467701, 39.49064635 ], [ -77.76696563, 39.48880268 ], [ -77.76924626, 39.48782644 ], [ -77.76908612, 39.48754279 ], [ -77.77987699, 39.48516536 ], [ -77.77989216, 39.4858922 ], [ -77.77436575, 39.48659024 ], [ -77.77329225, 39.487294 ] ] ], [ [ [ -77.76368627, 39.49541947 ], [ -77.76361771, 39.49540934 ], [ -77.76336432, 39.49455382 ], [ -77.76388769, 39.49463114 ], [ -77.76368627, 39.49541947 ] ] ], [ [ [ -77.82354641, 39.49552222 ], [ -77.82426533, 39.49573275 ], [ -77.82334494, 39.49572266 ], [ -77.82354641, 39.49552222 ] ] ], [ [ [ -77.82361333, 39.49525941 ], [ -77.82395893, 39.49507693 ], [ -77.82664443, 39.49524767 ], [ -77.82611183, 39.49587961 ], [ -77.82361333, 39.49525941 ] ] ], [ [ [ -77.83156271, 39.49642958 ], [ -77.8276377, 39.49571188 ], [ -77.82725976, 39.49533405 ], [ -77.83119276, 39.4960745 ], [ -77.83156271, 39.49642958 ] ] ], [ [ [ -77.82256904, 39.49644854 ], [ -77.82261558, 39.49636127 ], [ -77.82258746, 39.49647168 ], [ -77.82256904, 39.49644854 ] ] ], [ [ [ -77.76410887, 39.49657269 ], [ -77.76409577, 39.49662396 ], [ -77.76405301, 39.49656444 ], [ -77.76410887, 39.49657269 ] ] ], [ [ [ -77.83073765, 39.49685348 ], [ -77.82928873, 39.49659922 ], [ -77.82903875, 39.49635857 ], [ -77.83041756, 39.49640996 ], [ -77.83073765, 39.49685348 ] ] ], [ [ [ -77.83149581, 39.4966924 ], [ -77.83213642, 39.49630879 ], [ -77.83370028, 39.49691482 ], [ -77.83149581, 39.4966924 ] ] ], [ [ [ -77.76438732, 39.49688652 ], [ -77.76383939, 39.49626019 ], [ -77.76368627, 39.49541947 ], [ -77.76507849, 39.49698863 ], [ -77.76438732, 39.49688652 ] ] ], [ [ [ -77.76438732, 39.49688652 ], [ -77.76445138, 39.49705821 ], [ -77.76428613, 39.49687158 ], [ -77.76438732, 39.49688652 ] ] ], [ [ [ -77.76507849, 39.49698863 ], [ -77.76542407, 39.49703967 ], [ -77.76535694, 39.49730246 ], [ -77.76501135, 39.49725141 ], [ -77.76507849, 39.49698863 ] ] ], [ [ [ -77.834194, 39.49736211 ], [ -77.83397126, 39.49675051 ], [ -77.83553685, 39.49746424 ], [ -77.834194, 39.49736211 ] ] ], [ [ [ -77.7652898, 39.49756523 ], [ -77.76535694, 39.49730246 ], [ -77.76570253, 39.4973535 ], [ -77.76563539, 39.49761628 ], [ -77.7652898, 39.49756523 ] ] ], [ [ [ -77.7652898, 39.49756523 ], [ -77.76523566, 39.49777715 ], [ -77.76486583, 39.49743231 ], [ -77.7652898, 39.49756523 ] ] ], [ [ [ -77.82361333, 39.49525941 ], [ -77.82236566, 39.49600404 ], [ -77.82232955, 39.49541728 ], [ -77.82154544, 39.49592831 ], [ -77.82109192, 39.495886 ], [ -77.82109983, 39.49533192 ], [ -77.81765226, 39.49505762 ], [ -77.81781175, 39.49596705 ], [ -77.81186723, 39.49387988 ], [ -77.80868994, 39.49401998 ], [ -77.80785815, 39.49339273 ], [ -77.80426997, 39.49310361 ], [ -77.80427438, 39.49200696 ], [ -77.79794156, 39.49200016 ], [ -77.79291873, 39.49316484 ], [ -77.78916741, 39.49658878 ], [ -77.78874629, 39.49650661 ], [ -77.78821756, 39.49763547 ], [ -77.78745494, 39.49783776 ], [ -77.79135107, 39.49272133 ], [ -77.79339696, 39.49189594 ], [ -77.79737596, 39.49138349 ], [ -77.80954278, 39.49214759 ], [ -77.81675591, 39.49439785 ], [ -77.82361333, 39.49525941 ] ] ], [ [ [ -77.76563539, 39.49761628 ], [ -77.76604444, 39.49781305 ], [ -77.76556826, 39.49787906 ], [ -77.76563539, 39.49761628 ] ] ], [ [ [ -77.83689224, 39.49803177 ], [ -77.8372508, 39.49772483 ], [ -77.83841654, 39.49813507 ], [ -77.83689224, 39.49803177 ] ] ], [ [ [ -77.76556826, 39.49787906 ], [ -77.7657826, 39.49828826 ], [ -77.76529891, 39.49783928 ], [ -77.76556826, 39.49787906 ] ] ], [ [ [ -77.83965739, 39.49843855 ], [ -77.83888957, 39.49821511 ], [ -77.83963845, 39.49837207 ], [ -77.83965739, 39.49843855 ] ] ], [ [ [ -77.78745494, 39.49783776 ], [ -77.78710185, 39.49865605 ], [ -77.78649549, 39.49878695 ], [ -77.78699127, 39.49799211 ], [ -77.78745494, 39.49783776 ] ] ], [ [ [ -77.84194321, 39.49932008 ], [ -77.83959052, 39.49870137 ], [ -77.83965739, 39.49843855 ], [ -77.84352884, 39.49939019 ], [ -77.84194321, 39.49932008 ] ] ], [ [ [ -77.76735196, 39.4994911 ], [ -77.76751153, 39.4994576 ], [ -77.76751275, 39.49958388 ], [ -77.76748338, 39.49956902 ], [ -77.76735196, 39.4994911 ] ] ], [ [ [ -77.78319404, 39.5004813 ], [ -77.78325158, 39.50025588 ], [ -77.78360673, 39.50026951 ], [ -77.78353966, 39.5005323 ], [ -77.78319404, 39.5004813 ] ] ], [ [ [ -77.78360673, 39.50026951 ], [ -77.78546158, 39.49911846 ], [ -77.78649549, 39.49878695 ], [ -77.78445864, 39.50046321 ], [ -77.78360673, 39.50026951 ] ] ], [ [ [ -77.78278135, 39.50069309 ], [ -77.78284843, 39.5004303 ], [ -77.78319404, 39.5004813 ], [ -77.78312697, 39.50074409 ], [ -77.78278135, 39.50069309 ] ] ], [ [ [ -77.78278135, 39.50069309 ], [ -77.78007087, 39.50118771 ], [ -77.77956401, 39.50150163 ], [ -77.77960581, 39.50079532 ], [ -77.78278135, 39.50069309 ] ] ], [ [ [ -77.77105608, 39.50168479 ], [ -77.77112292, 39.50164007 ], [ -77.77111791, 39.50169866 ], [ -77.77105608, 39.50168479 ] ] ], [ [ [ -77.83738363, 39.5073744 ], [ -77.83745051, 39.50711158 ], [ -77.8377962, 39.50716243 ], [ -77.83772932, 39.50742525 ], [ -77.83738363, 39.5073744 ] ] ], [ [ [ -77.83703794, 39.50732355 ], [ -77.83738363, 39.5073744 ], [ -77.83712512, 39.50768559 ], [ -77.83703794, 39.50732355 ] ] ], [ [ [ -77.85293104, 39.51674925 ], [ -77.85324215, 39.51654083 ], [ -77.85782665, 39.51583269 ], [ -77.85648597, 39.51664104 ], [ -77.85293104, 39.51674925 ] ] ], [ [ [ -77.85182697, 39.51685965 ], [ -77.85240664, 39.51661918 ], [ -77.85293104, 39.51674925 ], [ -77.8528642, 39.51701208 ], [ -77.85182697, 39.51685965 ] ] ], [ [ [ -77.85714681, 39.51709604 ], [ -77.85674813, 39.51694415 ], [ -77.85710994, 39.5167582 ], [ -77.85714681, 39.51709604 ] ] ], [ [ [ -77.85176013, 39.51712248 ], [ -77.8521588, 39.51727439 ], [ -77.85179698, 39.51746032 ], [ -77.85176013, 39.51712248 ] ] ], [ [ [ -77.85315468, 39.51869066 ], [ -77.85356409, 39.51888715 ], [ -77.85308784, 39.51895349 ], [ -77.85315468, 39.51869066 ] ] ], [ [ [ -77.83073765, 39.49685348 ], [ -77.83149581, 39.4966924 ], [ -77.83412711, 39.49762493 ], [ -77.83689224, 39.49803177 ], [ -77.84194321, 39.49932008 ], [ -77.84218439, 39.49973824 ], [ -77.84437112, 39.49968926 ], [ -77.84534558, 39.50061562 ], [ -77.8455465, 39.50273498 ], [ -77.84454694, 39.50379525 ], [ -77.83961614, 39.50665862 ], [ -77.8377962, 39.50716243 ], [ -77.83770901, 39.5068004 ], [ -77.83647698, 39.50736997 ], [ -77.83638524, 39.50789627 ], [ -77.83457599, 39.50928663 ], [ -77.83167254, 39.51075182 ], [ -77.83093926, 39.51179548 ], [ -77.82617144, 39.51409386 ], [ -77.82407951, 39.51563537 ], [ -77.82247637, 39.52039234 ], [ -77.82279603, 39.51879891 ], [ -77.82094979, 39.518646 ], [ -77.82706549, 39.51066781 ], [ -77.82912015, 39.51117502 ], [ -77.83570165, 39.50650181 ], [ -77.83980265, 39.50434527 ], [ -77.83920912, 39.50338679 ], [ -77.84137658, 39.50398789 ], [ -77.84302243, 39.50270392 ], [ -77.83928391, 39.50035524 ], [ -77.8379042, 39.50001108 ], [ -77.8383859, 39.49881269 ], [ -77.83073765, 39.49685348 ] ] ], [ [ [ -78.56541164, 39.52107951 ], [ -78.56519977, 39.52068324 ], [ -78.5670369, 39.52106658 ], [ -78.56541164, 39.52107951 ] ] ], [ [ [ -77.82214613, 39.52146052 ], [ -77.82223144, 39.52125483 ], [ -77.82216897, 39.52178514 ], [ -77.82214613, 39.52146052 ] ] ], [ [ [ -78.56891698, 39.52242992 ], [ -78.56782913, 39.52128675 ], [ -78.56940424, 39.52216441 ], [ -78.56891698, 39.52242992 ] ] ], [ [ [ -78.56351849, 39.52316874 ], [ -78.56311831, 39.5230191 ], [ -78.56347831, 39.52283112 ], [ -78.56351849, 39.52316874 ] ] ], [ [ [ -78.54452395, 39.52321075 ], [ -78.54403011, 39.52258137 ], [ -78.54707328, 39.52187319 ], [ -78.55378355, 39.5226097 ], [ -78.5538481, 39.52316567 ], [ -78.55323764, 39.52349311 ], [ -78.54508718, 39.5228921 ], [ -78.54452395, 39.52321075 ] ] ], [ [ [ -78.5538481, 39.52316567 ], [ -78.55424826, 39.52331534 ], [ -78.55388823, 39.5235033 ], [ -78.5538481, 39.52316567 ] ] ], [ [ [ -78.54556271, 39.52335742 ], [ -78.54562703, 39.52309423 ], [ -78.54666578, 39.5232409 ], [ -78.54660147, 39.52350409 ], [ -78.54556271, 39.52335742 ] ] ], [ [ [ -78.56345424, 39.52343195 ], [ -78.56338998, 39.52369515 ], [ -78.56226454, 39.52340026 ], [ -78.56345424, 39.52343195 ] ] ], [ [ [ -78.55685398, 39.52395459 ], [ -78.55737497, 39.5233911 ], [ -78.5585119, 39.52368154 ], [ -78.55685398, 39.52395459 ] ] ], [ [ [ -77.84270543, 39.52451643 ], [ -77.84229319, 39.52430418 ], [ -77.84271897, 39.52389882 ], [ -77.84270543, 39.52451643 ] ] ], [ [ [ -77.8430512, 39.52456726 ], [ -77.8432511, 39.52426422 ], [ -77.84349568, 39.52453928 ], [ -77.8430512, 39.52456726 ] ] ], [ [ [ -78.56338998, 39.52369515 ], [ -78.5638656, 39.5236261 ], [ -78.56351849, 39.52316874 ], [ -78.56507598, 39.52348992 ], [ -78.5687376, 39.52526609 ], [ -78.56344869, 39.52416321 ], [ -78.56338998, 39.52369515 ] ] ], [ [ [ -77.84270543, 39.52451643 ], [ -77.8430512, 39.52456726 ], [ -77.84265473, 39.52542047 ], [ -77.84270543, 39.52451643 ] ] ], [ [ [ -78.57475281, 39.52556959 ], [ -78.572742, 39.52432313 ], [ -78.56956588, 39.52266047 ], [ -78.57243427, 39.52370598 ], [ -78.57475281, 39.52556959 ] ] ], [ [ [ -78.54885705, 39.52600071 ], [ -78.54857426, 39.52500019 ], [ -78.54661586, 39.52421924 ], [ -78.54903884, 39.52427243 ], [ -78.54885705, 39.52600071 ] ] ], [ [ [ -78.57475281, 39.52556959 ], [ -78.57536882, 39.52576427 ], [ -78.57531695, 39.52619362 ], [ -78.57462438, 39.52609601 ], [ -78.57475281, 39.52556959 ] ] ], [ [ [ -78.5689554, 39.52584133 ], [ -78.5687376, 39.52526609 ], [ -78.57052002, 39.52592893 ], [ -78.57050381, 39.5262659 ], [ -78.5689554, 39.52584133 ] ] ], [ [ [ -77.84541618, 39.52655086 ], [ -77.84581489, 39.52670279 ], [ -77.84545301, 39.5268887 ], [ -77.84541618, 39.52655086 ] ] ], [ [ [ -78.57531695, 39.52619362 ], [ -78.57686042, 39.52720724 ], [ -78.57797006, 39.52774424 ], [ -78.57576948, 39.52750104 ], [ -78.57531695, 39.52619362 ] ] ], [ [ [ -77.84389929, 39.52687319 ], [ -77.84393611, 39.52721103 ], [ -77.844298, 39.52702512 ], [ -77.84379775, 39.52645726 ], [ -77.84408853, 39.52471976 ], [ -77.844533, 39.52469178 ], [ -77.84374275, 39.52466893 ], [ -77.84394338, 39.52388046 ], [ -77.84438785, 39.52385247 ], [ -77.8431794, 39.52331662 ], [ -77.84252681, 39.52378603 ], [ -77.84224569, 39.52328772 ], [ -77.84222953, 39.52123063 ], [ -77.84278774, 39.52055252 ], [ -77.84341574, 39.52062435 ], [ -77.84301707, 39.52047241 ], [ -77.84335965, 39.51977923 ], [ -77.84435792, 39.52004575 ], [ -77.84377557, 39.51934986 ], [ -77.84512337, 39.51844694 ], [ -77.84609205, 39.51856391 ], [ -77.84569339, 39.51841198 ], [ -77.84650645, 39.51788661 ], [ -77.85065768, 39.51693763 ], [ -77.85182697, 39.51685965 ], [ -77.84905682, 39.5186758 ], [ -77.85408239, 39.51795153 ], [ -77.85267843, 39.51875701 ], [ -77.85308784, 39.51895349 ], [ -77.85278521, 39.51967539 ], [ -77.84915394, 39.51965491 ], [ -77.84968989, 39.52067156 ], [ -77.84880416, 39.52011735 ], [ -77.84533611, 39.52479073 ], [ -77.84810792, 39.52537622 ], [ -77.84774421, 39.52604339 ], [ -77.84708044, 39.52639416 ], [ -77.8456146, 39.52643604 ], [ -77.84519188, 39.52663664 ], [ -77.84443825, 39.52816179 ], [ -77.84335131, 39.52708279 ], [ -77.84389929, 39.52687319 ] ] ], [ [ [ -78.57943352, 39.52840731 ], [ -78.57794827, 39.52807591 ], [ -78.57867444, 39.52804661 ], [ -78.57943352, 39.52840731 ] ] ], [ [ [ -78.57943352, 39.52840731 ], [ -78.58020392, 39.5286262 ], [ -78.5795402, 39.52876804 ], [ -78.57943352, 39.52840731 ] ] ], [ [ [ -78.57986932, 39.52955774 ], [ -78.57909891, 39.52933885 ], [ -78.57976264, 39.529197 ], [ -78.57986932, 39.52955774 ] ] ], [ [ [ -78.58021563, 39.52960654 ], [ -78.58041244, 39.52930232 ], [ -78.58065983, 39.52957593 ], [ -78.58021563, 39.52960654 ] ] ], [ [ [ -77.84379972, 39.52943966 ], [ -77.84337054, 39.52912315 ], [ -77.84188283, 39.52969878 ], [ -77.84243791, 39.52556772 ], [ -77.84287379, 39.5259872 ], [ -77.84272209, 39.52888018 ], [ -77.84381535, 39.52831199 ], [ -77.84613601, 39.52862536 ], [ -77.84584242, 39.52976489 ], [ -77.84361783, 39.52993693 ], [ -77.84379972, 39.52943966 ] ] ], [ [ [ -77.84164664, 39.53008655 ], [ -77.84124792, 39.5299346 ], [ -77.84160983, 39.5297487 ], [ -77.84164664, 39.53008655 ] ] ], [ [ [ -77.84430641, 39.53026965 ], [ -77.8444296, 39.53009433 ], [ -77.84462159, 39.53021286 ], [ -77.84430641, 39.53026965 ] ] ], [ [ [ -78.58265267, 39.53056366 ], [ -78.58263978, 39.52994807 ], [ -78.58409333, 39.53025939 ], [ -78.58265267, 39.53056366 ] ] ], [ [ [ -77.82443082, 39.53049708 ], [ -77.82455877, 39.53031383 ], [ -77.82497114, 39.53063997 ], [ -77.82464377, 39.53066053 ], [ -77.82443082, 39.53049708 ] ] ], [ [ [ -77.8233361, 39.53081005 ], [ -77.82299581, 39.5293535 ], [ -77.82248233, 39.53034272 ], [ -77.82146753, 39.52564876 ], [ -77.82214879, 39.52195642 ], [ -77.82182412, 39.52471265 ], [ -77.82285169, 39.52822072 ], [ -77.82395482, 39.5298535 ], [ -77.8233361, 39.53081005 ] ] ], [ [ [ -77.82903074, 39.53313905 ], [ -77.82908573, 39.53324969 ], [ -77.82876415, 39.53314912 ], [ -77.82903074, 39.53313905 ] ] ], [ [ [ -78.58372946, 39.53282413 ], [ -78.58421687, 39.53310668 ], [ -78.58422429, 39.53346065 ], [ -78.58413045, 39.53329317 ], [ -78.58372946, 39.53282413 ] ] ], [ [ [ -78.6046122, 39.53385821 ], [ -78.60382937, 39.53361022 ], [ -78.60424376, 39.53326466 ], [ -78.6046122, 39.53385821 ] ] ], [ [ [ -77.83207607, 39.53385969 ], [ -77.83216271, 39.53404365 ], [ -77.83313389, 39.53445643 ], [ -77.83167587, 39.53406087 ], [ -77.83207607, 39.53385969 ] ] ], [ [ [ -78.58447593, 39.53390973 ], [ -78.58467533, 39.53401793 ], [ -78.58479833, 39.53465707 ], [ -78.58447593, 39.53390973 ] ] ], [ [ [ -77.83207607, 39.53385969 ], [ -77.82745966, 39.53252387 ], [ -77.82569427, 39.53278502 ], [ -77.82535864, 39.5325796 ], [ -77.82634477, 39.53179758 ], [ -77.82479206, 39.53097224 ], [ -77.82499122, 39.53065724 ], [ -77.83004287, 39.53291929 ], [ -77.83550756, 39.53366069 ], [ -77.83789908, 39.53319919 ], [ -77.84089936, 39.53098963 ], [ -77.84098457, 39.53040705 ], [ -77.84184948, 39.53015956 ], [ -77.84057792, 39.53203658 ], [ -77.83875109, 39.53323437 ], [ -77.83451246, 39.53389046 ], [ -77.83423035, 39.53467678 ], [ -77.83207607, 39.53385969 ] ] ], [ [ [ -78.6046122, 39.53385821 ], [ -78.60552059, 39.53454075 ], [ -78.60539478, 39.53505729 ], [ -78.60467026, 39.53450452 ], [ -78.6046122, 39.53385821 ] ] ], [ [ [ -78.58964253, 39.53501818 ], [ -78.58977995, 39.53506952 ], [ -78.58966506, 39.53520691 ], [ -78.58964253, 39.53501818 ] ] ], [ [ [ -78.60539478, 39.53505729 ], [ -78.60605131, 39.5352334 ], [ -78.60743461, 39.53697769 ], [ -78.60650065, 39.53662472 ], [ -78.60539478, 39.53505729 ] ] ], [ [ [ -78.60743461, 39.53697769 ], [ -78.60811758, 39.53711514 ], [ -78.60806322, 39.53733835 ], [ -78.6073705, 39.53724091 ], [ -78.60743461, 39.53697769 ] ] ], [ [ [ -78.45430364, 39.53903001 ], [ -78.45448739, 39.53882097 ], [ -78.45511642, 39.53903626 ], [ -78.45430364, 39.53903001 ] ] ], [ [ [ -78.45934535, 39.53892848 ], [ -78.45900163, 39.53920302 ], [ -78.45858443, 39.5389533 ], [ -78.45878693, 39.53892421 ], [ -78.45934535, 39.53892848 ] ] ], [ [ [ -78.45430364, 39.53903001 ], [ -78.45382709, 39.53935331 ], [ -78.4535881, 39.53876153 ], [ -78.45375563, 39.53876939 ], [ -78.45430364, 39.53903001 ] ] ], [ [ [ -78.45073451, 39.54042969 ], [ -78.44995616, 39.54019075 ], [ -78.4504, 39.53954608 ], [ -78.45073451, 39.54042969 ] ] ], [ [ [ -78.58372946, 39.53282413 ], [ -78.5818203, 39.53154584 ], [ -78.57658299, 39.52985102 ], [ -78.57608288, 39.53091387 ], [ -78.57570599, 39.52943926 ], [ -78.57435459, 39.52885974 ], [ -78.57376216, 39.52930705 ], [ -78.57373091, 39.5286176 ], [ -78.56939901, 39.52674039 ], [ -78.56658335, 39.52574669 ], [ -78.56583115, 39.52616696 ], [ -78.56561412, 39.52543909 ], [ -78.56412816, 39.52514578 ], [ -78.56187229, 39.52490772 ], [ -78.56198664, 39.52556867 ], [ -78.56119203, 39.52485179 ], [ -78.55434541, 39.52438953 ], [ -78.55268086, 39.53048532 ], [ -78.54139252, 39.52576356 ], [ -78.54199612, 39.5247597 ], [ -78.54344548, 39.5246921 ], [ -78.54540797, 39.52563235 ], [ -78.54671846, 39.52525841 ], [ -78.54767425, 39.52596449 ], [ -78.54690301, 39.52626501 ], [ -78.54840626, 39.52630726 ], [ -78.5493926, 39.52580105 ], [ -78.54941827, 39.52431762 ], [ -78.54660147, 39.52350409 ], [ -78.55083977, 39.52367095 ], [ -78.56404219, 39.52469167 ], [ -78.5689554, 39.52584133 ], [ -78.57792005, 39.52972921 ], [ -78.58021563, 39.52960654 ], [ -78.58328276, 39.53097646 ], [ -78.58600966, 39.53050373 ], [ -78.58608621, 39.52952627 ], [ -78.58475934, 39.52902438 ], [ -78.58613036, 39.52890981 ], [ -78.58724949, 39.5294061 ], [ -78.58778504, 39.5290546 ], [ -78.5914116, 39.53177136 ], [ -78.58894229, 39.53574085 ], [ -78.59035947, 39.53717265 ], [ -78.59452759, 39.53744739 ], [ -78.59886309, 39.5356131 ], [ -78.602665, 39.53258101 ], [ -78.6036161, 39.53291333 ], [ -78.60343651, 39.53362753 ], [ -78.6057586, 39.53662714 ], [ -78.60193696, 39.53714701 ], [ -78.60047867, 39.53600623 ], [ -78.59960704, 39.53607778 ], [ -78.60084456, 39.53742679 ], [ -78.60125431, 39.53871839 ], [ -78.60374031, 39.53890818 ], [ -78.60378069, 39.53924579 ], [ -78.60392991, 39.53878365 ], [ -78.60526796, 39.53872982 ], [ -78.6044707, 39.53942841 ], [ -78.60541449, 39.54004239 ], [ -78.60324658, 39.54055912 ], [ -78.5971976, 39.53916418 ], [ -78.59663189, 39.5377348 ], [ -78.59063461, 39.53815587 ], [ -78.58802964, 39.53689114 ], [ -78.58841483, 39.53624589 ], [ -78.5873695, 39.53635607 ], [ -78.58926608, 39.53236329 ], [ -78.58928985, 39.53102442 ], [ -78.58729205, 39.53076057 ], [ -78.58424567, 39.53175502 ], [ -78.58200812, 39.53125893 ], [ -78.58358958, 39.53225192 ], [ -78.58372946, 39.53282413 ] ] ], [ [ [ -78.45073451, 39.54042969 ], [ -78.45114566, 39.54062422 ], [ -78.45066983, 39.54069283 ], [ -78.45073451, 39.54042969 ] ] ], [ [ [ -78.44984792, 39.54112081 ], [ -78.44944787, 39.54097081 ], [ -78.44980826, 39.54078315 ], [ -78.44984792, 39.54112081 ] ] ], [ [ [ -78.60320507, 39.5414959 ], [ -78.6018575, 39.54117145 ], [ -78.59574131, 39.54027983 ], [ -78.60415177, 39.54142704 ], [ -78.60320507, 39.5414959 ] ] ], [ [ [ -78.67304901, 39.54239276 ], [ -78.67282375, 39.54207404 ], [ -78.67534331, 39.5426805 ], [ -78.67449957, 39.54297426 ], [ -78.67304901, 39.54239276 ] ] ], [ [ [ -78.61820868, 39.54316392 ], [ -78.61836381, 39.54308283 ], [ -78.61838054, 39.54322249 ], [ -78.61820868, 39.54316392 ] ] ], [ [ [ -78.45934535, 39.53892848 ], [ -78.46043705, 39.53865507 ], [ -78.46412481, 39.53604216 ], [ -78.46432481, 39.53354474 ], [ -78.46558129, 39.53303446 ], [ -78.46551184, 39.53132657 ], [ -78.4644404, 39.53040803 ], [ -78.46487604, 39.53032121 ], [ -78.46459594, 39.52921489 ], [ -78.46357072, 39.52769648 ], [ -78.46301019, 39.52513584 ], [ -78.46440118, 39.52103065 ], [ -78.46602055, 39.5189657 ], [ -78.46913693, 39.51720544 ], [ -78.47163337, 39.5166187 ], [ -78.47461871, 39.51697773 ], [ -78.48018874, 39.51963628 ], [ -78.48527558, 39.52086899 ], [ -78.49247075, 39.51913978 ], [ -78.50406084, 39.52005649 ], [ -78.50948086, 39.52166496 ], [ -78.51300851, 39.52309574 ], [ -78.51258051, 39.52314558 ], [ -78.51282762, 39.52341932 ], [ -78.5130247, 39.52311522 ], [ -78.51741355, 39.52470352 ], [ -78.52127242, 39.52542093 ], [ -78.52780233, 39.52533787 ], [ -78.53207026, 39.52401147 ], [ -78.53510024, 39.52443295 ], [ -78.53840112, 39.52412743 ], [ -78.54226464, 39.5225739 ], [ -78.5441777, 39.52316185 ], [ -78.54456612, 39.5238347 ], [ -78.54522987, 39.52369305 ], [ -78.54452395, 39.52321075 ], [ -78.54556271, 39.52335742 ], [ -78.54631441, 39.52414624 ], [ -78.54344548, 39.5246921 ], [ -78.54255555, 39.52420269 ], [ -78.54097342, 39.52552037 ], [ -78.54142237, 39.5260993 ], [ -78.53803579, 39.52542564 ], [ -78.52216451, 39.52617568 ], [ -78.51681411, 39.52515201 ], [ -78.50709401, 39.52165328 ], [ -78.49532045, 39.51984921 ], [ -78.49270649, 39.5197945 ], [ -78.48643314, 39.52140684 ], [ -78.46774119, 39.52061114 ], [ -78.46614573, 39.52115231 ], [ -78.46478198, 39.52225158 ], [ -78.46395097, 39.52514006 ], [ -78.46433133, 39.52738149 ], [ -78.46692196, 39.53092329 ], [ -78.46659156, 39.53095905 ], [ -78.46616068, 39.53361045 ], [ -78.46722872, 39.53390216 ], [ -78.46499603, 39.53751911 ], [ -78.46694819, 39.54150553 ], [ -78.4659893, 39.54238105 ], [ -78.46190925, 39.54349238 ], [ -78.46031225, 39.54300108 ], [ -78.45955642, 39.54344408 ], [ -78.45919511, 39.5431342 ], [ -78.46014961, 39.54105414 ], [ -78.45934535, 39.53892848 ] ] ], [ [ [ -78.44984792, 39.54112081 ], [ -78.45059424, 39.54131997 ], [ -78.45019419, 39.54116997 ], [ -78.45032356, 39.54064368 ], [ -78.45101129, 39.54113922 ], [ -78.45307713, 39.53894688 ], [ -78.45295728, 39.54248313 ], [ -78.45812049, 39.54332672 ], [ -78.45796243, 39.54376955 ], [ -78.45054125, 39.5429646 ], [ -78.4500676, 39.5426639 ], [ -78.44984792, 39.54112081 ] ] ], [ [ [ -78.4585434, 39.54373732 ], [ -78.4585279, 39.54371429 ], [ -78.45967987, 39.54403669 ], [ -78.45910364, 39.54437643 ], [ -78.4585434, 39.54373732 ] ] ], [ [ [ -78.62045672, 39.54425837 ], [ -78.62013593, 39.5440819 ], [ -78.62120575, 39.54433991 ], [ -78.62097823, 39.54455205 ], [ -78.62045672, 39.54425837 ] ] ], [ [ [ -78.62306171, 39.54489169 ], [ -78.62300336, 39.54513149 ], [ -78.62271046, 39.54486293 ], [ -78.6227153, 39.54484302 ], [ -78.62306171, 39.54489169 ] ] ], [ [ [ -78.62162299, 39.54491514 ], [ -78.62171086, 39.54455409 ], [ -78.62234356, 39.54489843 ], [ -78.62225703, 39.54525401 ], [ -78.62162299, 39.54491514 ] ] ], [ [ [ -78.62507612, 39.54544697 ], [ -78.62547483, 39.54483749 ], [ -78.62594919, 39.54538334 ], [ -78.62507612, 39.54544697 ] ] ], [ [ [ -78.62472971, 39.5453983 ], [ -78.62507612, 39.54544697 ], [ -78.62482088, 39.54575977 ], [ -78.62472971, 39.5453983 ] ] ], [ [ [ -78.62369047, 39.54525228 ], [ -78.6238052, 39.54542206 ], [ -78.62439698, 39.5459239 ], [ -78.62303458, 39.54516012 ], [ -78.62369047, 39.54525228 ] ] ], [ [ [ -78.62319165, 39.54574633 ], [ -78.62243589, 39.54534822 ], [ -78.62265773, 39.5450796 ], [ -78.62469613, 39.54617758 ], [ -78.62319165, 39.54574633 ] ] ], [ [ [ -77.85731539, 39.52066523 ], [ -77.85866114, 39.52015061 ], [ -77.85951193, 39.51907937 ], [ -77.86133981, 39.51804986 ], [ -77.86111458, 39.51728997 ], [ -77.85903254, 39.51955424 ], [ -77.85633537, 39.52087171 ], [ -77.85642109, 39.51820569 ], [ -77.85599902, 39.51758992 ], [ -77.85953038, 39.51669749 ], [ -77.8591978, 39.51622702 ], [ -77.85819965, 39.51635696 ], [ -77.85785114, 39.51573635 ], [ -77.85893069, 39.51572223 ], [ -77.85903375, 39.51608357 ], [ -77.85969875, 39.51594556 ], [ -77.85913753, 39.51560695 ], [ -77.8610989, 39.51583989 ], [ -77.86386808, 39.51781332 ], [ -77.86458986, 39.52009802 ], [ -77.86446496, 39.523779 ], [ -77.86320118, 39.52845613 ], [ -77.86286481, 39.53616355 ], [ -77.86361252, 39.54026027 ], [ -77.86642685, 39.54204713 ], [ -77.86634973, 39.54250012 ], [ -77.86693295, 39.54243706 ], [ -77.86725374, 39.54317811 ], [ -77.86743176, 39.54290812 ], [ -77.86900375, 39.54426813 ], [ -77.86919701, 39.54492925 ], [ -77.87464051, 39.54817723 ], [ -77.8735956, 39.54804531 ], [ -77.87399634, 39.54836539 ], [ -77.87047182, 39.54619637 ], [ -77.86481076, 39.5417632 ], [ -77.86505182, 39.54232672 ], [ -77.86426126, 39.54258947 ], [ -77.86284996, 39.54140097 ], [ -77.86285968, 39.54031208 ], [ -77.8635535, 39.54012317 ], [ -77.86264008, 39.53819474 ], [ -77.86250748, 39.53150658 ], [ -77.86038535, 39.53145508 ], [ -77.8612027, 39.53009829 ], [ -77.86217667, 39.52511665 ], [ -77.8639972, 39.52444143 ], [ -77.86396547, 39.52256156 ], [ -77.85654966, 39.521469 ], [ -77.85731539, 39.52066523 ] ] ], [ [ [ -77.87441942, 39.54860544 ], [ -77.87446698, 39.54859569 ], [ -77.87448425, 39.54864172 ], [ -77.87441942, 39.54860544 ] ] ], [ [ [ -78.45241843, 39.54872216 ], [ -78.4556333, 39.54727022 ], [ -78.45799301, 39.54498403 ], [ -78.4585618, 39.54518595 ], [ -78.4561639, 39.54746786 ], [ -78.45309427, 39.54893438 ], [ -78.45241843, 39.54872216 ] ] ], [ [ [ -77.87521713, 39.549056 ], [ -77.87558784, 39.54897998 ], [ -77.87572618, 39.54934874 ], [ -77.87521713, 39.549056 ] ] ], [ [ [ -78.45165192, 39.54981899 ], [ -78.45109974, 39.54966444 ], [ -78.45194209, 39.5490432 ], [ -78.45269411, 39.54914992 ], [ -78.45165192, 39.54981899 ] ] ], [ [ [ -78.45165192, 39.54981899 ], [ -78.45176717, 39.54981988 ], [ -78.45169518, 39.54987554 ], [ -78.45165192, 39.54981899 ] ] ], [ [ [ -77.88467546, 39.5527627 ], [ -77.88390693, 39.55253953 ], [ -77.88436514, 39.55244438 ], [ -77.88467546, 39.5527627 ] ] ], [ [ [ -77.88467546, 39.5527627 ], [ -77.88497256, 39.55300573 ], [ -77.88495465, 39.55307627 ], [ -77.88460871, 39.55302555 ], [ -77.88467546, 39.5527627 ] ] ], [ [ [ -78.42248036, 39.55330074 ], [ -78.42241556, 39.55356387 ], [ -78.42213525, 39.55335042 ], [ -78.42248036, 39.55330074 ] ] ], [ [ [ -77.88495465, 39.55307627 ], [ -77.88511909, 39.5531276 ], [ -77.88577296, 39.55372727 ], [ -77.88512277, 39.55352431 ], [ -77.88495465, 39.55307627 ] ] ], [ [ [ -78.42241556, 39.55356387 ], [ -78.42276187, 39.5536131 ], [ -78.42260145, 39.55380876 ], [ -78.42241556, 39.55356387 ] ] ], [ [ [ -78.43769594, 39.55410113 ], [ -78.43800717, 39.5539233 ], [ -78.43814036, 39.55407104 ], [ -78.43769594, 39.55410113 ] ] ], [ [ [ -77.88144062, 39.55419683 ], [ -77.88164044, 39.55389372 ], [ -77.88188526, 39.55416871 ], [ -77.88144062, 39.55419683 ] ] ], [ [ [ -78.43769594, 39.55410113 ], [ -78.4376312, 39.55436427 ], [ -78.43697929, 39.55427168 ], [ -78.43761877, 39.55409017 ], [ -78.43769594, 39.55410113 ] ] ], [ [ [ -78.43666178, 39.55458056 ], [ -78.4362289, 39.55432137 ], [ -78.43692674, 39.55427932 ], [ -78.43666178, 39.55458056 ] ] ], [ [ [ -78.7021187, 39.55570169 ], [ -78.70215423, 39.55567567 ], [ -78.70234237, 39.55573297 ], [ -78.7021187, 39.55570169 ] ] ], [ [ [ -77.88144062, 39.55419683 ], [ -77.88090709, 39.55480458 ], [ -77.880945, 39.55577136 ], [ -77.87852271, 39.55541296 ], [ -77.87878507, 39.55496413 ], [ -77.88005841, 39.55546376 ], [ -77.88064799, 39.55504308 ], [ -77.88011643, 39.55411321 ], [ -77.88144062, 39.55419683 ] ] ], [ [ [ -77.87958944, 39.55583383 ], [ -77.87948089, 39.5559557 ], [ -77.87895819, 39.55582607 ], [ -77.87958944, 39.55583383 ] ] ], [ [ [ -77.88670877, 39.55605978 ], [ -77.8865202, 39.55592816 ], [ -77.88586231, 39.55381637 ], [ -77.88644452, 39.55465883 ], [ -77.88670877, 39.55605978 ] ] ], [ [ [ -78.70413413, 39.55625523 ], [ -78.70392034, 39.55598058 ], [ -78.70419636, 39.55599832 ], [ -78.70413413, 39.55625523 ] ] ], [ [ [ -77.88670877, 39.55605978 ], [ -77.88685178, 39.55614754 ], [ -77.8867458, 39.55639761 ], [ -77.88670877, 39.55605978 ] ] ], [ [ [ -78.70448054, 39.55630414 ], [ -78.70441677, 39.55656742 ], [ -78.70413454, 39.55625577 ], [ -78.70448054, 39.55630414 ] ] ], [ [ [ -77.87711142, 39.55658196 ], [ -77.87750735, 39.55589746 ], [ -77.8778588, 39.55599403 ], [ -77.87711142, 39.55658196 ] ] ], [ [ [ -78.70441677, 39.55656742 ], [ -78.70476329, 39.55661587 ], [ -78.7045953, 39.5568221 ], [ -78.70441677, 39.55656742 ] ] ], [ [ [ -77.88665727, 39.55725034 ], [ -77.88643819, 39.55665058 ], [ -77.88684602, 39.55671413 ], [ -77.88665727, 39.55725034 ] ] ], [ [ [ -77.88231142, 39.55283514 ], [ -77.8809473, 39.55164186 ], [ -77.88233132, 39.55237672 ], [ -77.88267123, 39.55209935 ], [ -77.88483851, 39.55418206 ], [ -77.88534345, 39.55643811 ], [ -77.8846775, 39.55725137 ], [ -77.88416369, 39.55443424 ], [ -77.88231142, 39.55283514 ] ] ], [ [ [ -77.88627632, 39.55745287 ], [ -77.88653962, 39.55743621 ], [ -77.88642405, 39.55761878 ], [ -77.88627632, 39.55745287 ] ] ], [ [ [ -78.70694842, 39.5584048 ], [ -78.70687132, 39.55837139 ], [ -78.70707993, 39.55843663 ], [ -78.70694842, 39.5584048 ] ] ], [ [ [ -78.70476329, 39.55661587 ], [ -78.70445671, 39.5559971 ], [ -78.70682536, 39.55598657 ], [ -78.70861123, 39.55699737 ], [ -78.70900811, 39.55780184 ], [ -78.70842417, 39.55870972 ], [ -78.70476329, 39.55661587 ] ] ], [ [ [ -77.88134341, 39.55881741 ], [ -77.88113331, 39.55813736 ], [ -77.88223727, 39.55856056 ], [ -77.88134341, 39.55881741 ] ] ], [ [ [ -78.42276187, 39.5536131 ], [ -78.42282667, 39.55334997 ], [ -78.41970435, 39.55080258 ], [ -78.41830021, 39.54884087 ], [ -78.41943201, 39.54664746 ], [ -78.42079253, 39.54588007 ], [ -78.42301852, 39.54562069 ], [ -78.42548652, 39.54686323 ], [ -78.42816107, 39.54987484 ], [ -78.42910456, 39.55162239 ], [ -78.43154079, 39.55319589 ], [ -78.43124691, 39.55368683 ], [ -78.4328682, 39.5540852 ], [ -78.42979951, 39.55919913 ], [ -78.42596254, 39.55701304 ], [ -78.42276187, 39.5536131 ] ] ], [ [ [ -77.88300647, 39.5593339 ], [ -77.88260751, 39.55918208 ], [ -77.88296946, 39.55899606 ], [ -77.88300647, 39.5593339 ] ] ], [ [ [ -77.88134341, 39.55881741 ], [ -77.88104964, 39.55940135 ], [ -77.88086791, 39.55889586 ], [ -77.88134341, 39.55881741 ] ] ], [ [ [ -77.88300647, 39.5593339 ], [ -77.88398759, 39.55810711 ], [ -77.88353778, 39.55714351 ], [ -77.885368, 39.55772887 ], [ -77.8842922, 39.55815922 ], [ -77.88484007, 39.5586485 ], [ -77.88350743, 39.55955877 ], [ -77.88300647, 39.5593339 ] ] ], [ [ [ -77.88010519, 39.55945376 ], [ -77.88051491, 39.55965016 ], [ -77.88003842, 39.55971661 ], [ -77.88010519, 39.55945376 ] ] ], [ [ [ -77.87962567, 39.55992872 ], [ -77.87969245, 39.55966587 ], [ -77.88003842, 39.55971661 ], [ -77.87997164, 39.55997945 ], [ -77.87962567, 39.55992872 ] ] ], [ [ [ -78.43830756, 39.56181336 ], [ -78.43826018, 39.56188629 ], [ -78.43812959, 39.56182541 ], [ -78.43830756, 39.56181336 ] ] ], [ [ [ -78.43720085, 39.56347726 ], [ -78.43737332, 39.56328606 ], [ -78.43782532, 39.56351786 ], [ -78.4376375, 39.56389688 ], [ -78.43706996, 39.56381628 ], [ -78.43720085, 39.56347726 ] ] ], [ [ [ -78.71454158, 39.56505954 ], [ -78.7141475, 39.56495947 ], [ -78.71352888, 39.56473009 ], [ -78.71450521, 39.56441559 ], [ -78.71454158, 39.56505954 ] ] ], [ [ [ -78.43694389, 39.56421793 ], [ -78.43756646, 39.56415912 ], [ -78.43748175, 39.56521401 ], [ -78.43685413, 39.56487761 ], [ -78.43694389, 39.56421793 ] ] ], [ [ [ -78.71454158, 39.56505954 ], [ -78.715495, 39.56476626 ], [ -78.71756815, 39.56526316 ], [ -78.71632998, 39.56517888 ], [ -78.71780907, 39.56578822 ], [ -78.71735514, 39.56608132 ], [ -78.71454158, 39.56505954 ] ] ], [ [ [ -78.72142662, 39.56765093 ], [ -78.72143516, 39.56763911 ], [ -78.72145662, 39.56764981 ], [ -78.72142662, 39.56765093 ] ] ], [ [ [ -78.44766331, 39.5674989 ], [ -78.44759319, 39.56778399 ], [ -78.44730581, 39.56754475 ], [ -78.44766331, 39.5674989 ] ] ], [ [ [ -78.71786639, 39.5661257 ], [ -78.71793816, 39.56582923 ], [ -78.71945489, 39.56654719 ], [ -78.72069284, 39.56819828 ], [ -78.71911753, 39.56665582 ], [ -78.71786639, 39.5661257 ] ] ], [ [ [ -78.44857308, 39.56817267 ], [ -78.44829919, 39.56833312 ], [ -78.44797755, 39.56808816 ], [ -78.44857308, 39.56817267 ] ] ], [ [ [ -78.72055814, 39.56828529 ], [ -78.72068695, 39.56821779 ], [ -78.72063793, 39.56838021 ], [ -78.72055814, 39.56828529 ] ] ], [ [ [ -77.88010519, 39.55945376 ], [ -77.87921596, 39.55973232 ], [ -77.87981894, 39.56026325 ], [ -77.88168078, 39.5595138 ], [ -77.88293971, 39.55959675 ], [ -77.87976758, 39.56148958 ], [ -77.87950297, 39.56109034 ], [ -77.87855064, 39.5620158 ], [ -77.87812028, 39.56161643 ], [ -77.87897772, 39.56137621 ], [ -77.87873289, 39.56110122 ], [ -77.87647933, 39.56209611 ], [ -77.87097947, 39.56175648 ], [ -77.86776937, 39.56215293 ], [ -77.86547679, 39.56194271 ], [ -77.86543985, 39.56160487 ], [ -77.86529603, 39.56207746 ], [ -77.86280236, 39.56234377 ], [ -77.86012783, 39.56241919 ], [ -77.85977757, 39.56181275 ], [ -77.85944374, 39.5626643 ], [ -77.85757234, 39.56270647 ], [ -77.85673562, 39.56196303 ], [ -77.85636847, 39.5628662 ], [ -77.85229082, 39.56230834 ], [ -77.85154189, 39.56272548 ], [ -77.84819029, 39.56254211 ], [ -77.83912957, 39.56339117 ], [ -77.83394309, 39.56566989 ], [ -77.83434199, 39.56582186 ], [ -77.83236163, 39.56868767 ], [ -77.83177023, 39.56854574 ], [ -77.83326578, 39.56629087 ], [ -77.83438272, 39.56524243 ], [ -77.83495962, 39.56482024 ], [ -77.84007043, 39.56304487 ], [ -77.85672798, 39.56171787 ], [ -77.85670792, 39.56111915 ], [ -77.87218136, 39.56057963 ], [ -77.87686995, 39.55936141 ], [ -77.87714203, 39.55912078 ], [ -77.87605121, 39.55841488 ], [ -77.87686639, 39.55700557 ], [ -77.8762901, 39.55835649 ], [ -77.87709682, 39.55898128 ], [ -77.87823409, 39.55895545 ], [ -77.87850265, 39.5594205 ], [ -77.88066164, 39.55697026 ], [ -77.88097527, 39.558018 ], [ -77.88010519, 39.55945376 ] ] ], [ [ [ -77.831552, 39.57113767 ], [ -77.83103049, 39.57060786 ], [ -77.83143871, 39.57048235 ], [ -77.83110325, 39.57034475 ], [ -77.8317109, 39.56865882 ], [ -77.83222839, 39.5691756 ], [ -77.831552, 39.57113767 ] ] ], [ [ [ -78.72361519, 39.57154716 ], [ -78.72091458, 39.56870932 ], [ -78.72114819, 39.56796399 ], [ -78.72382395, 39.57129744 ], [ -78.72662308, 39.57331972 ], [ -78.72647078, 39.57359615 ], [ -78.72361519, 39.57154716 ] ] ], [ [ [ -78.44252842, 39.56854292 ], [ -78.44806036, 39.57162931 ], [ -78.45066102, 39.57364321 ], [ -78.45016154, 39.57357234 ], [ -78.44252842, 39.56854292 ] ] ], [ [ [ -78.450743, 39.57392717 ], [ -78.45078386, 39.57376099 ], [ -78.45097019, 39.57395941 ], [ -78.450743, 39.57392717 ] ] ], [ [ [ -78.450743, 39.57392717 ], [ -78.45069665, 39.57411566 ], [ -78.45047861, 39.57388966 ], [ -78.450743, 39.57392717 ] ] ], [ [ [ -78.45102472, 39.57423948 ], [ -78.45106804, 39.57406332 ], [ -78.45128521, 39.57427643 ], [ -78.45102472, 39.57423948 ] ] ], [ [ [ -78.45102472, 39.57423948 ], [ -78.45098234, 39.57441179 ], [ -78.45078301, 39.57420518 ], [ -78.45102472, 39.57423948 ] ] ], [ [ [ -78.45641533, 39.57418722 ], [ -78.45621788, 39.57449124 ], [ -78.4559708, 39.57421738 ], [ -78.45641533, 39.57418722 ] ] ], [ [ [ -78.45130644, 39.57455178 ], [ -78.45135686, 39.57434675 ], [ -78.45153896, 39.57458477 ], [ -78.45130644, 39.57455178 ] ] ], [ [ [ -78.7308442, 39.57468512 ], [ -78.73084945, 39.57466341 ], [ -78.73085795, 39.57468703 ], [ -78.7308442, 39.57468512 ] ] ], [ [ [ -78.45130644, 39.57455178 ], [ -78.45126356, 39.57472618 ], [ -78.4510811, 39.5745198 ], [ -78.45130644, 39.57455178 ] ] ], [ [ [ -78.45158817, 39.57486408 ], [ -78.45163078, 39.57469079 ], [ -78.45182713, 39.57489798 ], [ -78.45158817, 39.57486408 ] ] ], [ [ [ -78.45158817, 39.57486408 ], [ -78.45154518, 39.57503891 ], [ -78.4513564, 39.57483119 ], [ -78.45158817, 39.57486408 ] ] ], [ [ [ -78.4518699, 39.57517638 ], [ -78.45191544, 39.57499117 ], [ -78.45209659, 39.57520854 ], [ -78.4518699, 39.57517638 ] ] ], [ [ [ -78.4518699, 39.57517638 ], [ -78.45183042, 39.57533691 ], [ -78.45164641, 39.57514467 ], [ -78.4518699, 39.57517638 ] ] ], [ [ [ -78.45215163, 39.57548867 ], [ -78.45219183, 39.5753252 ], [ -78.45235617, 39.57551769 ], [ -78.45215163, 39.57548867 ] ] ], [ [ [ -78.72848889, 39.57472106 ], [ -78.72681692, 39.57394982 ], [ -78.72665191, 39.57356812 ], [ -78.72803647, 39.57396909 ], [ -78.72920779, 39.57485242 ], [ -78.7295713, 39.57556221 ], [ -78.72848889, 39.57472106 ] ] ], [ [ [ -78.45215163, 39.57548867 ], [ -78.45211186, 39.5756504 ], [ -78.45194325, 39.57545911 ], [ -78.45215163, 39.57548867 ] ] ], [ [ [ -78.62472971, 39.5453983 ], [ -78.62369047, 39.54525228 ], [ -78.62312577, 39.54462846 ], [ -78.61735153, 39.54192825 ], [ -78.61786536, 39.54078682 ], [ -78.61377957, 39.54102887 ], [ -78.61182551, 39.53938234 ], [ -78.61158119, 39.54008794 ], [ -78.6074435, 39.54067588 ], [ -78.60647034, 39.54056764 ], [ -78.60651489, 39.53963608 ], [ -78.61094345, 39.53931672 ], [ -78.61118103, 39.53878891 ], [ -78.60806322, 39.53733835 ], [ -78.61192545, 39.53806319 ], [ -78.61160638, 39.5391623 ], [ -78.61453877, 39.53931116 ], [ -78.61308143, 39.53818286 ], [ -78.61449291, 39.53826132 ], [ -78.61731561, 39.53936278 ], [ -78.62162178, 39.54007079 ], [ -78.63000134, 39.53951307 ], [ -78.63118022, 39.53949868 ], [ -78.63122073, 39.53983628 ], [ -78.63158064, 39.5396481 ], [ -78.63119201, 39.53948692 ], [ -78.63616053, 39.53732499 ], [ -78.65101093, 39.53577612 ], [ -78.65628926, 39.5365794 ], [ -78.65981228, 39.53633328 ], [ -78.6628184, 39.53700989 ], [ -78.66434088, 39.53773024 ], [ -78.66809015, 39.54078382 ], [ -78.67193095, 39.54111339 ], [ -78.67474725, 39.54071769 ], [ -78.67601443, 39.54101118 ], [ -78.68051741, 39.54388966 ], [ -78.68100922, 39.54553935 ], [ -78.68559483, 39.54914163 ], [ -78.69067185, 39.5507885 ], [ -78.69498929, 39.55442231 ], [ -78.6996714, 39.55494727 ], [ -78.7021187, 39.55570169 ], [ -78.70247034, 39.55639008 ], [ -78.70300819, 39.55587981 ], [ -78.7040685, 39.55665535 ], [ -78.70406134, 39.55721329 ], [ -78.70631129, 39.55839206 ], [ -78.70980993, 39.55909933 ], [ -78.71129655, 39.56017259 ], [ -78.71246351, 39.56248684 ], [ -78.71390326, 39.56323548 ], [ -78.71670164, 39.56399461 ], [ -78.72402774, 39.56418909 ], [ -78.72674755, 39.56977597 ], [ -78.72805929, 39.57167556 ], [ -78.72981146, 39.57310621 ], [ -78.73107169, 39.57522599 ], [ -78.73093607, 39.57578666 ], [ -78.72990542, 39.57437234 ], [ -78.72430579, 39.57038914 ], [ -78.72341228, 39.56859114 ], [ -78.72313989, 39.56541109 ], [ -78.72180489, 39.56478036 ], [ -78.71906351, 39.56499326 ], [ -78.71813017, 39.56429585 ], [ -78.71750335, 39.56472335 ], [ -78.7144008, 39.56391975 ], [ -78.71184306, 39.56387946 ], [ -78.70999688, 39.5621034 ], [ -78.70752195, 39.56108303 ], [ -78.70737692, 39.55985683 ], [ -78.70620582, 39.55994271 ], [ -78.70595294, 39.56069392 ], [ -78.69873433, 39.55795899 ], [ -78.68950527, 39.55175801 ], [ -78.68397832, 39.54958001 ], [ -78.67741424, 39.54615915 ], [ -78.66587965, 39.54151564 ], [ -78.65069184, 39.53964496 ], [ -78.65033325, 39.53971768 ], [ -78.650941, 39.54039752 ], [ -78.65052212, 39.54065162 ], [ -78.64958998, 39.53951369 ], [ -78.64070759, 39.53901942 ], [ -78.63882961, 39.53950636 ], [ -78.63258282, 39.54256419 ], [ -78.63013423, 39.54469542 ], [ -78.63236761, 39.54264254 ], [ -78.63808544, 39.53946972 ], [ -78.64170571, 39.5386683 ], [ -78.64057626, 39.53850825 ], [ -78.6322555, 39.54050806 ], [ -78.62877695, 39.5406645 ], [ -78.62806829, 39.54146586 ], [ -78.62686961, 39.54475623 ], [ -78.626368, 39.54493779 ], [ -78.62421359, 39.54366825 ], [ -78.62350293, 39.54386928 ], [ -78.62472971, 39.5453983 ] ], [ [ -78.64997363, 39.53817216 ], [ -78.65020707, 39.53902158 ], [ -78.65360652, 39.53923796 ], [ -78.65414365, 39.53804327 ], [ -78.64965143, 39.53719173 ], [ -78.64997363, 39.53817216 ] ], [ [ -78.65597719, 39.53916801 ], [ -78.65593657, 39.53883041 ], [ -78.65557672, 39.53901866 ], [ -78.65624434, 39.53954615 ], [ -78.65865624, 39.53998708 ], [ -78.66486297, 39.54029253 ], [ -78.66507917, 39.53954163 ], [ -78.66431422, 39.53903804 ], [ -78.66270163, 39.53896601 ], [ -78.66201011, 39.53798749 ], [ -78.65932145, 39.53785253 ], [ -78.65704647, 39.5383512 ], [ -78.65698896, 39.53909398 ], [ -78.65597719, 39.53916801 ] ], [ [ -78.67485009, 39.54392485 ], [ -78.67794776, 39.54548507 ], [ -78.67862884, 39.54539359 ], [ -78.67674344, 39.54411784 ], [ -78.67792252, 39.54402508 ], [ -78.67809985, 39.5430326 ], [ -78.67628349, 39.5413784 ], [ -78.6745288, 39.54095189 ], [ -78.67190921, 39.54207137 ], [ -78.67174648, 39.5429262 ], [ -78.67485009, 39.54392485 ] ], [ [ -78.68056355, 39.54560805 ], [ -78.67911948, 39.54577212 ], [ -78.68012829, 39.54672516 ], [ -78.68276299, 39.54788001 ], [ -78.68286828, 39.54709888 ], [ -78.68056355, 39.54560805 ] ], [ [ -78.70828506, 39.56071476 ], [ -78.70927034, 39.56145727 ], [ -78.70997567, 39.56093977 ], [ -78.70925984, 39.56023858 ], [ -78.70828506, 39.56071476 ] ] ], [ [ [ -78.45243336, 39.57580097 ], [ -78.45247432, 39.57563439 ], [ -78.45267814, 39.5758357 ], [ -78.45243336, 39.57580097 ] ] ], [ [ [ -78.45243336, 39.57580097 ], [ -78.45239326, 39.57596407 ], [ -78.45221761, 39.57577036 ], [ -78.45243336, 39.57580097 ] ] ], [ [ [ -78.4527151, 39.57611327 ], [ -78.45276279, 39.5759193 ], [ -78.45305703, 39.57624141 ], [ -78.4527151, 39.57611327 ] ] ], [ [ [ -78.4527151, 39.57611327 ], [ -78.45274235, 39.57634507 ], [ -78.45250119, 39.57608292 ], [ -78.4527151, 39.57611327 ] ] ], [ [ [ -78.73093607, 39.57578666 ], [ -78.73123519, 39.5761085 ], [ -78.73093021, 39.57640436 ], [ -78.73093607, 39.57578666 ] ] ], [ [ [ -78.73042594, 39.57866744 ], [ -78.73037374, 39.57777248 ], [ -78.73051642, 39.57927792 ], [ -78.73042594, 39.57866744 ] ] ], [ [ [ -78.73162273, 39.57932515 ], [ -78.73130765, 39.57846889 ], [ -78.73162681, 39.57861288 ], [ -78.73162273, 39.57932515 ] ] ], [ [ [ -78.73137297, 39.58002344 ], [ -78.73174525, 39.57956865 ], [ -78.73178858, 39.57992555 ], [ -78.73137297, 39.58002344 ] ] ], [ [ [ -78.74312571, 39.58328074 ], [ -78.74327277, 39.58331507 ], [ -78.74324614, 39.58342523 ], [ -78.74302386, 39.58329169 ], [ -78.74312571, 39.58328074 ] ] ], [ [ [ -77.831552, 39.57113767 ], [ -77.82962661, 39.57962356 ], [ -77.82899215, 39.58043555 ], [ -77.82813592, 39.58400747 ], [ -77.82759063, 39.58402295 ], [ -77.83062619, 39.57233635 ], [ -77.831552, 39.57113767 ] ] ], [ [ [ -78.73236443, 39.58469577 ], [ -78.7319381, 39.5843716 ], [ -78.73233484, 39.58397437 ], [ -78.73246506, 39.58452579 ], [ -78.73236443, 39.58469577 ] ] ], [ [ [ -78.74226243, 39.58525997 ], [ -78.74183854, 39.58497945 ], [ -78.74238391, 39.58409997 ], [ -78.74226243, 39.58525997 ] ] ], [ [ [ -78.73236443, 39.58469577 ], [ -78.73250513, 39.58473125 ], [ -78.732643, 39.58549336 ], [ -78.73227034, 39.58546303 ], [ -78.73236443, 39.58469577 ] ] ], [ [ [ -78.74213511, 39.58578657 ], [ -78.74271726, 39.58481322 ], [ -78.74340439, 39.58566544 ], [ -78.74317517, 39.58593161 ], [ -78.74213511, 39.58578657 ] ] ], [ [ [ -78.74213511, 39.58578657 ], [ -78.74193883, 39.58609104 ], [ -78.74169063, 39.58581774 ], [ -78.74213511, 39.58578657 ] ] ], [ [ [ -78.74090407, 39.58643141 ], [ -78.74110036, 39.58612694 ], [ -78.74134856, 39.58640024 ], [ -78.74096465, 39.58642717 ], [ -78.74090407, 39.58643141 ] ] ], [ [ [ -78.74049372, 39.58664636 ], [ -78.74055739, 39.58638306 ], [ -78.74090407, 39.58643141 ], [ -78.74084041, 39.58669471 ], [ -78.74049372, 39.58664636 ] ] ], [ [ [ -78.73973668, 39.58681295 ], [ -78.74001036, 39.58657895 ], [ -78.74049372, 39.58664636 ], [ -78.74043006, 39.58690966 ], [ -78.73973668, 39.58681295 ] ] ], [ [ [ -78.73973668, 39.58681295 ], [ -78.73967301, 39.58707625 ], [ -78.73926082, 39.58688267 ], [ -78.73973668, 39.58681295 ] ] ], [ [ [ -78.74084041, 39.58669471 ], [ -78.74317517, 39.58593161 ], [ -78.74673078, 39.5865612 ], [ -78.74296971, 39.58649482 ], [ -78.74121527, 39.5872019 ], [ -78.74084041, 39.58669471 ] ] ], [ [ [ -78.74756761, 39.58681881 ], [ -78.7492818, 39.58662964 ], [ -78.75134678, 39.5871998 ], [ -78.75117348, 39.58727063 ], [ -78.74756761, 39.58681881 ] ] ], [ [ [ -78.7367889, 39.58710929 ], [ -78.73711438, 39.58705706 ], [ -78.73693793, 39.58739578 ], [ -78.7367889, 39.58710929 ] ] ], [ [ [ -78.43251619, 39.58643166 ], [ -78.43319776, 39.58661505 ], [ -78.43139469, 39.587632 ], [ -78.43151521, 39.58723117 ], [ -78.43251619, 39.58643166 ] ] ], [ [ [ -78.73103949, 39.58351607 ], [ -78.73098566, 39.58295253 ], [ -78.73198896, 39.58795372 ], [ -78.73180612, 39.5873097 ], [ -78.72993137, 39.58650554 ], [ -78.72997173, 39.58464105 ], [ -78.73109761, 39.58447809 ], [ -78.73103949, 39.58351607 ] ] ], [ [ [ -78.73967301, 39.58707625 ], [ -78.74047966, 39.58739056 ], [ -78.73920885, 39.58795403 ], [ -78.73882807, 39.58748435 ], [ -78.73967301, 39.58707625 ] ] ], [ [ [ -78.44627667, 39.58840016 ], [ -78.44255348, 39.58837511 ], [ -78.43564922, 39.5862227 ], [ -78.44145963, 39.58777294 ], [ -78.4474206, 39.58829944 ], [ -78.45053775, 39.58831587 ], [ -78.4533596, 39.58743719 ], [ -78.45542429, 39.58586511 ], [ -78.45650788, 39.58330835 ], [ -78.45644409, 39.58245758 ], [ -78.45585121, 39.58240765 ], [ -78.45477656, 39.57986653 ], [ -78.45236803, 39.5767187 ], [ -78.45307063, 39.57672731 ], [ -78.45308915, 39.5762769 ], [ -78.45673482, 39.58151318 ], [ -78.45697064, 39.58331761 ], [ -78.45605253, 39.58556786 ], [ -78.4541674, 39.58729098 ], [ -78.45169915, 39.58825274 ], [ -78.44983122, 39.58848143 ], [ -78.44627667, 39.58840016 ] ] ], [ [ [ -78.73558904, 39.58852546 ], [ -78.73516983, 39.58823971 ], [ -78.7351794, 39.58878362 ], [ -78.73375731, 39.58881427 ], [ -78.73243532, 39.58654135 ], [ -78.73245634, 39.58579731 ], [ -78.73326803, 39.58700055 ], [ -78.73646392, 39.58716144 ], [ -78.73676281, 39.58850128 ], [ -78.73595861, 39.58912137 ], [ -78.73558904, 39.58852546 ] ] ], [ [ [ -78.75978176, 39.58987916 ], [ -78.75646298, 39.58807154 ], [ -78.75209664, 39.58739025 ], [ -78.75241751, 39.58701849 ], [ -78.75597272, 39.58774924 ], [ -78.75922303, 39.58897191 ], [ -78.75978176, 39.58987916 ] ] ], [ [ [ -78.73484405, 39.59007706 ], [ -78.73486316, 39.58989599 ], [ -78.73497947, 39.58994396 ], [ -78.73481856, 39.59014356 ], [ -78.73484405, 39.59007706 ] ] ], [ [ [ -78.43386739, 39.59005056 ], [ -78.4338065, 39.58922573 ], [ -78.43673074, 39.59033723 ], [ -78.43386739, 39.59005056 ] ] ], [ [ [ -78.40612712, 39.58474651 ], [ -78.40842853, 39.5832786 ], [ -78.41864228, 39.58489185 ], [ -78.42225891, 39.58622287 ], [ -78.42533475, 39.58829397 ], [ -78.42838831, 39.58900009 ], [ -78.42916589, 39.5896007 ], [ -78.42931361, 39.59106746 ], [ -78.41908267, 39.58664652 ], [ -78.40612712, 39.58474651 ] ] ], [ [ [ -77.82397177, 39.59101868 ], [ -77.82404981, 39.59212084 ], [ -77.82439589, 39.59217173 ], [ -77.82415126, 39.59232958 ], [ -77.82308739, 39.59154799 ], [ -77.82344544, 39.59046344 ], [ -77.82397177, 39.59101868 ] ] ], [ [ [ -77.82439589, 39.59217173 ], [ -77.82452991, 39.59164609 ], [ -77.82397177, 39.59101868 ], [ -77.82554347, 39.59030189 ], [ -77.82716203, 39.58524052 ], [ -77.8277133, 39.58525916 ], [ -77.82706354, 39.5875228 ], [ -77.82724777, 39.589032 ], [ -77.82662408, 39.5889359 ], [ -77.82558752, 39.59190588 ], [ -77.82754205, 39.59219433 ], [ -77.82555845, 39.59198754 ], [ -77.82604874, 39.59230825 ], [ -77.8254027, 39.59399475 ], [ -77.82439589, 39.59217173 ] ] ], [ [ [ -78.41965333, 39.59710278 ], [ -78.41965403, 39.59710226 ], [ -78.41965475, 39.59710349 ], [ -78.41965333, 39.59710278 ] ] ], [ [ [ -78.75978176, 39.58987916 ], [ -78.76630393, 39.5952164 ], [ -78.76666227, 39.5961234 ], [ -78.7661299, 39.59711981 ], [ -78.76644364, 39.59767922 ], [ -78.76584786, 39.59823498 ], [ -78.76522206, 39.59822308 ], [ -78.76591509, 39.5975487 ], [ -78.76617481, 39.59582797 ], [ -78.75978176, 39.58987916 ] ] ], [ [ [ -77.88764623, 39.59900103 ], [ -77.88755106, 39.59896484 ], [ -77.88764398, 39.59898053 ], [ -77.88764623, 39.59900103 ] ] ], [ [ [ -78.76462966, 39.59848941 ], [ -78.76423287, 39.59893185 ], [ -78.7619489, 39.5990804 ], [ -78.76196778, 39.59868974 ], [ -78.76462966, 39.59848941 ] ] ], [ [ [ -77.88764623, 39.59900103 ], [ -77.88805619, 39.59919741 ], [ -77.88757944, 39.59926389 ], [ -77.88764623, 39.59900103 ] ] ], [ [ [ -78.75033348, 39.59949817 ], [ -78.75036591, 39.59918184 ], [ -78.75094554, 39.59946814 ], [ -78.75063575, 39.59946436 ], [ -78.75033348, 39.59949817 ] ] ], [ [ [ -77.88716649, 39.59947603 ], [ -77.88723328, 39.59921317 ], [ -77.88757944, 39.59926389 ], [ -77.88751266, 39.59952674 ], [ -77.88716649, 39.59947603 ] ] ], [ [ [ -78.75277956, 39.59963919 ], [ -78.7509561, 39.59909804 ], [ -78.75357118, 39.59931925 ], [ -78.75581947, 39.59885525 ], [ -78.76139335, 39.59873297 ], [ -78.75277956, 39.59963919 ] ] ], [ [ [ -78.74857432, 39.59945284 ], [ -78.7491069, 39.59933309 ], [ -78.74966457, 39.59946731 ], [ -78.74858004, 39.5996977 ], [ -78.74857432, 39.59945284 ] ] ], [ [ [ -78.42960234, 39.59135126 ], [ -78.42991858, 39.59175608 ], [ -78.42752552, 39.59969956 ], [ -78.42682099, 39.60048823 ], [ -78.42960234, 39.59135126 ] ] ], [ [ [ -78.41669865, 39.5990019 ], [ -78.41677823, 39.59895223 ], [ -78.41931476, 39.60007134 ], [ -78.4188038, 39.60077687 ], [ -78.41669865, 39.5990019 ] ] ], [ [ [ -78.74761571, 39.59966837 ], [ -78.74785556, 39.59961444 ], [ -78.74467483, 39.6020205 ], [ -78.74445781, 39.60170062 ], [ -78.74574011, 39.60053038 ], [ -78.74761571, 39.59966837 ] ] ], [ [ [ -77.99422517, 39.6020275 ], [ -77.99432392, 39.60187736 ], [ -77.99467006, 39.60199898 ], [ -77.99422517, 39.6020275 ] ] ], [ [ [ -78.42480088, 39.60210771 ], [ -78.42350245, 39.60041093 ], [ -78.42072739, 39.59826084 ], [ -78.42065071, 39.59738303 ], [ -78.41971972, 39.59705349 ], [ -78.42314981, 39.59794095 ], [ -78.42610766, 39.6018137 ], [ -78.4265248, 39.6009337 ], [ -78.4262519, 39.60204147 ], [ -78.42480088, 39.60210771 ] ] ], [ [ [ -77.82197245, 39.60205708 ], [ -77.82213242, 39.60190813 ], [ -77.8222139, 39.60195568 ], [ -77.82187825, 39.60227451 ], [ -77.82197245, 39.60205708 ] ] ], [ [ [ -77.94219963, 39.59907472 ], [ -77.94254583, 39.59912529 ], [ -77.9439579, 39.59475669 ], [ -77.94758729, 39.59893541 ], [ -77.94972763, 39.59866082 ], [ -77.94914124, 39.60189851 ], [ -77.94544834, 39.60245524 ], [ -77.94542337, 39.60099119 ], [ -77.9418451, 39.60109513 ], [ -77.94219963, 39.59907472 ] ] ], [ [ [ -78.74310575, 39.60252465 ], [ -78.74289552, 39.6024465 ], [ -78.74308554, 39.60235856 ], [ -78.74310575, 39.60252465 ] ] ], [ [ [ -78.42293847, 39.60238784 ], [ -78.4227408, 39.60269181 ], [ -78.42249375, 39.60241788 ], [ -78.42293847, 39.60238784 ] ] ], [ [ [ -78.74310575, 39.60252465 ], [ -78.74335173, 39.60264014 ], [ -78.74304541, 39.60277416 ], [ -78.74310575, 39.60252465 ] ] ], [ [ [ -78.74206313, 39.60282482 ], [ -78.74221915, 39.60275521 ], [ -78.74301625, 39.60278692 ], [ -78.74251261, 39.60302124 ], [ -78.74206313, 39.60282482 ] ] ], [ [ [ -77.97383881, 39.60314609 ], [ -77.97343094, 39.60293694 ], [ -77.97385124, 39.60252845 ], [ -77.97383881, 39.60314609 ] ] ], [ [ [ -77.90628553, 39.60336597 ], [ -77.90587265, 39.60315393 ], [ -77.90629167, 39.60307426 ], [ -77.90628553, 39.60336597 ] ] ], [ [ [ -77.90663173, 39.60341664 ], [ -77.9068867, 39.6031304 ], [ -77.90744517, 39.60342644 ], [ -77.90663173, 39.60341664 ] ] ], [ [ [ -77.93929739, 39.59210821 ], [ -77.93933469, 39.59244603 ], [ -77.93969665, 39.59225984 ], [ -77.93929739, 39.59210821 ], [ -77.93947742, 39.59151433 ], [ -77.94372124, 39.59448423 ], [ -77.94314508, 39.59675934 ], [ -77.94279889, 39.59670878 ], [ -77.94219963, 39.59907472 ], [ -77.94061597, 39.60223593 ], [ -77.94037709, 39.60137968 ], [ -77.93911164, 39.60184302 ], [ -77.93897912, 39.60335836 ], [ -77.94061704, 39.60317857 ], [ -77.937824, 39.60359531 ], [ -77.93825497, 39.59990619 ], [ -77.93940111, 39.59942723 ], [ -77.93820731, 39.59920173 ], [ -77.9392982, 39.593136 ], [ -77.93890787, 39.592271 ], [ -77.93929739, 39.59210821 ] ] ], [ [ [ -77.90801652, 39.60361927 ], [ -77.90761725, 39.60346753 ], [ -77.90778656, 39.60338052 ], [ -77.90801652, 39.60361927 ] ] ], [ [ [ -77.90628553, 39.60336597 ], [ -77.90663173, 39.60341664 ], [ -77.90637317, 39.60372797 ], [ -77.90628553, 39.60336597 ] ] ], [ [ [ -78.00807559, 39.60404345 ], [ -78.00796968, 39.60386927 ], [ -78.00737225, 39.60339165 ], [ -78.00845428, 39.60391067 ], [ -78.00807559, 39.60404345 ] ] ], [ [ [ -78.00870178, 39.60440713 ], [ -78.00884282, 39.60423689 ], [ -78.00904805, 39.60445751 ], [ -78.00870178, 39.60440713 ] ] ], [ [ [ -78.00904805, 39.60445751 ], [ -78.00926154, 39.60455948 ], [ -78.00939672, 39.60466215 ], [ -78.0089817, 39.60472043 ], [ -78.00904805, 39.60445751 ] ] ], [ [ [ -78.4249105, 39.60457439 ], [ -78.42495812, 39.60473647 ], [ -78.42479279, 39.6046221 ], [ -78.4249105, 39.60457439 ] ] ], [ [ [ -77.98810156, 39.60495183 ], [ -77.98844782, 39.60500227 ], [ -77.9883814, 39.60526518 ], [ -77.98803513, 39.60521474 ], [ -77.98810156, 39.60495183 ] ] ], [ [ [ -77.9883814, 39.60526518 ], [ -77.98855456, 39.605299 ], [ -77.98834183, 39.60528727 ], [ -77.9883814, 39.60526518 ] ] ], [ [ [ -77.99314848, 39.6048691 ], [ -77.99356162, 39.60508085 ], [ -77.99313621, 39.60548674 ], [ -77.99314848, 39.6048691 ] ] ], [ [ [ -77.99261978, 39.60557088 ], [ -77.99274338, 39.60549921 ], [ -77.99289671, 39.6055776 ], [ -77.99261978, 39.60557088 ] ] ], [ [ [ -77.91820264, 39.60592715 ], [ -77.91799523, 39.60567418 ], [ -77.90772286, 39.60400195 ], [ -77.90824048, 39.60358073 ], [ -77.91382789, 39.60442837 ], [ -77.91856821, 39.60526181 ], [ -77.92074977, 39.60618247 ], [ -77.91820264, 39.60592715 ] ] ], [ [ [ -78.00574701, 39.6061578 ], [ -78.00581337, 39.60589488 ], [ -78.00615965, 39.60594527 ], [ -78.00609329, 39.60620819 ], [ -78.00574701, 39.6061578 ] ] ], [ [ [ -78.00615965, 39.60594527 ], [ -78.0060715, 39.60558334 ], [ -78.00581337, 39.60589488 ], [ -78.00512617, 39.60518539 ], [ -78.00601245, 39.60510613 ], [ -78.00719848, 39.60609642 ], [ -78.00615965, 39.60594527 ] ] ], [ [ [ -77.99653045, 39.6042712 ], [ -78.00317591, 39.60496593 ], [ -78.00465737, 39.60557528 ], [ -78.00477176, 39.60638735 ], [ -77.99409147, 39.60563246 ], [ -77.99444445, 39.60473775 ], [ -77.99499302, 39.60478309 ], [ -77.99504763, 39.60443386 ], [ -77.9945101, 39.60437374 ], [ -77.99653045, 39.6042712 ] ] ], [ [ [ -78.00602693, 39.6064711 ], [ -78.00609329, 39.60620819 ], [ -78.00643957, 39.60625857 ], [ -78.00637321, 39.60652149 ], [ -78.00602693, 39.6064711 ] ] ], [ [ [ -78.42694749, 39.60649778 ], [ -78.42698209, 39.60656324 ], [ -78.42689284, 39.60647844 ], [ -78.42694749, 39.60649778 ] ] ], [ [ [ -77.91820264, 39.60592715 ], [ -77.92060571, 39.60669951 ], [ -77.92126908, 39.60720776 ], [ -77.91982115, 39.60652292 ], [ -77.91930945, 39.60678121 ], [ -77.91917378, 39.60632223 ], [ -77.91857205, 39.60689648 ], [ -77.91767387, 39.60638917 ], [ -77.9179173, 39.60596121 ], [ -77.91684964, 39.60572927 ], [ -77.91820264, 39.60592715 ] ] ], [ [ [ -77.88751266, 39.59952674 ], [ -77.8896282, 39.59940997 ], [ -77.89729843, 39.60163368 ], [ -77.90409051, 39.60296547 ], [ -77.90392702, 39.60341306 ], [ -77.9005145, 39.60300324 ], [ -77.89013046, 39.60017358 ], [ -77.88623203, 39.60052232 ], [ -77.88487975, 39.6012068 ], [ -77.88425421, 39.60245933 ], [ -77.88483459, 39.60556378 ], [ -77.88616223, 39.60745136 ], [ -77.88462177, 39.60589449 ], [ -77.88394239, 39.60215531 ], [ -77.88447419, 39.60112758 ], [ -77.88587254, 39.60030486 ], [ -77.88957518, 39.60004592 ], [ -77.88751266, 39.59952674 ] ] ], [ [ [ -78.42747451, 39.60765806 ], [ -78.42750813, 39.6075583 ], [ -78.42754562, 39.60762922 ], [ -78.42747451, 39.60765806 ] ] ], [ [ [ -77.88716649, 39.59947603 ], [ -77.88470273, 39.59966469 ], [ -77.88294926, 39.60089772 ], [ -77.88278124, 39.60503251 ], [ -77.88399043, 39.60773517 ], [ -77.8823801, 39.60526231 ], [ -77.88260694, 39.60411047 ], [ -77.8822253, 39.6037819 ], [ -77.88270647, 39.60274001 ], [ -77.88187893, 39.6027124 ], [ -77.88287907, 39.60011352 ], [ -77.88418737, 39.59914537 ], [ -77.88635968, 39.59883851 ], [ -77.88716649, 39.59947603 ] ] ], [ [ [ -77.92271639, 39.60795022 ], [ -77.92229443, 39.60764586 ], [ -77.92272744, 39.60744222 ], [ -77.92311575, 39.60773598 ], [ -77.92271639, 39.60795022 ] ] ], [ [ [ -77.92306262, 39.60800083 ], [ -77.92312823, 39.60774209 ], [ -77.92344215, 39.60792012 ], [ -77.92340885, 39.60805145 ], [ -77.92306262, 39.60800083 ] ] ], [ [ [ -77.97160339, 39.60772686 ], [ -77.97480266, 39.60579834 ], [ -77.97682208, 39.60412613 ], [ -77.97751457, 39.60422706 ], [ -77.97833999, 39.60380218 ], [ -77.97972499, 39.60400402 ], [ -77.98200184, 39.60351804 ], [ -77.9826654, 39.60421966 ], [ -77.98302732, 39.60403334 ], [ -77.98269434, 39.60361894 ], [ -77.9851181, 39.60397207 ], [ -77.98698224, 39.60369846 ], [ -77.99346373, 39.60447113 ], [ -77.99150536, 39.60510265 ], [ -77.98898616, 39.60496754 ], [ -77.98870251, 39.60479626 ], [ -77.98954377, 39.60447351 ], [ -77.98866097, 39.60409684 ], [ -77.98810156, 39.60495183 ], [ -77.98728406, 39.60509679 ], [ -77.97828305, 39.60499204 ], [ -77.9747273, 39.60609869 ], [ -77.97172606, 39.60806146 ], [ -77.97160339, 39.60772686 ] ] ], [ [ [ -77.92264972, 39.60821309 ], [ -77.92271639, 39.60795022 ], [ -77.92306262, 39.60800083 ], [ -77.92299595, 39.60826371 ], [ -77.92264972, 39.60821309 ] ] ], [ [ [ -77.92264972, 39.60821309 ], [ -77.92237051, 39.60852662 ], [ -77.92183622, 39.60820338 ], [ -77.9223731, 39.60820979 ], [ -77.92264972, 39.60821309 ] ] ], [ [ [ -77.97071139, 39.60841459 ], [ -77.97142141, 39.60826242 ], [ -77.97067751, 39.60866825 ], [ -77.97071139, 39.60841459 ] ] ], [ [ [ -78.00574701, 39.6061578 ], [ -78.00568064, 39.60642072 ], [ -78.00785877, 39.60817675 ], [ -78.00791546, 39.60887099 ], [ -78.0047614, 39.60663746 ], [ -78.00574701, 39.6061578 ] ] ], [ [ [ -77.83725846, 39.60933161 ], [ -77.83597586, 39.60917808 ], [ -77.83340205, 39.60755353 ], [ -77.83350634, 39.60714436 ], [ -77.83247398, 39.60696775 ], [ -77.83260184, 39.60646612 ], [ -77.83004105, 39.60545689 ], [ -77.83087377, 39.60540595 ], [ -77.82913601, 39.60252617 ], [ -77.82844253, 39.60250273 ], [ -77.82848858, 39.60171685 ], [ -77.82940247, 39.60146234 ], [ -77.82966557, 39.60246214 ], [ -77.83303602, 39.605558 ], [ -77.83375636, 39.60679433 ], [ -77.8378546, 39.60831491 ], [ -77.83725846, 39.60933161 ] ] ], [ [ [ -77.83725846, 39.60933161 ], [ -77.83753635, 39.60943741 ], [ -77.83729529, 39.60966947 ], [ -77.83725846, 39.60933161 ] ] ], [ [ [ -77.88399043, 39.60773517 ], [ -77.88428097, 39.6078451 ], [ -77.88632767, 39.60989628 ], [ -77.88444293, 39.60841697 ], [ -77.88399043, 39.60773517 ] ] ], [ [ [ -78.00827201, 39.60988217 ], [ -78.00830074, 39.60982679 ], [ -78.0083932, 39.60989815 ], [ -78.00827201, 39.60988217 ] ] ], [ [ [ -77.8450753, 39.60966163 ], [ -77.84511217, 39.60999949 ], [ -77.84547447, 39.60981357 ], [ -77.8450753, 39.60966163 ], [ -77.84531795, 39.60922934 ], [ -77.84614613, 39.60918056 ], [ -77.84573218, 39.61002931 ], [ -77.84118789, 39.60988291 ], [ -77.83826345, 39.60879757 ], [ -77.83879521, 39.60855315 ], [ -77.8450753, 39.60966163 ] ] ], [ [ [ -77.85136205, 39.60894861 ], [ -77.85122799, 39.61021179 ], [ -77.84975401, 39.61015961 ], [ -77.85109772, 39.60925463 ], [ -77.84980309, 39.60953695 ], [ -77.84927501, 39.60898994 ], [ -77.85136205, 39.60894861 ] ] ], [ [ [ -78.01090403, 39.60990635 ], [ -78.01090788, 39.60990781 ], [ -78.01130355, 39.61005776 ], [ -78.01094167, 39.61024416 ], [ -78.01090403, 39.60990635 ] ] ], [ [ [ -78.00886787, 39.61039456 ], [ -78.00877425, 39.61019225 ], [ -78.00900736, 39.61037217 ], [ -78.00886787, 39.61039456 ] ] ], [ [ [ -77.85136205, 39.60894861 ], [ -77.85399446, 39.60908278 ], [ -77.86174778, 39.61047257 ], [ -77.85586705, 39.60957049 ], [ -77.85543329, 39.60983076 ], [ -77.85136205, 39.60894861 ] ] ], [ [ [ -78.01103672, 39.60938051 ], [ -78.01099908, 39.60904271 ], [ -78.01063721, 39.6092291 ], [ -78.01103672, 39.60938051 ], [ -78.01090403, 39.60990635 ], [ -78.00973266, 39.60873598 ], [ -78.00992262, 39.60784847 ], [ -78.00719848, 39.60609642 ], [ -78.00910393, 39.60623935 ], [ -78.00601245, 39.60510613 ], [ -78.00639117, 39.60442584 ], [ -78.00523961, 39.60328104 ], [ -78.00807559, 39.60404345 ], [ -78.01013478, 39.60561079 ], [ -78.01131858, 39.60675276 ], [ -78.01348876, 39.61052724 ], [ -78.01219547, 39.60902747 ], [ -78.01103672, 39.60938051 ] ] ], [ [ [ -77.86403742, 39.61135373 ], [ -77.86423746, 39.61105064 ], [ -77.86448242, 39.61132567 ], [ -77.86403742, 39.61135373 ] ] ], [ [ [ -77.86174778, 39.61047257 ], [ -77.86346908, 39.61076462 ], [ -77.86334501, 39.61125217 ], [ -77.86403742, 39.61135373 ], [ -77.86224331, 39.61112085 ], [ -77.86260604, 39.61100006 ], [ -77.86174778, 39.61047257 ] ] ], [ [ [ -77.88693786, 39.61123889 ], [ -77.88697926, 39.61052232 ], [ -77.88802625, 39.61154886 ], [ -77.88693786, 39.61123889 ] ] ], [ [ [ -77.89056189, 39.61102758 ], [ -77.89090468, 39.6108979 ], [ -77.89191283, 39.61201165 ], [ -77.89187765, 39.61205589 ], [ -77.89056189, 39.61102758 ] ] ], [ [ [ -77.86440709, 39.61183463 ], [ -77.86479671, 39.61119244 ], [ -77.8655891, 39.6114772 ], [ -77.86512846, 39.61218517 ], [ -77.86440709, 39.61183463 ] ] ], [ [ [ -77.88838895, 39.61225491 ], [ -77.88838564, 39.61196635 ], [ -77.88879356, 39.61249282 ], [ -77.88838895, 39.61225491 ] ] ], [ [ [ -78.43201928, 39.61212014 ], [ -78.43223626, 39.61269563 ], [ -78.43119645, 39.612548 ], [ -78.43132608, 39.61202172 ], [ -78.43201928, 39.61212014 ] ] ], [ [ [ -77.92504552, 39.61292521 ], [ -77.92299595, 39.60826371 ], [ -77.92340885, 39.60805145 ], [ -77.92518576, 39.6102737 ], [ -77.92550165, 39.61189395 ], [ -77.92539177, 39.61297582 ], [ -77.92504552, 39.61292521 ] ] ], [ [ [ -77.92412716, 39.61088264 ], [ -77.92420675, 39.61198475 ], [ -77.92504552, 39.61292521 ], [ -77.92456441, 39.61323626 ], [ -77.92375435, 39.61269508 ], [ -77.92329214, 39.61162316 ], [ -77.92412716, 39.61088264 ] ] ], [ [ [ -77.86771196, 39.61243792 ], [ -77.86726695, 39.61246599 ], [ -77.86962537, 39.61286385 ], [ -77.86912269, 39.61325902 ], [ -77.86672249, 39.61296667 ], [ -77.86665549, 39.61182297 ], [ -77.86771196, 39.61243792 ] ] ], [ [ [ -78.43223626, 39.61269563 ], [ -78.43265073, 39.61290593 ], [ -78.43222783, 39.61331332 ], [ -78.43223626, 39.61269563 ] ] ], [ [ [ -77.95409214, 39.61307809 ], [ -77.95449155, 39.61322968 ], [ -77.95412952, 39.61341591 ], [ -77.95409214, 39.61307809 ] ] ], [ [ [ -77.92481346, 39.61352984 ], [ -77.92485022, 39.6135275 ], [ -77.92482529, 39.6135431 ], [ -77.92481346, 39.61352984 ] ] ], [ [ [ -77.92525845, 39.61350157 ], [ -77.92512431, 39.61370512 ], [ -77.92497071, 39.61351985 ], [ -77.92506002, 39.61351417 ], [ -77.92525845, 39.61350157 ] ] ], [ [ [ -77.8709205, 39.613633 ], [ -77.87097977, 39.61360257 ], [ -77.87113145, 39.61371323 ], [ -77.8709205, 39.613633 ] ] ], [ [ [ -78.43301683, 39.61389581 ], [ -78.43260235, 39.6136855 ], [ -78.43302525, 39.61327811 ], [ -78.43301683, 39.61389581 ] ] ], [ [ [ -77.95389247, 39.61386676 ], [ -77.95415085, 39.61355532 ], [ -77.95423875, 39.61391729 ], [ -77.95389247, 39.61386676 ] ] ], [ [ [ -77.94592817, 39.61270432 ], [ -77.94241492, 39.61049595 ], [ -77.94205287, 39.61068214 ], [ -77.94349646, 39.61182703 ], [ -77.94592817, 39.61270432 ], [ -77.94657447, 39.61334448 ], [ -77.94611415, 39.61396702 ], [ -77.94454181, 39.61284015 ], [ -77.94127348, 39.61178203 ], [ -77.93975194, 39.610426 ], [ -77.94247352, 39.61008468 ], [ -77.94676844, 39.6126984 ], [ -77.94592817, 39.61270432 ] ] ], [ [ [ -77.95458503, 39.61396782 ], [ -77.95487843, 39.61338369 ], [ -77.95506081, 39.61388909 ], [ -77.95458503, 39.61396782 ] ] ], [ [ [ -77.95610325, 39.61364414 ], [ -77.95650267, 39.61379572 ], [ -77.95614064, 39.61398196 ], [ -77.95610325, 39.61364414 ] ] ], [ [ [ -77.87159911, 39.61409846 ], [ -77.87125288, 39.6140477 ], [ -77.8713052, 39.61384203 ], [ -77.87160441, 39.61407762 ], [ -77.87159911, 39.61409846 ] ] ], [ [ [ -77.92547139, 39.61407792 ], [ -77.92560471, 39.61355217 ], [ -77.92525845, 39.61350157 ], [ -77.92539177, 39.61297582 ], [ -77.92616391, 39.61417914 ], [ -77.92547139, 39.61407792 ] ] ], [ [ [ -77.94628351, 39.61385327 ], [ -77.94655504, 39.61356674 ], [ -77.94649613, 39.61424078 ], [ -77.94615086, 39.61399333 ], [ -77.94628351, 39.61385327 ] ] ], [ [ [ -77.95423875, 39.61391729 ], [ -77.95458503, 39.61396782 ], [ -77.95432665, 39.61427925 ], [ -77.95423875, 39.61391729 ] ] ], [ [ [ -77.92547139, 39.61407792 ], [ -77.92530744, 39.6143267 ], [ -77.92527159, 39.61438111 ], [ -77.92518745, 39.61409597 ], [ -77.92547139, 39.61407792 ] ] ], [ [ [ -77.95857064, 39.61454871 ], [ -77.95859377, 39.61373489 ], [ -77.95971978, 39.61415997 ], [ -77.95857064, 39.61454871 ] ] ], [ [ [ -77.95909377, 39.61513217 ], [ -77.95911392, 39.61509204 ], [ -77.95912163, 39.61511339 ], [ -77.95909377, 39.61513217 ] ] ], [ [ [ -77.94740656, 39.6153736 ], [ -77.94700715, 39.61522198 ], [ -77.94736922, 39.61503577 ], [ -77.94740656, 39.6153736 ] ] ], [ [ [ -77.92693607, 39.61538246 ], [ -77.9270002, 39.61512956 ], [ -77.92728034, 39.61543277 ], [ -77.92693607, 39.61538246 ] ] ], [ [ [ -77.94775284, 39.61542414 ], [ -77.94690981, 39.61349912 ], [ -77.94801005, 39.61041035 ], [ -77.94981157, 39.61094971 ], [ -77.95113602, 39.60873335 ], [ -77.95273269, 39.60854853 ], [ -77.95559786, 39.60963105 ], [ -77.95966871, 39.61021713 ], [ -77.96250654, 39.61035855 ], [ -77.96478431, 39.60987257 ], [ -77.96961796, 39.60762872 ], [ -77.97097552, 39.60655094 ], [ -77.97313235, 39.60349765 ], [ -77.97446232, 39.60286257 ], [ -77.97460747, 39.60202091 ], [ -77.9765969, 39.6015111 ], [ -77.97669302, 39.6010919 ], [ -77.97904545, 39.60140112 ], [ -77.97813062, 39.6009053 ], [ -77.97941725, 39.60096071 ], [ -77.97945474, 39.60129852 ], [ -77.97981665, 39.60111222 ], [ -77.97950091, 39.60083292 ], [ -77.98597772, 39.60083771 ], [ -77.99268311, 39.60225109 ], [ -77.9931672, 39.60205521 ], [ -77.99113108, 39.60176654 ], [ -77.99025353, 39.60135027 ], [ -77.99299243, 39.60200651 ], [ -77.99348285, 39.60167721 ], [ -77.99441259, 39.60230914 ], [ -78.00215986, 39.60167773 ], [ -78.00477892, 39.60209336 ], [ -78.00735904, 39.60323494 ], [ -78.005001, 39.60319721 ], [ -78.0048947, 39.60508922 ], [ -78.00012587, 39.60424944 ], [ -77.98704866, 39.60343555 ], [ -77.97840645, 39.60353928 ], [ -77.97605448, 39.60416206 ], [ -77.97551745, 39.60502633 ], [ -77.97160339, 39.60772686 ], [ -77.97044495, 39.60773725 ], [ -77.97084437, 39.60788879 ], [ -77.97030972, 39.60882145 ], [ -77.9653712, 39.61063886 ], [ -77.95957262, 39.61480938 ], [ -77.959866, 39.61385585 ], [ -77.95964678, 39.61293959 ], [ -77.95886308, 39.61337672 ], [ -77.95786668, 39.6117823 ], [ -77.95610325, 39.61364414 ], [ -77.95297328, 39.6118244 ], [ -77.95257829, 39.60976357 ], [ -77.95157476, 39.61025728 ], [ -77.95048933, 39.61236568 ], [ -77.95110909, 39.60983499 ], [ -77.95044103, 39.61058937 ], [ -77.94892485, 39.61505001 ], [ -77.94844541, 39.61552524 ], [ -77.94775284, 39.61542414 ] ] ], [ [ [ -77.92721568, 39.61569594 ], [ -77.92728196, 39.61543453 ], [ -77.92756221, 39.61574553 ], [ -77.92756195, 39.61574654 ], [ -77.92721568, 39.61569594 ] ] ], [ [ [ -77.95792594, 39.61591662 ], [ -77.95832173, 39.61542404 ], [ -77.9585155, 39.61552198 ], [ -77.95813572, 39.61577799 ], [ -77.95792594, 39.61591662 ] ] ], [ [ [ -78.43301683, 39.61389581 ], [ -78.43385603, 39.61375815 ], [ -78.43429624, 39.61598381 ], [ -78.4337096, 39.61553511 ], [ -78.43301683, 39.61389581 ] ] ], [ [ [ -78.01760893, 39.61606022 ], [ -78.01711855, 39.61562393 ], [ -78.01580468, 39.61353709 ], [ -78.01719588, 39.61513353 ], [ -78.01760893, 39.61606022 ] ] ], [ [ [ -78.39598462, 39.61564684 ], [ -78.39610902, 39.61553267 ], [ -78.39647787, 39.6156501 ], [ -78.39598017, 39.61606285 ], [ -78.39598462, 39.61564684 ] ] ], [ [ [ -78.01760893, 39.61606022 ], [ -78.0176412, 39.61606492 ], [ -78.01784755, 39.61636748 ], [ -78.0175426, 39.61632315 ], [ -78.01760893, 39.61606022 ] ] ], [ [ [ -77.94740656, 39.6153736 ], [ -77.94775284, 39.61542414 ], [ -77.94800681, 39.61645673 ], [ -77.94737941, 39.61632123 ], [ -77.94740656, 39.6153736 ] ] ], [ [ [ -77.95705622, 39.61607918 ], [ -77.95783106, 39.61597932 ], [ -77.95707235, 39.61648071 ], [ -77.95705622, 39.61607918 ] ] ], [ [ [ -77.89012454, 39.61661539 ], [ -77.8901605, 39.61658966 ], [ -77.89018814, 39.61663523 ], [ -77.89012454, 39.61661539 ] ] ], [ [ [ -78.01782261, 39.61663643 ], [ -78.01787888, 39.61641335 ], [ -78.01810438, 39.61667739 ], [ -78.01782261, 39.61663643 ] ] ], [ [ [ -77.87159911, 39.61409846 ], [ -77.87386758, 39.61530495 ], [ -77.88093096, 39.61634879 ], [ -77.8808164, 39.61675798 ], [ -77.87270048, 39.61549239 ], [ -77.87165067, 39.6147451 ], [ -77.87159911, 39.61409846 ] ] ], [ [ [ -78.01368353, 39.61112513 ], [ -78.0136277, 39.61071581 ], [ -78.01564754, 39.61335196 ], [ -78.01414688, 39.61346996 ], [ -78.01619879, 39.61661587 ], [ -78.01560354, 39.61685652 ], [ -78.01330781, 39.61368 ], [ -78.01411673, 39.61332683 ], [ -78.01435635, 39.61266821 ], [ -78.01368353, 39.61112513 ] ] ], [ [ [ -77.95565092, 39.61684936 ], [ -77.9559093, 39.61653792 ], [ -77.95599721, 39.61689988 ], [ -77.95565092, 39.61684936 ] ] ], [ [ [ -77.88892785, 39.61296958 ], [ -77.888884, 39.61261947 ], [ -77.88922524, 39.61328035 ], [ -77.88932701, 39.61408364 ], [ -77.88883047, 39.61566071 ], [ -77.88692023, 39.61692793 ], [ -77.88891543, 39.61515626 ], [ -77.88892785, 39.61296958 ] ] ], [ [ [ -78.01201588, 39.61688234 ], [ -78.01082971, 39.61692883 ], [ -78.01005222, 39.61635274 ], [ -78.00910429, 39.61088623 ], [ -78.01201588, 39.61688234 ] ] ], [ [ [ -77.95565092, 39.61684936 ], [ -77.95558436, 39.61711225 ], [ -77.95517412, 39.61691609 ], [ -77.95565092, 39.61684936 ] ] ], [ [ [ -78.01201588, 39.61688234 ], [ -78.01241544, 39.61703375 ], [ -78.01205353, 39.61722015 ], [ -78.01201588, 39.61688234 ] ] ], [ [ [ -77.88108444, 39.61680081 ], [ -77.88268778, 39.61637295 ], [ -77.88441974, 39.61678951 ], [ -77.8844591, 39.61734299 ], [ -77.88108444, 39.61680081 ] ] ], [ [ [ -77.88654241, 39.61658517 ], [ -77.88656576, 39.61708643 ], [ -77.88482516, 39.61740115 ], [ -77.88583638, 39.61677137 ], [ -77.88654241, 39.61658517 ] ] ], [ [ [ -77.95558436, 39.61711225 ], [ -77.95593066, 39.61716278 ], [ -77.95688842, 39.61660226 ], [ -77.95547741, 39.61753472 ], [ -77.95558436, 39.61711225 ] ] ], [ [ [ -77.95462554, 39.61806276 ], [ -77.95466881, 39.61806908 ], [ -77.95461492, 39.61810469 ], [ -77.95462554, 39.61806276 ] ] ], [ [ [ -78.40069882, 39.61461646 ], [ -78.39804814, 39.61553412 ], [ -78.39921688, 39.61659155 ], [ -78.39862485, 39.61669878 ], [ -78.39663517, 39.61523814 ], [ -78.39911687, 39.61392315 ], [ -78.40057324, 39.61425206 ], [ -78.40055398, 39.61375627 ], [ -78.4015037, 39.61333433 ], [ -78.40216921, 39.61377482 ], [ -78.40162443, 39.61444382 ], [ -78.41141827, 39.61811462 ], [ -78.40069882, 39.61461646 ] ] ], [ [ [ -77.95421268, 39.61827513 ], [ -77.95433091, 39.61829238 ], [ -77.95418368, 39.61838968 ], [ -77.95421268, 39.61827513 ] ] ], [ [ [ -78.41213718, 39.61855584 ], [ -78.41210534, 39.61860477 ], [ -78.41199858, 39.61856518 ], [ -78.41213718, 39.61855584 ] ] ], [ [ [ -77.95379982, 39.61848749 ], [ -77.953993, 39.61851568 ], [ -77.9536692, 39.61872927 ], [ -77.95379982, 39.61848749 ] ] ], [ [ [ -78.41311215, 39.61896675 ], [ -78.41310352, 39.61897654 ], [ -78.41307646, 39.61896646 ], [ -78.41311215, 39.61896675 ] ] ], [ [ [ -77.95290752, 39.6191751 ], [ -77.95302328, 39.61914997 ], [ -77.95289228, 39.61923529 ], [ -77.95290752, 39.6191751 ] ] ], [ [ [ -77.95434844, 39.61876813 ], [ -77.95835906, 39.61627833 ], [ -77.95835235, 39.61710198 ], [ -77.9599381, 39.61625328 ], [ -77.96050968, 39.6153596 ], [ -77.96008778, 39.61512569 ], [ -77.96487709, 39.61188683 ], [ -77.96354836, 39.61612736 ], [ -77.95437451, 39.61946449 ], [ -77.95434844, 39.61876813 ] ] ], [ [ [ -78.4036457, 39.61952758 ], [ -78.40287486, 39.61930759 ], [ -78.40339272, 39.61924197 ], [ -78.4036457, 39.61952758 ] ] ], [ [ [ -78.73690645, 39.61036997 ], [ -78.73686541, 39.61003239 ], [ -78.73650542, 39.61022088 ], [ -78.73690645, 39.61036997 ], [ -78.73357154, 39.61312819 ], [ -78.73245437, 39.61476209 ], [ -78.73357244, 39.61970357 ], [ -78.73183556, 39.61583227 ], [ -78.73234347, 39.6139068 ], [ -78.73621058, 39.61030641 ], [ -78.73724852, 39.60804085 ], [ -78.74138802, 39.60330732 ], [ -78.74165962, 39.60358319 ], [ -78.73768998, 39.60842858 ], [ -78.73690645, 39.61036997 ] ] ], [ [ [ -78.40358078, 39.61979071 ], [ -78.4036457, 39.61952758 ], [ -78.40531229, 39.61991218 ], [ -78.40358078, 39.61979071 ] ] ], [ [ [ -78.41575538, 39.61988706 ], [ -78.41571844, 39.61995046 ], [ -78.41550767, 39.61987196 ], [ -78.41575538, 39.61988706 ] ] ], [ [ [ -78.02049019, 39.62029503 ], [ -78.01997722, 39.62010174 ], [ -78.01817704, 39.61676126 ], [ -78.0201236, 39.61916398 ], [ -78.02049019, 39.62029503 ] ] ], [ [ [ -78.38625719, 39.62016846 ], [ -78.38637012, 39.61999848 ], [ -78.38663579, 39.62030032 ], [ -78.38623031, 39.62017722 ], [ -78.38625719, 39.62016846 ] ] ], [ [ [ -77.92616391, 39.61417914 ], [ -77.92699069, 39.61512127 ], [ -77.92652591, 39.61518621 ], [ -77.92686941, 39.61564534 ], [ -77.92810132, 39.6163207 ], [ -77.92767618, 39.61640178 ], [ -77.92792139, 39.61667669 ], [ -77.92812118, 39.6163735 ], [ -77.93160222, 39.61913469 ], [ -77.93479035, 39.62030071 ], [ -77.9371508, 39.62041878 ], [ -77.93706062, 39.62077462 ], [ -77.93418411, 39.62056169 ], [ -77.93144476, 39.61941032 ], [ -77.93122814, 39.62017346 ], [ -77.92742095, 39.61898145 ], [ -77.92389316, 39.61652794 ], [ -77.92418055, 39.61544193 ], [ -77.9255417, 39.61665558 ], [ -77.92588475, 39.6161848 ], [ -77.92668768, 39.61680521 ], [ -77.92696755, 39.61636894 ], [ -77.92554764, 39.61553556 ], [ -77.92616391, 39.61417914 ] ] ], [ [ [ -78.39073474, 39.62095946 ], [ -78.39079971, 39.62069634 ], [ -78.39114633, 39.62074566 ], [ -78.39112505, 39.62083184 ], [ -78.39073474, 39.62095946 ] ] ], [ [ [ -78.02049019, 39.62029503 ], [ -78.02097713, 39.62067278 ], [ -78.02098394, 39.6211845 ], [ -78.02049824, 39.62089976 ], [ -78.02049019, 39.62029503 ] ] ], [ [ [ -78.39073474, 39.62095946 ], [ -78.39031826, 39.62119065 ], [ -78.38996943, 39.62098177 ], [ -78.39003778, 39.62095375 ], [ -78.39073474, 39.62095946 ] ] ], [ [ [ -77.93414939, 39.62100337 ], [ -77.93431792, 39.62100266 ], [ -77.93417706, 39.62119343 ], [ -77.93414939, 39.62100337 ] ] ], [ [ [ -77.94871211, 39.6215615 ], [ -77.94773976, 39.62114697 ], [ -77.94787293, 39.6206212 ], [ -77.94752662, 39.62057065 ], [ -77.94784618, 39.61789123 ], [ -77.94749988, 39.61784068 ], [ -77.94827732, 39.61701068 ], [ -77.9498083, 39.61334007 ], [ -77.95083795, 39.61280644 ], [ -77.95144164, 39.61078306 ], [ -77.95192102, 39.61030782 ], [ -77.95261355, 39.61040889 ], [ -77.95262701, 39.61177387 ], [ -77.95409214, 39.61307809 ], [ -77.95374586, 39.61302756 ], [ -77.95354619, 39.61381623 ], [ -77.95387255, 39.61456799 ], [ -77.95464531, 39.61459329 ], [ -77.9549444, 39.61584554 ], [ -77.954053, 39.61560872 ], [ -77.95465983, 39.61685943 ], [ -77.95462554, 39.61806276 ], [ -77.95304065, 39.61864932 ], [ -77.95289254, 39.61681199 ], [ -77.95160219, 39.61674708 ], [ -77.95249144, 39.61597937 ], [ -77.95222131, 39.61540992 ], [ -77.95120542, 39.61675739 ], [ -77.9518174, 39.6180645 ], [ -77.95276091, 39.61833589 ], [ -77.95224934, 39.61862715 ], [ -77.95249465, 39.61890201 ], [ -77.95304065, 39.61864932 ], [ -77.95290752, 39.6191751 ], [ -77.94916856, 39.62166063 ], [ -77.94871211, 39.6215615 ] ] ], [ [ [ -78.76494177, 39.62121374 ], [ -78.76367423, 39.61930893 ], [ -78.76796522, 39.62114399 ], [ -78.76533383, 39.6219361 ], [ -78.76494177, 39.62121374 ] ] ], [ [ [ -78.7650248, 39.62216545 ], [ -78.76519277, 39.62211134 ], [ -78.76510267, 39.62225112 ], [ -78.7650248, 39.62216545 ] ] ], [ [ [ -78.41575538, 39.61988706 ], [ -78.41182275, 39.6181085 ], [ -78.42350059, 39.62191406 ], [ -78.42769585, 39.62175489 ], [ -78.43008245, 39.62020274 ], [ -78.43042638, 39.61860052 ], [ -78.42881775, 39.61285447 ], [ -78.42760213, 39.61130563 ], [ -78.42446446, 39.60916674 ], [ -78.4240857, 39.60811412 ], [ -78.42434, 39.60695845 ], [ -78.42505973, 39.60934023 ], [ -78.42781762, 39.61109007 ], [ -78.42934592, 39.61319623 ], [ -78.43075271, 39.61836336 ], [ -78.43053352, 39.62024867 ], [ -78.4287211, 39.62171672 ], [ -78.42529706, 39.62232481 ], [ -78.42155676, 39.62168938 ], [ -78.41575538, 39.61988706 ] ] ], [ [ [ -77.94740682, 39.62246141 ], [ -77.94801948, 39.62146041 ], [ -77.94871211, 39.6215615 ], [ -77.9476649, 39.62265288 ], [ -77.94740682, 39.62246141 ] ] ], [ [ [ -78.01698968, 39.6227844 ], [ -78.01482852, 39.62232885 ], [ -78.01477597, 39.62095084 ], [ -78.01362149, 39.62005956 ], [ -78.01427524, 39.61874065 ], [ -78.01698968, 39.6227844 ] ] ], [ [ [ -77.9371508, 39.62041878 ], [ -77.94040981, 39.62039128 ], [ -77.94419678, 39.61953936 ], [ -77.94368516, 39.61983058 ], [ -77.94393044, 39.62010546 ], [ -77.94705443, 39.61683172 ], [ -77.94749988, 39.61784068 ], [ -77.94710037, 39.619418 ], [ -77.94744667, 39.61946855 ], [ -77.94718032, 39.6205201 ], [ -77.94752662, 39.62057065 ], [ -77.94656307, 39.6211259 ], [ -77.94754938, 39.62147352 ], [ -77.94699029, 39.62212801 ], [ -77.94724107, 39.62283079 ], [ -77.94641911, 39.62136382 ], [ -77.9371508, 39.62041878 ] ] ], [ [ [ -78.73357244, 39.61970357 ], [ -78.73527122, 39.62157357 ], [ -78.73482651, 39.62160472 ], [ -78.73566288, 39.6220495 ], [ -78.73564635, 39.62298679 ], [ -78.73357244, 39.61970357 ] ] ], [ [ [ -78.02098394, 39.6211845 ], [ -78.02135146, 39.62129865 ], [ -78.02266424, 39.62306411 ], [ -78.0211007, 39.62203946 ], [ -78.02098394, 39.6211845 ] ] ], [ [ [ -78.01698968, 39.6227844 ], [ -78.01738928, 39.62293579 ], [ -78.01702736, 39.62312221 ], [ -78.01698968, 39.6227844 ] ] ], [ [ [ -78.73668693, 39.62313188 ], [ -78.73628583, 39.62298279 ], [ -78.7364951, 39.62287324 ], [ -78.73668693, 39.62313188 ] ] ], [ [ [ -78.73564635, 39.62298679 ], [ -78.73599321, 39.62303515 ], [ -78.7359295, 39.62329845 ], [ -78.73561486, 39.62311693 ], [ -78.73564635, 39.62298679 ] ] ], [ [ [ -77.89084039, 39.61845175 ], [ -77.89310816, 39.62189272 ], [ -77.89322548, 39.62276389 ], [ -77.89101067, 39.62351018 ], [ -77.89000877, 39.61987315 ], [ -77.89084039, 39.61845175 ] ] ], [ [ [ -78.76250608, 39.62332725 ], [ -78.76265727, 39.62325091 ], [ -78.7628903, 39.62333747 ], [ -78.76253032, 39.62352603 ], [ -78.76250608, 39.62332725 ] ] ], [ [ [ -78.73662322, 39.62339518 ], [ -78.73695532, 39.6231693 ], [ -78.73786282, 39.62362085 ], [ -78.73725361, 39.62375366 ], [ -78.73662322, 39.62339518 ] ] ], [ [ [ -78.7359295, 39.62329845 ], [ -78.73662322, 39.62339518 ], [ -78.73650664, 39.62387697 ], [ -78.73598894, 39.6234515 ], [ -78.7359295, 39.62329845 ] ] ], [ [ [ -78.02266424, 39.62306411 ], [ -78.02304157, 39.62328527 ], [ -78.02350442, 39.62400391 ], [ -78.02271817, 39.62372269 ], [ -78.02266424, 39.62306411 ] ] ], [ [ [ -78.01374167, 39.62405875 ], [ -78.01410928, 39.62277557 ], [ -78.01473988, 39.62289897 ], [ -78.01443966, 39.62350025 ], [ -78.01374167, 39.62405875 ] ] ], [ [ [ -78.73681441, 39.62408688 ], [ -78.736592, 39.62393519 ], [ -78.73684266, 39.62397014 ], [ -78.73681441, 39.62408688 ] ] ], [ [ [ -78.77350623, 39.6236578 ], [ -78.7730666, 39.62349104 ], [ -78.77383619, 39.62212637 ], [ -78.77637686, 39.62233649 ], [ -78.77437626, 39.6236234 ], [ -78.77482236, 39.62424187 ], [ -78.77350623, 39.6236578 ] ] ], [ [ [ -78.02350442, 39.62400391 ], [ -78.02363991, 39.6240236 ], [ -78.02378448, 39.62431718 ], [ -78.0234381, 39.62426684 ], [ -78.02350442, 39.62400391 ] ] ], [ [ [ -78.01838986, 39.6243508 ], [ -78.01739199, 39.62399377 ], [ -78.01730282, 39.62391254 ], [ -78.01782316, 39.62337452 ], [ -78.01838986, 39.6243508 ] ] ], [ [ [ -78.73816641, 39.62442688 ], [ -78.73801294, 39.62368667 ], [ -78.73935785, 39.62445689 ], [ -78.73816641, 39.62442688 ] ] ], [ [ [ -77.88785684, 39.62457276 ], [ -77.88720229, 39.62362584 ], [ -77.884539, 39.62318254 ], [ -77.8850542, 39.62083698 ], [ -77.88347885, 39.62028441 ], [ -77.88473625, 39.61780109 ], [ -77.88795726, 39.61712196 ], [ -77.88939777, 39.61533567 ], [ -77.88982792, 39.61604121 ], [ -77.88840392, 39.61672197 ], [ -77.89049114, 39.61713487 ], [ -77.89094358, 39.61788095 ], [ -77.88965012, 39.61993482 ], [ -77.89067516, 39.62362323 ], [ -77.88785684, 39.62457276 ] ] ], [ [ [ -78.73816641, 39.62442688 ], [ -78.73829199, 39.62481724 ], [ -78.73698018, 39.62419993 ], [ -78.73733044, 39.62414161 ], [ -78.73816641, 39.62442688 ] ] ], [ [ [ -78.02378448, 39.62431718 ], [ -78.02401929, 39.62446445 ], [ -78.02435386, 39.62480945 ], [ -78.02380276, 39.62492805 ], [ -78.02378448, 39.62431718 ] ] ], [ [ [ -78.01838986, 39.6243508 ], [ -78.01908261, 39.6244515 ], [ -78.01894995, 39.62497735 ], [ -78.01853449, 39.62473383 ], [ -78.01838986, 39.6243508 ] ] ], [ [ [ -78.01894995, 39.62497735 ], [ -78.01929633, 39.6250277 ], [ -78.01923, 39.62529063 ], [ -78.01888362, 39.62524028 ], [ -78.01894995, 39.62497735 ] ] ], [ [ [ -78.74450224, 39.62639874 ], [ -78.74404457, 39.62646663 ], [ -78.73967462, 39.62523388 ], [ -78.74002103, 39.62472714 ], [ -78.74450224, 39.62639874 ] ] ], [ [ [ -78.01923, 39.62529063 ], [ -78.02038662, 39.62570436 ], [ -78.02035097, 39.62652645 ], [ -78.01914159, 39.62564109 ], [ -78.01923, 39.62529063 ] ] ], [ [ [ -78.02062579, 39.62666233 ], [ -78.02050281, 39.62660152 ], [ -78.02074984, 39.6266951 ], [ -78.02062579, 39.62666233 ] ] ], [ [ [ -78.74450224, 39.62639874 ], [ -78.74666699, 39.62698847 ], [ -78.74672976, 39.62721389 ], [ -78.74460996, 39.6265723 ], [ -78.74450224, 39.62639874 ] ] ], [ [ [ -78.74860118, 39.62724207 ], [ -78.75087468, 39.62658854 ], [ -78.752251, 39.62664691 ], [ -78.75204529, 39.62700342 ], [ -78.74860118, 39.62724207 ] ] ], [ [ [ -78.02693165, 39.62750013 ], [ -78.02464465, 39.62604682 ], [ -78.02472123, 39.62515854 ], [ -78.02682203, 39.62723428 ], [ -78.02693165, 39.62750013 ] ] ], [ [ [ -78.74860118, 39.62724207 ], [ -78.7482817, 39.62756117 ], [ -78.74712404, 39.62718683 ], [ -78.74847501, 39.62717034 ], [ -78.74860118, 39.62724207 ] ] ], [ [ [ -77.42302787, 39.62810825 ], [ -77.42307847, 39.62765014 ], [ -77.42418351, 39.62784533 ], [ -77.42302787, 39.62810825 ] ] ], [ [ [ -78.77264578, 39.62708365 ], [ -78.7728064, 39.62677494 ], [ -78.77419649, 39.62710715 ], [ -78.77356088, 39.62868975 ], [ -78.7724937, 39.62778969 ], [ -78.77264578, 39.62708365 ] ] ], [ [ [ -78.77201858, 39.63081779 ], [ -78.77260049, 39.62961945 ], [ -78.77287233, 39.62987545 ], [ -78.77215092, 39.63119106 ], [ -78.77201858, 39.63081779 ] ] ], [ [ [ -78.03029293, 39.63125919 ], [ -78.03049233, 39.63095583 ], [ -78.03073798, 39.63123054 ], [ -78.03029293, 39.63125919 ] ] ], [ [ [ -78.3063666, 39.63126177 ], [ -78.30635577, 39.6313054 ], [ -78.30621051, 39.63125157 ], [ -78.30621114, 39.63125056 ], [ -78.3063666, 39.63126177 ] ] ], [ [ [ -78.02780172, 39.63116986 ], [ -78.02762088, 39.63144496 ], [ -78.02742421, 39.63119416 ], [ -78.02780172, 39.63116986 ] ] ], [ [ [ -78.02994651, 39.63120887 ], [ -78.03029293, 39.63125919 ], [ -78.03022663, 39.63152212 ], [ -78.02988022, 39.6314718 ], [ -78.02994651, 39.63120887 ] ] ], [ [ [ -78.03022663, 39.63152212 ], [ -78.03062631, 39.63167347 ], [ -78.03026438, 39.63185992 ], [ -78.03022663, 39.63152212 ] ] ], [ [ [ -78.02780172, 39.63116986 ], [ -78.02644126, 39.62958657 ], [ -78.02286583, 39.62730321 ], [ -78.02096708, 39.62670904 ], [ -78.02116078, 39.62503545 ], [ -78.02168814, 39.6257613 ], [ -78.02429657, 39.62667825 ], [ -78.02464067, 39.6278458 ], [ -78.02610913, 39.62880247 ], [ -78.02616723, 39.62829952 ], [ -78.0269704, 39.62848189 ], [ -78.02705579, 39.62748246 ], [ -78.02889235, 39.62969292 ], [ -78.02750864, 39.62874076 ], [ -78.02706287, 39.62924647 ], [ -78.02777607, 39.6305707 ], [ -78.02889235, 39.62969292 ], [ -78.02966346, 39.63014033 ], [ -78.02957242, 39.63069112 ], [ -78.02979012, 39.63025678 ], [ -78.03011115, 39.63055592 ], [ -78.02994651, 39.63120887 ], [ -78.02881947, 39.6305313 ], [ -78.02835668, 39.63133886 ], [ -78.02902323, 39.63172941 ], [ -78.02864206, 39.63210963 ], [ -78.02780172, 39.63116986 ] ] ], [ [ [ -78.03147972, 39.63224926 ], [ -78.03075562, 39.63169085 ], [ -78.03117529, 39.6315063 ], [ -78.03147972, 39.63224926 ] ] ], [ [ [ -78.30900892, 39.63218434 ], [ -78.30898597, 39.63227682 ], [ -78.30863718, 39.6321312 ], [ -78.30900892, 39.63218434 ] ] ], [ [ [ -78.77139859, 39.63232123 ], [ -78.77103234, 39.63218524 ], [ -78.77135738, 39.63198367 ], [ -78.77139859, 39.63232123 ] ] ], [ [ [ -78.03147972, 39.63224926 ], [ -78.0318114, 39.63229743 ], [ -78.03207142, 39.63260775 ], [ -78.03141343, 39.63251219 ], [ -78.03147972, 39.63224926 ] ] ], [ [ [ -78.31171657, 39.63284377 ], [ -78.31169628, 39.63292556 ], [ -78.31078524, 39.63271065 ], [ -78.31171657, 39.63284377 ] ] ], [ [ [ -77.4510674, 39.63279217 ], [ -77.45143126, 39.63267169 ], [ -77.45144713, 39.63303325 ], [ -77.45075699, 39.6331081 ], [ -77.4510674, 39.63279217 ] ] ], [ [ [ -78.0319737, 39.63313869 ], [ -78.032098, 39.63264564 ], [ -78.03254639, 39.63322186 ], [ -78.0319737, 39.63313869 ] ] ], [ [ [ -78.31442427, 39.63350314 ], [ -78.31452764, 39.6337121 ], [ -78.31326156, 39.63333697 ], [ -78.31442427, 39.63350314 ] ] ], [ [ [ -78.77183809, 39.63347104 ], [ -78.77201331, 39.6335361 ], [ -78.7718768, 39.63378811 ], [ -78.77183809, 39.63347104 ] ] ], [ [ [ -78.76956569, 39.63397137 ], [ -78.76947462, 39.63390223 ], [ -78.76989058, 39.63342237 ], [ -78.76956569, 39.63397137 ] ] ], [ [ [ -78.31574552, 39.63396434 ], [ -78.31588148, 39.63414247 ], [ -78.31552017, 39.63401264 ], [ -78.31574552, 39.63396434 ] ] ], [ [ [ -78.76956569, 39.63397137 ], [ -78.77012678, 39.63380572 ], [ -78.77072521, 39.63261387 ], [ -78.77162207, 39.63223379 ], [ -78.77238715, 39.63157206 ], [ -78.77083989, 39.63314812 ], [ -78.77200941, 39.63302377 ], [ -78.77183809, 39.63347104 ], [ -78.76909155, 39.63444973 ], [ -78.76956569, 39.63397137 ] ] ], [ [ [ -78.76909155, 39.63444973 ], [ -78.76896392, 39.63456885 ], [ -78.76902222, 39.63445134 ], [ -78.76909155, 39.63444973 ] ] ], [ [ [ -78.31838805, 39.63488671 ], [ -78.31841418, 39.63492562 ], [ -78.31779703, 39.63475397 ], [ -78.31838805, 39.63488671 ] ] ], [ [ [ -78.76855256, 39.63446224 ], [ -78.76857183, 39.63446179 ], [ -78.76849414, 39.63500729 ], [ -78.76839337, 39.63474531 ], [ -78.76855256, 39.63446224 ] ] ], [ [ [ -78.76749793, 39.6350978 ], [ -78.76764663, 39.63496393 ], [ -78.76767336, 39.63501581 ], [ -78.76749793, 39.6350978 ] ] ], [ [ [ -78.76741827, 39.63513503 ], [ -78.7674228, 39.63506027 ], [ -78.767474, 39.63510898 ], [ -78.76741827, 39.63513503 ] ] ], [ [ [ -78.26001431, 39.63579549 ], [ -78.25960021, 39.63558461 ], [ -78.26002421, 39.63517781 ], [ -78.26001431, 39.63579549 ] ] ], [ [ [ -78.03449502, 39.63595789 ], [ -78.03466193, 39.63570395 ], [ -78.03479332, 39.63593868 ], [ -78.03449502, 39.63595789 ] ] ], [ [ [ -78.25947132, 39.63653497 ], [ -78.25905721, 39.63632409 ], [ -78.25948122, 39.63591728 ], [ -78.25947132, 39.63653497 ] ] ], [ [ [ -78.03442873, 39.63622083 ], [ -78.03515874, 39.63667851 ], [ -78.03444711, 39.6368317 ], [ -78.03442873, 39.63622083 ] ] ], [ [ [ -78.32260149, 39.63677628 ], [ -78.32263565, 39.63671932 ], [ -78.32331444, 39.63687174 ], [ -78.32260149, 39.63677628 ] ] ], [ [ [ -78.25892832, 39.63727444 ], [ -78.25852813, 39.63712382 ], [ -78.2588895, 39.63693671 ], [ -78.25892832, 39.63727444 ] ] ], [ [ [ -78.03511443, 39.63729598 ], [ -78.03544117, 39.63699209 ], [ -78.03602876, 39.63752169 ], [ -78.03511443, 39.63729598 ] ] ], [ [ [ -78.036176, 39.63783734 ], [ -78.03621543, 39.63768094 ], [ -78.03644288, 39.63787609 ], [ -78.036176, 39.63783734 ] ] ], [ [ [ -78.03729671, 39.63909029 ], [ -78.03604606, 39.63836292 ], [ -78.03649202, 39.63791801 ], [ -78.03740066, 39.63867789 ], [ -78.03729671, 39.63909029 ] ] ], [ [ [ -78.03764317, 39.63914059 ], [ -78.03779766, 39.63896673 ], [ -78.0381644, 39.63914632 ], [ -78.03764317, 39.63914059 ] ] ], [ [ [ -78.03729671, 39.63909029 ], [ -78.03764317, 39.63914059 ], [ -78.03738506, 39.6394522 ], [ -78.03729671, 39.63909029 ] ] ], [ [ [ -78.03536557, 39.63962759 ], [ -78.03577616, 39.63982348 ], [ -78.03529929, 39.63989052 ], [ -78.03536557, 39.63962759 ] ] ], [ [ [ -78.03529929, 39.63989052 ], [ -78.03518305, 39.64006736 ], [ -78.03495648, 39.6399126 ], [ -78.03529929, 39.63989052 ] ] ], [ [ [ -78.03661885, 39.64035467 ], [ -78.03641945, 39.64065804 ], [ -78.03617375, 39.64038334 ], [ -78.03661885, 39.64035467 ] ] ], [ [ [ -78.3327276, 39.64074802 ], [ -78.33280563, 39.64095209 ], [ -78.33241426, 39.64065163 ], [ -78.3327276, 39.64074802 ] ] ], [ [ [ -78.33363722, 39.64142265 ], [ -78.33357395, 39.64167796 ], [ -78.33313041, 39.64126675 ], [ -78.33363722, 39.64142265 ] ] ], [ [ [ -78.3339187, 39.64173522 ], [ -78.33394449, 39.6420347 ], [ -78.33358439, 39.64168751 ], [ -78.3339187, 39.64173522 ] ] ], [ [ [ -78.25567008, 39.64171125 ], [ -78.25649429, 39.64128454 ], [ -78.25669073, 39.64049538 ], [ -78.25728448, 39.64046629 ], [ -78.25723378, 39.63975591 ], [ -78.26080321, 39.63509126 ], [ -78.25890063, 39.63921755 ], [ -78.25765825, 39.64024138 ], [ -78.25838382, 39.64035323 ], [ -78.25744929, 39.64235761 ], [ -78.25718965, 39.64204371 ], [ -78.25547363, 39.64250041 ], [ -78.25567008, 39.64171125 ] ] ], [ [ [ -78.25838531, 39.63801392 ], [ -78.25614767, 39.64123484 ], [ -78.25423676, 39.64298662 ], [ -78.25799293, 39.63756529 ], [ -78.25838531, 39.63801392 ] ] ], [ [ [ -78.33476314, 39.64267294 ], [ -78.33489007, 39.64300483 ], [ -78.33428251, 39.64250253 ], [ -78.33476314, 39.64267294 ] ] ], [ [ [ -78.76497904, 39.6431589 ], [ -78.76538476, 39.64237113 ], [ -78.7656468, 39.64257009 ], [ -78.7652615, 39.64309505 ], [ -78.76497904, 39.6431589 ] ] ], [ [ [ -78.25512701, 39.64245071 ], [ -78.25547363, 39.64250041 ], [ -78.25606506, 39.64299406 ], [ -78.25493055, 39.64323987 ], [ -78.25512701, 39.64245071 ] ] ], [ [ [ -78.25493055, 39.64323987 ], [ -78.25486506, 39.64350292 ], [ -78.25445385, 39.64330774 ], [ -78.25493055, 39.64323987 ] ] ], [ [ [ -78.33567281, 39.64334755 ], [ -78.33562944, 39.64352255 ], [ -78.33515104, 39.64318706 ], [ -78.33567281, 39.64334755 ] ] ], [ [ [ -78.25486506, 39.64350292 ], [ -78.2556357, 39.64372382 ], [ -78.25497028, 39.64386395 ], [ -78.25486506, 39.64350292 ] ] ], [ [ [ -78.33630099, 39.64370959 ], [ -78.33624012, 39.64395522 ], [ -78.33579206, 39.64363696 ], [ -78.33630099, 39.64370959 ] ] ], [ [ [ -77.46796527, 39.64372715 ], [ -77.4671891, 39.64348209 ], [ -77.46757396, 39.64293773 ], [ -77.46909249, 39.64262338 ], [ -77.47169945, 39.6431953 ], [ -77.47127524, 39.64403203 ], [ -77.46893725, 39.64344653 ], [ -77.46796527, 39.64372715 ] ] ], [ [ [ -78.33658249, 39.64402215 ], [ -78.33654205, 39.64418535 ], [ -78.33626931, 39.64397747 ], [ -78.33658249, 39.64402215 ] ] ], [ [ [ -78.76417105, 39.64427522 ], [ -78.76424542, 39.64411776 ], [ -78.76427, 39.64413851 ], [ -78.76417105, 39.64427522 ] ] ], [ [ [ -78.33721068, 39.64438419 ], [ -78.33732407, 39.64468064 ], [ -78.33674691, 39.64431801 ], [ -78.33721068, 39.64438419 ] ] ], [ [ [ -78.33721068, 39.64438419 ], [ -78.33636618, 39.64344649 ], [ -78.33476314, 39.64267294 ], [ -78.33346611, 39.6409752 ], [ -78.3327276, 39.64074802 ], [ -78.3322539, 39.64020748 ], [ -78.33262493, 39.6394795 ], [ -78.32867686, 39.638114 ], [ -78.32865936, 39.63738355 ], [ -78.32790888, 39.63776407 ], [ -78.32352578, 39.63659123 ], [ -78.31448954, 39.63324006 ], [ -78.30900892, 39.63218434 ], [ -78.3093477, 39.63176788 ], [ -78.30734757, 39.63167381 ], [ -78.29891727, 39.62801717 ], [ -78.29343395, 39.62624086 ], [ -78.28945617, 39.62415243 ], [ -78.28238055, 39.62230934 ], [ -78.27896197, 39.62224576 ], [ -78.26954811, 39.6207827 ], [ -78.2669942, 39.62124321 ], [ -78.2654647, 39.62302958 ], [ -78.26596827, 39.62721317 ], [ -78.26530841, 39.6295161 ], [ -78.26197145, 39.63292919 ], [ -78.26092468, 39.63483624 ], [ -78.26017637, 39.63467956 ], [ -78.264361, 39.62991118 ], [ -78.26451776, 39.62567433 ], [ -78.26402476, 39.62332362 ], [ -78.26503986, 39.62122866 ], [ -78.26605907, 39.62023757 ], [ -78.26855971, 39.62027531 ], [ -78.27725918, 39.62146117 ], [ -78.28328269, 39.62143304 ], [ -78.2885264, 39.6229436 ], [ -78.3067659, 39.63045378 ], [ -78.33151477, 39.63732012 ], [ -78.33430248, 39.63919457 ], [ -78.3345107, 39.63852845 ], [ -78.34638006, 39.64010247 ], [ -78.35132999, 39.64139044 ], [ -78.35656535, 39.64135934 ], [ -78.35870411, 39.64061868 ], [ -78.36024568, 39.63883213 ], [ -78.36081226, 39.63711339 ], [ -78.35985785, 39.6353043 ], [ -78.35626151, 39.63269062 ], [ -78.35491753, 39.63070038 ], [ -78.35452669, 39.62884841 ], [ -78.35615959, 39.62694165 ], [ -78.35945828, 39.62643935 ], [ -78.36460477, 39.62805377 ], [ -78.36889398, 39.63047763 ], [ -78.3749678, 39.63140057 ], [ -78.38139228, 39.62994352 ], [ -78.38358013, 39.62854957 ], [ -78.38452091, 39.62483466 ], [ -78.38541172, 39.62442582 ], [ -78.38412032, 39.62092357 ], [ -78.38117332, 39.61803481 ], [ -78.37691202, 39.61506537 ], [ -78.37672235, 39.61427471 ], [ -78.37652445, 39.61457861 ], [ -78.37367011, 39.61243307 ], [ -78.37334047, 39.61079523 ], [ -78.37382297, 39.61023922 ], [ -78.37535942, 39.60941015 ], [ -78.37757364, 39.60915319 ], [ -78.38299511, 39.6099958 ], [ -78.38343788, 39.6105298 ], [ -78.38713547, 39.61159014 ], [ -78.39140417, 39.61365166 ], [ -78.39573, 39.61746455 ], [ -78.39766656, 39.61776348 ], [ -78.396675, 39.61785531 ], [ -78.39832037, 39.6186497 ], [ -78.40358078, 39.61979071 ], [ -78.40571463, 39.62076489 ], [ -78.40580004, 39.62014993 ], [ -78.41901229, 39.62461378 ], [ -78.42181796, 39.62523197 ], [ -78.42658074, 39.62534422 ], [ -78.43006336, 39.62419295 ], [ -78.43404212, 39.62151939 ], [ -78.43517853, 39.61904981 ], [ -78.43429624, 39.61598381 ], [ -78.4347696, 39.61582354 ], [ -78.43487443, 39.61454972 ], [ -78.43409357, 39.61356534 ], [ -78.43277825, 39.61199563 ], [ -78.43201928, 39.61212014 ], [ -78.42987758, 39.61012229 ], [ -78.42951679, 39.6103099 ], [ -78.43041592, 39.61134781 ], [ -78.43110911, 39.61144623 ], [ -78.43029382, 39.61188308 ], [ -78.42740295, 39.60869142 ], [ -78.42817781, 39.60684644 ], [ -78.42694749, 39.60649778 ], [ -78.42554327, 39.60526368 ], [ -78.42515496, 39.6049059 ], [ -78.42568125, 39.60479424 ], [ -78.42427108, 39.60410876 ], [ -78.42472608, 39.60386321 ], [ -78.42352691, 39.60254072 ], [ -78.42066733, 39.60059751 ], [ -78.42002625, 39.599555 ], [ -78.41862507, 39.59940204 ], [ -78.41796352, 39.59821243 ], [ -78.40078424, 39.59015422 ], [ -78.39970214, 39.59092262 ], [ -78.39756674, 39.58936364 ], [ -78.3960094, 39.58583814 ], [ -78.39688441, 39.58397543 ], [ -78.39920582, 39.5819167 ], [ -78.40190439, 39.58073126 ], [ -78.40412632, 39.57978533 ], [ -78.4059741, 39.57955002 ], [ -78.40601358, 39.5798877 ], [ -78.40628193, 39.57934889 ], [ -78.40764251, 39.57933098 ], [ -78.41598067, 39.58107679 ], [ -78.41880893, 39.58232745 ], [ -78.42479633, 39.58670006 ], [ -78.42992655, 39.58825926 ], [ -78.43005275, 39.58902386 ], [ -78.43091387, 39.58861103 ], [ -78.43267342, 39.5891763 ], [ -78.43133014, 39.58956526 ], [ -78.43386739, 39.59005056 ], [ -78.43420506, 39.59049193 ], [ -78.43851536, 39.59083566 ], [ -78.44553948, 39.59235933 ], [ -78.44770267, 39.59225917 ], [ -78.45370056, 39.59057949 ], [ -78.45859589, 39.58768944 ], [ -78.45945125, 39.58349953 ], [ -78.45899517, 39.57861059 ], [ -78.45667765, 39.57522763 ], [ -78.45697116, 39.57440541 ], [ -78.45246878, 39.5708773 ], [ -78.4517136, 39.56997996 ], [ -78.45246661, 39.56981321 ], [ -78.45225863, 39.56924164 ], [ -78.45149736, 39.56940143 ], [ -78.4517136, 39.56997996 ], [ -78.44975831, 39.56923824 ], [ -78.44651161, 39.56627085 ], [ -78.44292173, 39.5640141 ], [ -78.4436254, 39.56414585 ], [ -78.4380906, 39.56150469 ], [ -78.43085693, 39.55967546 ], [ -78.43425627, 39.55390932 ], [ -78.43621412, 39.55483864 ], [ -78.43847183, 39.55476464 ], [ -78.43869796, 39.55358974 ], [ -78.43992276, 39.5529663 ], [ -78.44043183, 39.55127136 ], [ -78.4402563, 39.55018177 ], [ -78.43594047, 39.54472791 ], [ -78.43587594, 39.54109276 ], [ -78.43703432, 39.53945778 ], [ -78.43926195, 39.53974816 ], [ -78.4414144, 39.54185666 ], [ -78.44522462, 39.54706374 ], [ -78.44769003, 39.54914327 ], [ -78.45187063, 39.55132236 ], [ -78.45653781, 39.55202247 ], [ -78.45942272, 39.551957 ], [ -78.46263258, 39.55079478 ], [ -78.4631147, 39.54918768 ], [ -78.46259661, 39.54687334 ], [ -78.46151857, 39.54536873 ], [ -78.46167203, 39.54485729 ], [ -78.46037709, 39.5441118 ], [ -78.46632939, 39.54285438 ], [ -78.46737288, 39.54188681 ], [ -78.46991295, 39.54356886 ], [ -78.46490761, 39.55169643 ], [ -78.46275736, 39.55275622 ], [ -78.46072546, 39.55519124 ], [ -78.45768001, 39.55482851 ], [ -78.45561794, 39.55555597 ], [ -78.45423256, 39.5553594 ], [ -78.45362748, 39.55636285 ], [ -78.45163698, 39.55716969 ], [ -78.44990523, 39.55692393 ], [ -78.44840948, 39.55426067 ], [ -78.4466131, 39.554278 ], [ -78.44518582, 39.55570936 ], [ -78.44357294, 39.55611825 ], [ -78.44436371, 39.55613731 ], [ -78.44423427, 39.55666359 ], [ -78.44341214, 39.55709153 ], [ -78.44220164, 39.55909831 ], [ -78.44087029, 39.55981949 ], [ -78.44111726, 39.56009338 ], [ -78.44254799, 39.55914749 ], [ -78.44375849, 39.5571407 ], [ -78.44654839, 39.55454115 ], [ -78.44834477, 39.55452382 ], [ -78.44911797, 39.55664538 ], [ -78.44984053, 39.55718707 ], [ -78.45157228, 39.55743284 ], [ -78.4530946, 39.55718785 ], [ -78.45410319, 39.5558857 ], [ -78.45561794, 39.55555597 ], [ -78.45646055, 39.55584606 ], [ -78.45800508, 39.5551889 ], [ -78.46054575, 39.55532684 ], [ -78.46133097, 39.55505706 ], [ -78.4631037, 39.55280534 ], [ -78.46398271, 39.55250726 ], [ -78.46296965, 39.56068204 ], [ -78.45935275, 39.56480065 ], [ -78.45414856, 39.56917039 ], [ -78.4538231, 39.57084019 ], [ -78.45763544, 39.57384589 ], [ -78.45972165, 39.5767633 ], [ -78.46342031, 39.5804153 ], [ -78.46258135, 39.58103743 ], [ -78.46133123, 39.58654241 ], [ -78.46097426, 39.58627138 ], [ -78.46142704, 39.5844293 ], [ -78.46108055, 39.58438017 ], [ -78.46198606, 39.58069602 ], [ -78.46163959, 39.5806469 ], [ -78.46176557, 39.57948717 ], [ -78.46121682, 39.58036543 ], [ -78.46163959, 39.5806469 ], [ -78.46052172, 39.58584201 ], [ -78.46097426, 39.58627138 ], [ -78.46076539, 39.5871211 ], [ -78.45810338, 39.58985645 ], [ -78.45281342, 39.59402618 ], [ -78.45099333, 39.59502524 ], [ -78.43283932, 39.59148277 ], [ -78.43318386, 39.59116233 ], [ -78.43027206, 39.59057189 ], [ -78.42988404, 39.59166361 ], [ -78.42932064, 39.59103891 ], [ -78.42982246, 39.58998744 ], [ -78.42933668, 39.58926558 ], [ -78.42539957, 39.58803083 ], [ -78.42232374, 39.58595974 ], [ -78.41845484, 39.58465663 ], [ -78.41114997, 39.58328202 ], [ -78.41138728, 39.58086461 ], [ -78.41104944, 39.58019766 ], [ -78.41062662, 39.58060497 ], [ -78.41104084, 39.58081534 ], [ -78.41068851, 39.58310516 ], [ -78.40787605, 39.58295141 ], [ -78.40749087, 39.58357871 ], [ -78.40682338, 39.58287936 ], [ -78.40646267, 39.58306689 ], [ -78.40714442, 39.58352944 ], [ -78.40612712, 39.58474651 ], [ -78.40325899, 39.5845222 ], [ -78.40016964, 39.58794229 ], [ -78.40212173, 39.58908386 ], [ -78.40143468, 39.58959344 ], [ -78.41049389, 39.59433039 ], [ -78.41099803, 39.59370331 ], [ -78.41923866, 39.59821713 ], [ -78.41977618, 39.59844597 ], [ -78.42041696, 39.59802328 ], [ -78.42106653, 39.59923159 ], [ -78.42367403, 39.60085825 ], [ -78.42741383, 39.60501219 ], [ -78.42995575, 39.60672611 ], [ -78.43062049, 39.60658505 ], [ -78.42859306, 39.6056421 ], [ -78.42589005, 39.60268849 ], [ -78.42721542, 39.60054425 ], [ -78.42652775, 39.60241735 ], [ -78.42950507, 39.60419082 ], [ -78.43899598, 39.6150158 ], [ -78.43841663, 39.61847706 ], [ -78.43648586, 39.62191788 ], [ -78.43316701, 39.62499599 ], [ -78.42926187, 39.62619846 ], [ -78.42676478, 39.62619687 ], [ -78.42741572, 39.62655865 ], [ -78.42039691, 39.62625538 ], [ -78.40714665, 39.62167314 ], [ -78.39488635, 39.61819079 ], [ -78.39314072, 39.61984918 ], [ -78.39114633, 39.62074566 ], [ -78.39505763, 39.61750085 ], [ -78.39096985, 39.61416847 ], [ -78.38706387, 39.61217425 ], [ -78.38127856, 39.61019975 ], [ -78.37755664, 39.60988202 ], [ -78.37574027, 39.61115187 ], [ -78.3753685, 39.6123684 ], [ -78.37579924, 39.6130795 ], [ -78.38460246, 39.62062763 ], [ -78.38572921, 39.62032089 ], [ -78.38668518, 39.62076924 ], [ -78.3868059, 39.62202897 ], [ -78.3875075, 39.62279285 ], [ -78.3896625, 39.62161135 ], [ -78.38695579, 39.6257678 ], [ -78.38612138, 39.62624908 ], [ -78.38633009, 39.62656313 ], [ -78.38527301, 39.62760737 ], [ -78.38542721, 39.6264686 ], [ -78.38590269, 39.62638825 ], [ -78.38571717, 39.62588347 ], [ -78.38470005, 39.62691988 ], [ -78.38433461, 39.62858202 ], [ -78.37997844, 39.63116816 ], [ -78.37407639, 39.63244354 ], [ -78.36090017, 39.63935648 ], [ -78.35904954, 39.64105992 ], [ -78.35719731, 39.6419579 ], [ -78.35155297, 39.64208655 ], [ -78.34570852, 39.64079035 ], [ -78.33895525, 39.64000888 ], [ -78.33639577, 39.64016811 ], [ -78.33556626, 39.64095633 ], [ -78.33603424, 39.64226573 ], [ -78.33869109, 39.64286988 ], [ -78.33803833, 39.64484426 ], [ -78.33721068, 39.64438419 ] ], [ [ -78.355442, 39.62873432 ], [ -78.35642885, 39.62796462 ], [ -78.35618197, 39.62769056 ], [ -78.3550306, 39.62853947 ], [ -78.355442, 39.62873432 ], [ -78.35593261, 39.63115824 ], [ -78.35995534, 39.63417133 ], [ -78.36056385, 39.63538501 ], [ -78.36130833, 39.63731213 ], [ -78.36043305, 39.63941864 ], [ -78.37472248, 39.63190808 ], [ -78.36923388, 39.63108986 ], [ -78.3694992, 39.63123341 ], [ -78.36379103, 39.62836759 ], [ -78.36071013, 39.62761334 ], [ -78.35683217, 39.62818756 ], [ -78.3559174, 39.62913933 ], [ -78.355442, 39.62873432 ] ], [ [ -78.45139492, 39.59181031 ], [ -78.45145956, 39.59254725 ], [ -78.45307889, 39.59272674 ], [ -78.45293855, 39.59198412 ], [ -78.45139492, 39.59181031 ] ], [ [ -78.45150617, 39.59357432 ], [ -78.4521008, 39.59381659 ], [ -78.4522839, 39.59357797 ], [ -78.45167893, 39.59333716 ], [ -78.45150617, 39.59357432 ] ], [ [ -78.45098683, 39.5942931 ], [ -78.45159028, 39.59454848 ], [ -78.45175636, 39.59431338 ], [ -78.45115498, 39.59405467 ], [ -78.45098683, 39.5942931 ] ], [ [ -78.45782409, 39.57574865 ], [ -78.45783229, 39.57513096 ], [ -78.45740976, 39.57553843 ], [ -78.45784603, 39.57635944 ], [ -78.45855616, 39.57620385 ], [ -78.45782409, 39.57574865 ] ] ], [ [ [ -77.46208621, 39.64421018 ], [ -77.46523304, 39.64346847 ], [ -77.4656111, 39.64310137 ], [ -77.4665101, 39.64332781 ], [ -77.46657292, 39.64401463 ], [ -77.46257323, 39.64510185 ], [ -77.46188107, 39.64499807 ], [ -77.46208621, 39.64421018 ] ] ], [ [ [ -78.33777469, 39.64495257 ], [ -78.33798153, 39.64501608 ], [ -78.33794701, 39.64512049 ], [ -78.33777469, 39.64495257 ] ] ], [ [ [ -77.46796527, 39.64372715 ], [ -77.46900351, 39.64388276 ], [ -77.4688668, 39.64440803 ], [ -77.46660206, 39.64525174 ], [ -77.46688362, 39.64420244 ], [ -77.46796527, 39.64372715 ] ] ], [ [ [ -78.76371333, 39.64524422 ], [ -78.76407442, 39.64447979 ], [ -78.76393478, 39.64547696 ], [ -78.76371333, 39.64524422 ] ] ], [ [ [ -78.25345138, 39.64629709 ], [ -78.25305116, 39.64614645 ], [ -78.25341258, 39.64595936 ], [ -78.25345138, 39.64629709 ] ] ], [ [ [ -78.25304386, 39.64450011 ], [ -78.25354902, 39.64458618 ], [ -78.25370763, 39.64562659 ], [ -78.25262498, 39.6457438 ], [ -78.25270229, 39.64625108 ], [ -78.25213738, 39.64630071 ], [ -78.25191292, 39.64482855 ], [ -78.25304386, 39.64450011 ] ] ], [ [ [ -78.25379802, 39.64634679 ], [ -78.2556137, 39.64485014 ], [ -78.25720985, 39.64285435 ], [ -78.25597732, 39.64470849 ], [ -78.25379802, 39.64634679 ] ] ], [ [ [ -78.25345138, 39.64629709 ], [ -78.25379802, 39.64634679 ], [ -78.25351795, 39.64656636 ], [ -78.25345138, 39.64629709 ] ] ], [ [ [ -78.04969831, 39.64688628 ], [ -78.04982827, 39.64672936 ], [ -78.04995468, 39.64692347 ], [ -78.04969831, 39.64688628 ] ] ], [ [ [ -78.04997857, 39.64719949 ], [ -78.05002648, 39.64700933 ], [ -78.05016014, 39.64717395 ], [ -78.04997857, 39.64719949 ] ] ], [ [ [ -78.25084618, 39.64742936 ], [ -78.25104401, 39.64731412 ], [ -78.25111547, 39.64738475 ], [ -78.25084618, 39.64742936 ] ] ], [ [ [ -78.24883311, 39.64754195 ], [ -78.24917976, 39.64759166 ], [ -78.24915544, 39.64768928 ], [ -78.24877081, 39.64779211 ], [ -78.24883311, 39.64754195 ] ] ], [ [ [ -78.24842095, 39.64775528 ], [ -78.24874695, 39.64780204 ], [ -78.24847093, 39.64795749 ], [ -78.24842095, 39.64775528 ] ] ], [ [ [ -77.44466159, 39.64759985 ], [ -77.44628444, 39.64331572 ], [ -77.44747664, 39.64268909 ], [ -77.44729774, 39.64218295 ], [ -77.44700012, 39.64276588 ], [ -77.44646607, 39.64258167 ], [ -77.44595806, 39.64124505 ], [ -77.44623179, 39.64019457 ], [ -77.44988566, 39.63583091 ], [ -77.45105065, 39.6335207 ], [ -77.45659714, 39.63289115 ], [ -77.45968924, 39.63153212 ], [ -77.46492348, 39.63112156 ], [ -77.46792534, 39.63224001 ], [ -77.46876323, 39.63390628 ], [ -77.46944758, 39.63396616 ], [ -77.47128976, 39.63287065 ], [ -77.47354298, 39.63247967 ], [ -77.48254217, 39.63574941 ], [ -77.48202466, 39.63860171 ], [ -77.48308941, 39.63924884 ], [ -77.48470557, 39.63924436 ], [ -77.48453617, 39.64009917 ], [ -77.48807728, 39.6417809 ], [ -77.48664024, 39.64243185 ], [ -77.48382991, 39.6450901 ], [ -77.48339644, 39.64451075 ], [ -77.48215488, 39.64585317 ], [ -77.47780126, 39.64738403 ], [ -77.47676295, 39.64722849 ], [ -77.47703626, 39.64617794 ], [ -77.47566796, 39.64506312 ], [ -77.47428941, 39.64511479 ], [ -77.47669016, 39.64612609 ], [ -77.47625361, 39.64699762 ], [ -77.4728148, 39.64581832 ], [ -77.4720499, 39.6446122 ], [ -77.47176779, 39.64293267 ], [ -77.46932674, 39.64220228 ], [ -77.46298349, 39.64352607 ], [ -77.46215459, 39.64394755 ], [ -77.46070607, 39.64536765 ], [ -77.45990916, 39.64537013 ], [ -77.45911658, 39.64594794 ], [ -77.45593346, 39.64574344 ], [ -77.45475842, 39.64611297 ], [ -77.45136606, 39.64533119 ], [ -77.45040023, 39.64627784 ], [ -77.44708416, 39.64796339 ], [ -77.44466159, 39.64759985 ] ] ], [ [ [ -77.48409948, 39.64805448 ], [ -77.48400374, 39.64647548 ], [ -77.48451285, 39.64572085 ], [ -77.48580385, 39.64664118 ], [ -77.48654081, 39.64639851 ], [ -77.48743718, 39.64595462 ], [ -77.48609992, 39.64532836 ], [ -77.48745046, 39.64402895 ], [ -77.48845145, 39.64417796 ], [ -77.48636709, 39.64348242 ], [ -77.48649448, 39.64299247 ], [ -77.49108406, 39.64536454 ], [ -77.49239912, 39.64369457 ], [ -77.49318638, 39.6433733 ], [ -77.49530885, 39.64715893 ], [ -77.49420036, 39.64792945 ], [ -77.49309374, 39.64803669 ], [ -77.4930207, 39.6469343 ], [ -77.49159962, 39.6458096 ], [ -77.49058797, 39.64593795 ], [ -77.48976916, 39.64699331 ], [ -77.48824816, 39.64731133 ], [ -77.48783844, 39.64888719 ], [ -77.4844502, 39.64947134 ], [ -77.48409948, 39.64805448 ] ] ], [ [ [ -78.24429921, 39.64988855 ], [ -78.24464586, 39.64993828 ], [ -78.24512357, 39.64946191 ], [ -78.2456653, 39.64943541 ], [ -78.24387824, 39.65057052 ], [ -78.24429921, 39.64988855 ] ] ], [ [ [ -78.24334376, 39.65084128 ], [ -78.24353511, 39.65077689 ], [ -78.24334036, 39.65088672 ], [ -78.24334376, 39.65084128 ] ] ], [ [ [ -78.0373407, 39.64214205 ], [ -78.03762722, 39.64195559 ], [ -78.04367632, 39.64589065 ], [ -78.04504252, 39.64738745 ], [ -78.04706953, 39.65097528 ], [ -78.0432399, 39.64786863 ], [ -78.04300118, 39.6471325 ], [ -78.03649003, 39.64292942 ], [ -78.0373407, 39.64214205 ] ] ], [ [ [ -77.49275716, 39.65071495 ], [ -77.49420036, 39.64792945 ], [ -77.49502911, 39.64750776 ], [ -77.49581685, 39.64780864 ], [ -77.49301425, 39.65121861 ], [ -77.49275716, 39.65071495 ] ] ], [ [ [ -78.03661885, 39.64035467 ], [ -78.03586404, 39.63931628 ], [ -78.03517651, 39.6394962 ], [ -78.03506057, 39.63886956 ], [ -78.03386175, 39.63785564 ], [ -78.03283567, 39.63743927 ], [ -78.03183276, 39.63765848 ], [ -78.03227975, 39.63805037 ], [ -78.03145764, 39.63733962 ], [ -78.03145869, 39.6359206 ], [ -78.02864206, 39.63210963 ], [ -78.03006116, 39.63304489 ], [ -78.03128041, 39.63509731 ], [ -78.03280477, 39.6364528 ], [ -78.03401203, 39.63565798 ], [ -78.03264923, 39.63402161 ], [ -78.03266367, 39.63336931 ], [ -78.03445164, 39.6354096 ], [ -78.03412451, 39.63574079 ], [ -78.03442873, 39.63622083 ], [ -78.03307665, 39.63674009 ], [ -78.03870303, 39.64136426 ], [ -78.03935449, 39.640655 ], [ -78.03793149, 39.63965184 ], [ -78.03859362, 39.63936271 ], [ -78.0411433, 39.64074853 ], [ -78.04074409, 39.64077426 ], [ -78.04098981, 39.64104894 ], [ -78.04182091, 39.6410891 ], [ -78.04137076, 39.64113777 ], [ -78.04161649, 39.64141246 ], [ -78.0424695, 39.6413657 ], [ -78.04199745, 39.64150129 ], [ -78.04224318, 39.64177597 ], [ -78.04244256, 39.6414726 ], [ -78.04698364, 39.64411332 ], [ -78.0469104, 39.6446337 ], [ -78.0472621, 39.64435241 ], [ -78.04991234, 39.64746244 ], [ -78.05108876, 39.64831973 ], [ -78.05150238, 39.64917382 ], [ -78.05091629, 39.65060615 ], [ -78.04760558, 39.65121611 ], [ -78.0444786, 39.64623855 ], [ -78.03724358, 39.64139262 ], [ -78.03769058, 39.6411892 ], [ -78.03661885, 39.64035467 ] ] ], [ [ [ -77.46369672, 39.65045501 ], [ -77.46686752, 39.64740767 ], [ -77.4667946, 39.64546181 ], [ -77.46748677, 39.64556557 ], [ -77.46762349, 39.6450403 ], [ -77.4688668, 39.64440803 ], [ -77.47053143, 39.64435006 ], [ -77.4699059, 39.64685823 ], [ -77.46938792, 39.64595225 ], [ -77.4678955, 39.64598119 ], [ -77.46738405, 39.64677779 ], [ -77.47009062, 39.64743167 ], [ -77.46998641, 39.6483961 ], [ -77.46819185, 39.64976441 ], [ -77.46750393, 39.6510257 ], [ -77.46342321, 39.65150553 ], [ -77.46369672, 39.65045501 ] ] ], [ [ [ -78.04786339, 39.65161767 ], [ -78.04779856, 39.65151667 ], [ -78.04810494, 39.65156111 ], [ -78.04786339, 39.65161767 ] ] ], [ [ [ -77.46273098, 39.65140176 ], [ -77.46312957, 39.65155492 ], [ -77.46276608, 39.65173973 ], [ -77.46273098, 39.65140176 ] ] ], [ [ [ -77.46086366, 39.65166756 ], [ -77.46100044, 39.6511423 ], [ -77.46065433, 39.65109041 ], [ -77.46202202, 39.64583784 ], [ -77.46347473, 39.64578277 ], [ -77.46430364, 39.64536128 ], [ -77.46638015, 39.64567257 ], [ -77.46617932, 39.64782549 ], [ -77.46514104, 39.64766985 ], [ -77.46441595, 39.64694178 ], [ -77.46374899, 39.64707769 ], [ -77.46514104, 39.64766985 ], [ -77.465372, 39.64872651 ], [ -77.46398915, 39.64840582 ], [ -77.46424796, 39.64971901 ], [ -77.46390185, 39.64966712 ], [ -77.46369672, 39.65045501 ], [ -77.46224811, 39.65187513 ], [ -77.46086366, 39.65166756 ] ] ], [ [ [ -78.05413204, 39.6535255 ], [ -78.05453256, 39.65336144 ], [ -78.05496768, 39.65361673 ], [ -78.0543369, 39.65391406 ], [ -78.05413204, 39.6535255 ] ] ], [ [ [ -78.04822565, 39.65130607 ], [ -78.04996136, 39.65122388 ], [ -78.05091629, 39.65060615 ], [ -78.0543643, 39.65328663 ], [ -78.05292736, 39.65349213 ], [ -78.05300935, 39.65456342 ], [ -78.05412072, 39.65560726 ], [ -78.05543429, 39.6560587 ], [ -78.05548282, 39.65671944 ], [ -78.04900139, 39.65279833 ], [ -78.04822565, 39.65130607 ] ] ], [ [ [ -78.05790873, 39.65707116 ], [ -78.05816681, 39.65675951 ], [ -78.05825529, 39.6571214 ], [ -78.05790873, 39.65707116 ] ] ], [ [ [ -77.48191815, 39.65782401 ], [ -77.47963173, 39.65693586 ], [ -77.47872994, 39.65625505 ], [ -77.4788666, 39.65572978 ], [ -77.47772873, 39.65505877 ], [ -77.47843863, 39.65184546 ], [ -77.48036968, 39.64995173 ], [ -77.48133062, 39.64763981 ], [ -77.48368817, 39.64596056 ], [ -77.4839465, 39.64917274 ], [ -77.48452112, 39.64966316 ], [ -77.48533445, 39.64996828 ], [ -77.48590297, 39.649416 ], [ -77.48818455, 39.64893901 ], [ -77.48859427, 39.64736315 ], [ -77.48970088, 39.64725595 ], [ -77.49025183, 39.64651983 ], [ -77.4917728, 39.64620178 ], [ -77.49239675, 39.64656804 ], [ -77.49309374, 39.64803669 ], [ -77.49243417, 39.65000943 ], [ -77.48909958, 39.65148209 ], [ -77.48792543, 39.65408468 ], [ -77.48447787, 39.65766156 ], [ -77.48191815, 39.65782401 ] ] ], [ [ [ -78.06048259, 39.65826193 ], [ -78.06123287, 39.65837068 ], [ -78.06145609, 39.65867558 ], [ -78.06041638, 39.65852488 ], [ -78.06048259, 39.65826193 ] ] ], [ [ [ -78.05548282, 39.65671944 ], [ -78.05644334, 39.65656499 ], [ -78.05691959, 39.65738416 ], [ -78.05894841, 39.65722188 ], [ -78.05843699, 39.65751358 ], [ -78.05868284, 39.65778824 ], [ -78.05950206, 39.65711004 ], [ -78.05498592, 39.65375359 ], [ -78.06077474, 39.65773748 ], [ -78.06097659, 39.65801374 ], [ -78.06048259, 39.65826193 ], [ -78.05955194, 39.65829876 ], [ -78.05928249, 39.65783537 ], [ -78.05850528, 39.65839895 ], [ -78.06071226, 39.66020306 ], [ -78.05548282, 39.65671944 ] ] ], [ [ [ -78.06145609, 39.65867558 ], [ -78.06240412, 39.65995657 ], [ -78.06244515, 39.66045422 ], [ -78.06155719, 39.65990206 ], [ -78.06145609, 39.65867558 ] ] ], [ [ [ -78.06244515, 39.66045422 ], [ -78.06279173, 39.66050445 ], [ -78.06272552, 39.6607674 ], [ -78.06237894, 39.66071717 ], [ -78.06244515, 39.66045422 ] ] ], [ [ [ -77.50463401, 39.66313343 ], [ -77.50482773, 39.6629113 ], [ -77.50480754, 39.66335419 ], [ -77.50463401, 39.66313343 ] ] ], [ [ [ -78.06622261, 39.66399964 ], [ -78.06628536, 39.66375035 ], [ -78.06653773, 39.6640453 ], [ -78.06622261, 39.66399964 ] ] ], [ [ [ -77.473637, 39.66476992 ], [ -77.47494896, 39.66387494 ], [ -77.47749995, 39.66098255 ], [ -77.47777329, 39.65993199 ], [ -77.47811946, 39.65998384 ], [ -77.47866611, 39.65788273 ], [ -77.47783266, 39.65693928 ], [ -77.47788443, 39.65571504 ], [ -77.47852045, 39.65567793 ], [ -77.47859328, 39.65678033 ], [ -77.48299858, 39.65844 ], [ -77.48302952, 39.65908191 ], [ -77.48212014, 39.65942587 ], [ -77.48158111, 39.66050225 ], [ -77.48075213, 39.66092386 ], [ -77.48047882, 39.66197442 ], [ -77.48013265, 39.66192258 ], [ -77.47992766, 39.6627105 ], [ -77.48027383, 39.66276234 ], [ -77.47931266, 39.66507426 ], [ -77.47896648, 39.66502241 ], [ -77.47792073, 39.66904132 ], [ -77.47352009, 39.66521915 ], [ -77.473637, 39.66476992 ] ] ], [ [ [ -77.50119671, 39.66944086 ], [ -77.50122854, 39.66944562 ], [ -77.50118095, 39.6695015 ], [ -77.50119671, 39.66944086 ] ] ], [ [ [ -77.50071396, 39.66991438 ], [ -77.50081628, 39.66992968 ], [ -77.5006633, 39.67010931 ], [ -77.50071396, 39.66991438 ] ] ], [ [ [ -77.50016295, 39.67065055 ], [ -77.50019988, 39.67065607 ], [ -77.50011089, 39.67076122 ], [ -77.50016295, 39.67065055 ] ] ], [ [ [ -78.22952451, 39.65730417 ], [ -78.22962963, 39.65766522 ], [ -78.23029523, 39.65752523 ], [ -78.22952451, 39.65730417 ], [ -78.23887485, 39.65263104 ], [ -78.24669284, 39.64633297 ], [ -78.24741553, 39.64634211 ], [ -78.24701532, 39.64619145 ], [ -78.24734317, 39.6456315 ], [ -78.25161055, 39.64460261 ], [ -78.25126431, 39.6458796 ], [ -78.2436925, 39.65002169 ], [ -78.24334376, 39.65084128 ], [ -78.23296725, 39.65717089 ], [ -78.23151477, 39.65886488 ], [ -78.23114403, 39.66203995 ], [ -78.23494675, 39.66876065 ], [ -78.2353202, 39.67117618 ], [ -78.23097906, 39.6666326 ], [ -78.22816625, 39.66449819 ], [ -78.22544224, 39.66321963 ], [ -78.22494718, 39.66205006 ], [ -78.22655132, 39.65897728 ], [ -78.22952451, 39.65730417 ] ] ], [ [ [ -77.49997694, 39.67104599 ], [ -77.50008998, 39.67080567 ], [ -77.50265042, 39.67074971 ], [ -77.50176768, 39.67217216 ], [ -77.49997694, 39.67104599 ] ] ], [ [ [ -78.06071226, 39.66020306 ], [ -78.06297761, 39.66168133 ], [ -78.06333961, 39.66149478 ], [ -78.06272552, 39.6607674 ], [ -78.06314251, 39.66071532 ], [ -78.06588474, 39.66320749 ], [ -78.06631113, 39.66436153 ], [ -78.06655547, 39.66406644 ], [ -78.07409074, 39.66909979 ], [ -78.08175144, 39.67224447 ], [ -78.07658333, 39.67087887 ], [ -78.07014018, 39.66774138 ], [ -78.0607867, 39.66065237 ], [ -78.06071226, 39.66020306 ] ] ], [ [ [ -77.49726143, 39.67212658 ], [ -77.49759339, 39.67222694 ], [ -77.49720946, 39.67232648 ], [ -77.49726143, 39.67212658 ] ] ], [ [ [ -77.49650068, 39.67228564 ], [ -77.49705001, 39.67236782 ], [ -77.49643807, 39.67252646 ], [ -77.49650068, 39.67228564 ] ] ], [ [ [ -77.49567164, 39.67270735 ], [ -77.49601788, 39.67275914 ], [ -77.4964057, 39.6725443 ], [ -77.49585439, 39.67286392 ], [ -77.49561619, 39.67292065 ], [ -77.49567164, 39.67270735 ] ] ], [ [ [ -77.4500909, 39.63504305 ], [ -77.44974488, 39.63499113 ], [ -77.44623179, 39.64019457 ], [ -77.44588575, 39.64014264 ], [ -77.44591828, 39.64217661 ], [ -77.44431551, 39.64754791 ], [ -77.44466396, 39.64805431 ], [ -77.44651535, 39.64851549 ], [ -77.44832771, 39.64733132 ], [ -77.44948522, 39.64728208 ], [ -77.45129765, 39.64559381 ], [ -77.45268195, 39.64580149 ], [ -77.4533275, 39.64637474 ], [ -77.45586506, 39.64600607 ], [ -77.45794155, 39.6463175 ], [ -77.46526928, 39.64441452 ], [ -77.46630752, 39.64457017 ], [ -77.46610243, 39.64535806 ], [ -77.46437201, 39.64509865 ], [ -77.46167593, 39.64578595 ], [ -77.46030822, 39.65103852 ], [ -77.46079527, 39.65193019 ], [ -77.46280109, 39.6520497 ], [ -77.46272973, 39.65336637 ], [ -77.46391874, 39.65512727 ], [ -77.46131154, 39.66237713 ], [ -77.45986897, 39.66340071 ], [ -77.460048, 39.66390683 ], [ -77.4616577, 39.66242902 ], [ -77.46426487, 39.65517915 ], [ -77.46322227, 39.65365846 ], [ -77.46314248, 39.65202194 ], [ -77.46522215, 39.65150232 ], [ -77.46589739, 39.65184737 ], [ -77.46833288, 39.65060419 ], [ -77.46853796, 39.64981629 ], [ -77.47032793, 39.64824902 ], [ -77.47095733, 39.64410737 ], [ -77.4720499, 39.6446122 ], [ -77.47246871, 39.64576646 ], [ -77.47741232, 39.6477027 ], [ -77.48160386, 39.64658926 ], [ -77.48174047, 39.64606398 ], [ -77.4827799, 39.64572367 ], [ -77.48271047, 39.64648212 ], [ -77.48098451, 39.64758797 ], [ -77.48002357, 39.64989988 ], [ -77.47898419, 39.6505934 ], [ -77.47820589, 39.65192205 ], [ -77.47731809, 39.65420602 ], [ -77.4774664, 39.65665358 ], [ -77.47831996, 39.65783089 ], [ -77.47777329, 39.65993199 ], [ -77.47742713, 39.65988015 ], [ -77.47715378, 39.6609307 ], [ -77.47508565, 39.66334967 ], [ -77.47242335, 39.66557018 ], [ -77.4697241, 39.66411152 ], [ -77.4682581, 39.66477768 ], [ -77.466122, 39.66207855 ], [ -77.46354197, 39.66501146 ], [ -77.45878377, 39.66618512 ], [ -77.45883574, 39.66786313 ], [ -77.46156012, 39.66741753 ], [ -77.46276509, 39.67053409 ], [ -77.4600084, 39.67114962 ], [ -77.45748944, 39.67297602 ], [ -77.45693279, 39.67133585 ], [ -77.45429153, 39.67141379 ], [ -77.45315541, 39.6683144 ], [ -77.45459121, 39.6667443 ], [ -77.45307693, 39.66451688 ], [ -77.45227829, 39.66511157 ], [ -77.45053037, 39.66305501 ], [ -77.44924911, 39.66333298 ], [ -77.44647391, 39.6594205 ], [ -77.44500125, 39.65832035 ], [ -77.44531844, 39.65793151 ], [ -77.44351061, 39.65603379 ], [ -77.44429328, 39.65558675 ], [ -77.4422133, 39.65315026 ], [ -77.44148906, 39.65358808 ], [ -77.43962682, 39.6522756 ], [ -77.43591296, 39.65095476 ], [ -77.43575691, 39.65039713 ], [ -77.43386231, 39.64933728 ], [ -77.43067504, 39.64847521 ], [ -77.43019518, 39.64633945 ], [ -77.43063298, 39.64321359 ], [ -77.43145642, 39.64340272 ], [ -77.43195707, 39.64221588 ], [ -77.41896196, 39.63899665 ], [ -77.41877628, 39.63823047 ], [ -77.4177554, 39.63801003 ], [ -77.4176121, 39.63746114 ], [ -77.4234061, 39.63896897 ], [ -77.42371174, 39.63827484 ], [ -77.42528146, 39.63867739 ], [ -77.42566221, 39.63780181 ], [ -77.4205476, 39.6364555 ], [ -77.42034684, 39.63549149 ], [ -77.4227176, 39.63611499 ], [ -77.42374044, 39.63289539 ], [ -77.41988447, 39.63250982 ], [ -77.42021227, 39.63088248 ], [ -77.42243661, 39.62799738 ], [ -77.42247942, 39.62884452 ], [ -77.42550673, 39.62807906 ], [ -77.42671542, 39.62597969 ], [ -77.42550054, 39.6257344 ], [ -77.4253567, 39.62502593 ], [ -77.42426389, 39.62466129 ], [ -77.42519194, 39.62480688 ], [ -77.42546262, 39.6235938 ], [ -77.4263, 39.62376408 ], [ -77.42699753, 39.62459646 ], [ -77.42777282, 39.62406359 ], [ -77.43021055, 39.62455932 ], [ -77.4306252, 39.62015387 ], [ -77.43822389, 39.62157477 ], [ -77.43756219, 39.62618992 ], [ -77.44404476, 39.62702151 ], [ -77.44356587, 39.63065348 ], [ -77.45023373, 39.6338309 ], [ -77.4500909, 39.63504305 ] ] ], [ [ [ -78.08175144, 39.67224447 ], [ -78.08305952, 39.67269131 ], [ -78.08335241, 39.67302127 ], [ -78.08209615, 39.67266603 ], [ -78.08175144, 39.67224447 ] ] ], [ [ [ -77.49525712, 39.6729182 ], [ -77.49548397, 39.67295214 ], [ -77.49521278, 39.67308877 ], [ -77.49525712, 39.6729182 ] ] ], [ [ [ -77.4948426, 39.67312905 ], [ -77.49509004, 39.67316607 ], [ -77.49478265, 39.67335965 ], [ -77.4948426, 39.67312905 ] ] ], [ [ [ -78.08335241, 39.67302127 ], [ -78.08380942, 39.67308742 ], [ -78.08397958, 39.67338458 ], [ -78.08328724, 39.6732804 ], [ -78.08335241, 39.67302127 ] ] ], [ [ [ -78.08397958, 39.67338458 ], [ -78.08447927, 39.67350766 ], [ -78.08497145, 39.67378981 ], [ -78.08475765, 39.67398877 ], [ -78.08397958, 39.67338458 ] ] ], [ [ [ -78.20794849, 39.6789995 ], [ -78.20847854, 39.67907566 ], [ -78.20805331, 39.67917891 ], [ -78.20794849, 39.6789995 ] ] ], [ [ [ -77.47931266, 39.66507426 ], [ -77.47984756, 39.66487196 ], [ -77.48069507, 39.6631278 ], [ -77.48027383, 39.66276234 ], [ -77.4810983, 39.6609757 ], [ -77.48144447, 39.66102754 ], [ -77.48406341, 39.65787237 ], [ -77.48506903, 39.65753569 ], [ -77.48716952, 39.65560872 ], [ -77.48971501, 39.65135105 ], [ -77.49171878, 39.65055953 ], [ -77.49275716, 39.65071495 ], [ -77.4926337, 39.65190184 ], [ -77.49348154, 39.65189687 ], [ -77.49669835, 39.65350073 ], [ -77.49361032, 39.65528122 ], [ -77.49439138, 39.65878684 ], [ -77.49577619, 39.6581343 ], [ -77.49813613, 39.66018949 ], [ -77.50121728, 39.65813176 ], [ -77.50120449, 39.66036604 ], [ -77.50463401, 39.66313343 ], [ -77.5037336, 39.6665989 ], [ -77.4989428, 39.67164943 ], [ -77.49656896, 39.67202299 ], [ -77.49324161, 39.67393026 ], [ -77.48743975, 39.67393137 ], [ -77.48529865, 39.67524812 ], [ -77.48377703, 39.67556609 ], [ -77.48343998, 39.67824435 ], [ -77.48378623, 39.67829619 ], [ -77.48299963, 39.67993682 ], [ -77.48069901, 39.67914602 ], [ -77.47930054, 39.67809318 ], [ -77.47827807, 39.67879564 ], [ -77.47758263, 39.67807065 ], [ -77.47883358, 39.67577944 ], [ -77.48127014, 39.6747562 ], [ -77.48032932, 39.67289071 ], [ -77.47757476, 39.67178375 ], [ -77.47931266, 39.66507426 ] ] ], [ [ [ -78.20223953, 39.68172118 ], [ -78.20292685, 39.68167349 ], [ -78.20216857, 39.68200518 ], [ -78.20223953, 39.68172118 ] ] ], [ [ [ -78.20058953, 39.6825739 ], [ -78.20134882, 39.68241057 ], [ -78.20141453, 39.68214754 ], [ -78.20178293, 39.68220049 ], [ -78.20047285, 39.6830409 ], [ -78.20058953, 39.6825739 ] ] ], [ [ [ -78.1996988, 39.68326329 ], [ -78.20004558, 39.68331314 ], [ -78.20039962, 39.68309155 ], [ -78.19950557, 39.68387161 ], [ -78.1996988, 39.68326329 ] ] ], [ [ [ -78.10902227, 39.68381939 ], [ -78.10797672, 39.68396884 ], [ -78.10663609, 39.68330736 ], [ -78.1089849, 39.68347982 ], [ -78.10902227, 39.68381939 ] ] ], [ [ [ -78.19857796, 39.68461782 ], [ -78.19874266, 39.6843287 ], [ -78.1989177, 39.68444998 ], [ -78.19871298, 39.68472086 ], [ -78.19857796, 39.68461782 ] ] ], [ [ [ -78.10902227, 39.68381939 ], [ -78.11084586, 39.6838159 ], [ -78.11381041, 39.68478371 ], [ -78.1109868, 39.68456646 ], [ -78.10902227, 39.68381939 ] ] ], [ [ [ -78.198309, 39.68531111 ], [ -78.19830294, 39.68517285 ], [ -78.19836766, 39.68520985 ], [ -78.198309, 39.68531111 ] ] ], [ [ [ -78.0904339, 39.67486359 ], [ -78.09301069, 39.67636046 ], [ -78.09442702, 39.67849882 ], [ -78.09634506, 39.67972963 ], [ -78.09593059, 39.67983993 ], [ -78.09617666, 39.68011452 ], [ -78.09689901, 39.67996817 ], [ -78.10617705, 39.68326577 ], [ -78.10386634, 39.68363141 ], [ -78.11016687, 39.68567249 ], [ -78.10733578, 39.68517447 ], [ -78.0980908, 39.68168842 ], [ -78.08527746, 39.67426181 ], [ -78.08926949, 39.67441368 ], [ -78.0904339, 39.67486359 ] ] ], [ [ [ -78.11086454, 39.68595701 ], [ -78.11070632, 39.68569787 ], [ -78.11324715, 39.68619316 ], [ -78.11175963, 39.68613123 ], [ -78.11086454, 39.68595701 ] ] ], [ [ [ -77.48364957, 39.67882147 ], [ -77.48420093, 39.67863113 ], [ -77.48378623, 39.67829619 ], [ -77.48412327, 39.67561792 ], [ -77.48564489, 39.67529994 ], [ -77.48737144, 39.67419401 ], [ -77.49316193, 39.67405917 ], [ -77.49591403, 39.67557364 ], [ -77.49512458, 39.67690077 ], [ -77.49325309, 39.67643064 ], [ -77.4916502, 39.67875193 ], [ -77.48787715, 39.67776866 ], [ -77.48717102, 39.67855905 ], [ -77.48825807, 39.68089039 ], [ -77.49130243, 39.68230589 ], [ -77.48987523, 39.68359623 ], [ -77.49187208, 39.68427241 ], [ -77.49014362, 39.68624597 ], [ -77.48743611, 39.68599152 ], [ -77.48603166, 39.68516514 ], [ -77.48443345, 39.68660153 ], [ -77.48251381, 39.68593961 ], [ -77.48533913, 39.683159 ], [ -77.48253324, 39.68172932 ], [ -77.48364957, 39.67882147 ] ] ], [ [ [ -78.19765434, 39.68569414 ], [ -78.19818156, 39.68551705 ], [ -78.19733714, 39.68696335 ], [ -78.19765434, 39.68569414 ] ] ], [ [ [ -78.19697886, 39.68695941 ], [ -78.19731111, 39.68700718 ], [ -78.19672982, 39.68795585 ], [ -78.19697886, 39.68695941 ] ] ], [ [ [ -77.48443345, 39.68660153 ], [ -77.48701292, 39.68887425 ], [ -77.48828576, 39.68918516 ], [ -77.48723751, 39.69042017 ], [ -77.4866665, 39.68978623 ], [ -77.48546793, 39.69041782 ], [ -77.48695416, 39.69098301 ], [ -77.48524611, 39.69082279 ], [ -77.48411581, 39.69186639 ], [ -77.48187198, 39.69205595 ], [ -77.47935966, 39.69097958 ], [ -77.48273881, 39.68681123 ], [ -77.48412613, 39.68771845 ], [ -77.48443345, 39.68660153 ] ], [ [ -77.48382764, 39.69058165 ], [ -77.4846307, 39.69041078 ], [ -77.48420138, 39.6897273 ], [ -77.48382764, 39.69058165 ], [ -77.48315374, 39.68927784 ], [ -77.48243075, 39.69178478 ], [ -77.48389903, 39.69175618 ], [ -77.48382764, 39.69058165 ] ] ], [ [ [ -78.19000131, 39.69331305 ], [ -78.19017933, 39.69309752 ], [ -78.19026679, 39.6930329 ], [ -78.19034814, 39.69336292 ], [ -78.19000131, 39.69331305 ] ] ], [ [ [ -78.11381041, 39.68478371 ], [ -78.12659004, 39.68722481 ], [ -78.12692029, 39.6876416 ], [ -78.1301726, 39.68787042 ], [ -78.12981078, 39.68800483 ], [ -78.130057, 39.68827935 ], [ -78.13025614, 39.68797583 ], [ -78.13110733, 39.68822508 ], [ -78.13099841, 39.68852565 ], [ -78.13308818, 39.68869727 ], [ -78.1360152, 39.69004469 ], [ -78.14414723, 39.69204541 ], [ -78.14458429, 39.69178191 ], [ -78.15198833, 39.69301765 ], [ -78.15138167, 39.69336119 ], [ -78.1496391, 39.69302612 ], [ -78.14883772, 39.69349446 ], [ -78.1498635, 39.69378384 ], [ -78.14478992, 39.69306208 ], [ -78.13130644, 39.68997698 ], [ -78.12727746, 39.68852234 ], [ -78.12030862, 39.68757349 ], [ -78.12331633, 39.6876822 ], [ -78.12218773, 39.68695259 ], [ -78.11956302, 39.68683699 ], [ -78.1201445, 39.68743506 ], [ -78.11866213, 39.68645633 ], [ -78.11556404, 39.6860474 ], [ -78.11381041, 39.68478371 ] ] ], [ [ [ -78.15198833, 39.69301765 ], [ -78.1556705, 39.69340633 ], [ -78.15573724, 39.69383041 ], [ -78.15284396, 39.69357201 ], [ -78.15198833, 39.69301765 ] ] ], [ [ [ -78.19166968, 39.69382545 ], [ -78.19488653, 39.69101824 ], [ -78.19575932, 39.68896389 ], [ -78.19669516, 39.68800853 ], [ -78.19556954, 39.68989242 ], [ -78.19774149, 39.69097607 ], [ -78.19585462, 39.69340753 ], [ -78.19462918, 39.6923597 ], [ -78.19253824, 39.69407972 ], [ -78.19153815, 39.69435149 ], [ -78.19166968, 39.69382545 ] ] ], [ [ [ -78.19001929, 39.69467804 ], [ -78.19008506, 39.69441502 ], [ -78.19043189, 39.69446489 ], [ -78.19036612, 39.69472792 ], [ -78.19001929, 39.69467804 ] ] ], [ [ [ -78.18960668, 39.69489118 ], [ -78.18967246, 39.69462816 ], [ -78.19001929, 39.69467804 ], [ -78.18995352, 39.69494106 ], [ -78.18960668, 39.69489118 ] ] ], [ [ [ -78.18919408, 39.69510433 ], [ -78.18925985, 39.6948413 ], [ -78.18960668, 39.69489118 ], [ -78.18954091, 39.69515421 ], [ -78.18919408, 39.69510433 ] ] ], [ [ [ -78.18884724, 39.69505445 ], [ -78.18919408, 39.69510433 ], [ -78.18893642, 39.69541626 ], [ -78.18884724, 39.69505445 ] ] ], [ [ [ -78.19119132, 39.69430162 ], [ -78.19165387, 39.69479613 ], [ -78.1901229, 39.69537054 ], [ -78.19093991, 39.69469421 ], [ -78.19119132, 39.69430162 ] ] ], [ [ [ -78.18911034, 39.69400236 ], [ -78.18914886, 39.69434012 ], [ -78.18960613, 39.69351005 ], [ -78.19000131, 39.69331305 ], [ -78.19009049, 39.69367485 ], [ -78.19056486, 39.69326796 ], [ -78.19411274, 39.68914472 ], [ -78.19823996, 39.68240782 ], [ -78.2010657, 39.67932024 ], [ -78.20394599, 39.6772852 ], [ -78.20686485, 39.67707328 ], [ -78.20734095, 39.67760958 ], [ -78.20771449, 39.677032 ], [ -78.21531983, 39.67749399 ], [ -78.22799065, 39.67697028 ], [ -78.23190559, 39.67536312 ], [ -78.23540871, 39.67128763 ], [ -78.23638558, 39.67127487 ], [ -78.23543723, 39.67376281 ], [ -78.23445721, 39.6733627 ], [ -78.23215723, 39.67543868 ], [ -78.22774307, 39.6774056 ], [ -78.22382639, 39.67725251 ], [ -78.22220174, 39.67780265 ], [ -78.21598016, 39.67830835 ], [ -78.21554732, 39.67801458 ], [ -78.21266883, 39.67862255 ], [ -78.21091971, 39.67860899 ], [ -78.21088109, 39.67827124 ], [ -78.21020699, 39.67888798 ], [ -78.20865545, 39.67904541 ], [ -78.209153, 39.67880684 ], [ -78.20890651, 39.67853248 ], [ -78.20702472, 39.67899474 ], [ -78.20719494, 39.67938212 ], [ -78.20680579, 39.67947945 ], [ -78.20629329, 39.67915459 ], [ -78.20520303, 39.67943016 ], [ -78.20453535, 39.68015956 ], [ -78.20208613, 39.68102087 ], [ -78.20223953, 39.68172118 ], [ -78.20024275, 39.68252405 ], [ -78.20011131, 39.68305011 ], [ -78.19865651, 39.68333557 ], [ -78.19697886, 39.68695941 ], [ -78.19663206, 39.68690955 ], [ -78.19575932, 39.68896389 ], [ -78.19541251, 39.68891403 ], [ -78.19508378, 39.69022916 ], [ -78.19310472, 39.69239692 ], [ -78.19266871, 39.69198524 ], [ -78.19196571, 39.6923264 ], [ -78.1927579, 39.69234705 ], [ -78.19262638, 39.6928731 ], [ -78.19119132, 39.69430162 ], [ -78.19043189, 39.69446489 ], [ -78.19100881, 39.69390963 ], [ -78.19076233, 39.69363523 ], [ -78.18802202, 39.69548073 ], [ -78.18722735, 39.69519799 ], [ -78.18911034, 39.69400236 ] ], [ [ -78.20187455, 39.68030635 ], [ -78.20345657, 39.67971419 ], [ -78.20393695, 39.67924042 ], [ -78.20481036, 39.67902515 ], [ -78.2042672, 39.67864648 ], [ -78.20393695, 39.67924042 ], [ -78.20324341, 39.67914074 ], [ -78.2037544, 39.67884844 ], [ -78.20350793, 39.67857407 ], [ -78.20283214, 39.67894539 ], [ -78.20324341, 39.67914074 ], [ -78.20269951, 39.67987998 ], [ -78.20103145, 39.68036929 ], [ -78.20112866, 39.68141269 ], [ -78.20187455, 39.68030635 ] ] ], [ [ [ -78.18802202, 39.69548073 ], [ -78.18842238, 39.69563157 ], [ -78.18806054, 39.69581849 ], [ -78.18802202, 39.69548073 ] ] ], [ [ [ -78.18506787, 39.69723568 ], [ -78.1842426, 39.69766194 ], [ -78.18199927, 39.69773038 ], [ -78.18327346, 39.69662831 ], [ -78.18614327, 39.69563679 ], [ -78.18506787, 39.69723568 ] ] ], [ [ [ -78.15573724, 39.69383041 ], [ -78.15627402, 39.69353387 ], [ -78.15863513, 39.69403037 ], [ -78.16047653, 39.69471804 ], [ -78.16008127, 39.69482206 ], [ -78.16032763, 39.69509652 ], [ -78.16052667, 39.69479295 ], [ -78.17235259, 39.69653379 ], [ -78.1749726, 39.69709715 ], [ -78.17564001, 39.69778273 ], [ -78.17274665, 39.69695579 ], [ -78.15218183, 39.69411632 ], [ -78.1537407, 39.69391121 ], [ -78.153996, 39.69429275 ], [ -78.15573724, 39.69383041 ] ] ], [ [ [ -78.1842426, 39.69766194 ], [ -78.18500208, 39.6974987 ], [ -78.18504059, 39.69783647 ], [ -78.18540245, 39.69764956 ], [ -78.18506787, 39.69723568 ], [ -78.1860819, 39.69711392 ], [ -78.1858931, 39.69768175 ], [ -78.18504096, 39.69802938 ], [ -78.1826413, 39.69844228 ], [ -78.1842426, 39.69766194 ] ] ] ] } }
]
}
